-- MySQL Script generated by MySQL Workbench
-- Tue Oct 30 11:09:19 2018
-- Model: New Model    Version: 1.0
-- MySQL Workbench Forward Engineering

SET @OLD_UNIQUE_CHECKS=@@UNIQUE_CHECKS, UNIQUE_CHECKS=0;
SET @OLD_FOREIGN_KEY_CHECKS=@@FOREIGN_KEY_CHECKS, FOREIGN_KEY_CHECKS=0;
SET @OLD_SQL_MODE=@@SQL_MODE, SQL_MODE='TRADITIONAL,ALLOW_INVALID_DATES';

-- -----------------------------------------------------
-- Schema app_baseapp
-- -----------------------------------------------------
SHOW WARNINGS;

-- -----------------------------------------------------
-- Table `roles`
-- -----------------------------------------------------
DROP TABLE IF EXISTS `roles` ;

SHOW WARNINGS;
CREATE TABLE IF NOT EXISTS `roles` (
  `id_role` INT(10) UNSIGNED NOT NULL AUTO_INCREMENT,
  `role_name` VARCHAR(50) NOT NULL,
  `role_deletable` TINYINT(1) NOT NULL DEFAULT 1,
  PRIMARY KEY (`id_role`))
ENGINE = InnoDB
AUTO_INCREMENT = 6
DEFAULT CHARACTER SET = utf8;

SHOW WARNINGS;

-- -----------------------------------------------------
-- Table `roles_permissions`
-- -----------------------------------------------------
DROP TABLE IF EXISTS `roles_permissions` ;

SHOW WARNINGS;
CREATE TABLE IF NOT EXISTS `roles_permissions` (
  `id_permission` INT(10) UNSIGNED NOT NULL AUTO_INCREMENT,
  `id_role` INT(10) UNSIGNED NOT NULL,
  `permission_group` VARCHAR(100) NOT NULL,
  `permission_item` VARCHAR(100) NOT NULL,
  `permission_value` TINYINT(1) NOT NULL,
  `permission_date` DATETIME NOT NULL,
  PRIMARY KEY (`id_permission`),
  CONSTRAINT `permissions_roles`
    FOREIGN KEY (`id_role`)
    REFERENCES `roles` (`id_role`)
    ON DELETE CASCADE
    ON UPDATE CASCADE)
ENGINE = InnoDB
AUTO_INCREMENT = 33
DEFAULT CHARACTER SET = utf8;

SHOW WARNINGS;
CREATE INDEX `permissions_roles_idx` ON `roles_permissions` (`id_role` ASC);

SHOW WARNINGS;
CREATE INDEX `permission` ON `roles_permissions` (`id_role` ASC, `permission_group` ASC, `permission_item` ASC);

SHOW WARNINGS;

-- -----------------------------------------------------
-- Table `users`
-- -----------------------------------------------------
DROP TABLE IF EXISTS `users` ;

SHOW WARNINGS;
CREATE TABLE IF NOT EXISTS `users` (
  `id_user` INT(10) UNSIGNED NOT NULL AUTO_INCREMENT,
  `user_name` VARCHAR(100) NOT NULL,
  `user_lastname` VARCHAR(100) NULL DEFAULT NULL,
  `user_address` VARCHAR(200) NULL DEFAULT NULL,
  `user_email` VARCHAR(254) NOT NULL,
  `user_cuit` VARCHAR(20) NULL DEFAULT NULL,
  `user_phone` VARCHAR(45) NULL DEFAULT NULL,
  `user_picture` VARCHAR(5) NULL DEFAULT NULL,
  `user_password` VARCHAR(128) NOT NULL,
  `user_language` VARCHAR(25) NOT NULL DEFAULT 'spnaish',
  `user_observations` TEXT NULL DEFAULT NULL,
  `user_password_restore` VARCHAR(128) NULL DEFAULT NULL,
  `user_registration_date` DATETIME NOT NULL DEFAULT CURRENT_TIMESTAMP,
  `user_last_login` DATETIME NULL DEFAULT NULL,
  `user_login_count` INT(11) NULL DEFAULT 0,
  `user_deletion_date` DATETIME NULL DEFAULT NULL,
  `user_pin` INT(4) NULL DEFAULT NULL,
  `user_archived` TINYINT(1) NOT NULL DEFAULT 0,
  `id_role` INT(10) UNSIGNED NOT NULL,
  PRIMARY KEY (`id_user`),
  CONSTRAINT `users_roles`
    FOREIGN KEY (`id_role`)
    REFERENCES `roles` (`id_role`)
    ON DELETE RESTRICT
    ON UPDATE CASCADE)
ENGINE = InnoDB
AUTO_INCREMENT = 6
DEFAULT CHARACTER SET = utf8;

SHOW WARNINGS;
CREATE INDEX `users_roles_idx` ON `users` (`id_role` ASC);

SHOW WARNINGS;
CREATE FULLTEXT INDEX `login_index` ON `users` (`user_email` ASC, `user_password` ASC);

SHOW WARNINGS;
CREATE UNIQUE INDEX `user_email_UNIQUE` ON `users` (`user_email` ASC);

SHOW WARNINGS;

-- -----------------------------------------------------
-- Table `users_settings`
-- -----------------------------------------------------
DROP TABLE IF EXISTS `users_settings` ;

SHOW WARNINGS;
CREATE TABLE IF NOT EXISTS `users_settings` (
  `id_setting` INT(10) UNSIGNED NOT NULL AUTO_INCREMENT,
  `id_user` INT(10) UNSIGNED NOT NULL,
  `setting_item` VARCHAR(100) NOT NULL,
  `setting_value` LONGTEXT NULL DEFAULT NULL,
  `setting_complex` TINYINT(1) NOT NULL DEFAULT 0,
  `date_creation` DATETIME NOT NULL,
  `date_expire` DATETIME NULL DEFAULT NULL,
  PRIMARY KEY (`id_setting`),
  CONSTRAINT `setting_user`
    FOREIGN KEY (`id_user`)
    REFERENCES `users` (`id_user`)
    ON DELETE CASCADE
    ON UPDATE CASCADE)
ENGINE = InnoDB
DEFAULT CHARACTER SET = utf8;

SHOW WARNINGS;
CREATE INDEX `setting_user_idx` ON `users_settings` (`id_user` ASC);

SHOW WARNINGS;
CREATE INDEX `setting_name` ON `users_settings` (`id_user` ASC, `setting_item` ASC);

SHOW WARNINGS;

-- -----------------------------------------------------
-- Table `users_notifications`
-- -----------------------------------------------------
DROP TABLE IF EXISTS `users_notifications` ;

SHOW WARNINGS;
CREATE TABLE IF NOT EXISTS `users_notifications` (
  `id_notification` INT UNSIGNED NOT NULL AUTO_INCREMENT,
  `id_user` INT UNSIGNED NOT NULL,
  `notif_group` VARCHAR(10) NULL DEFAULT 'app',
  `notif_title` VARCHAR(45) NULL,
  `notif_content` TEXT NULL DEFAULT NULL,
  `notif_url` VARCHAR(100) NULL DEFAULT NULL,
  `notif_date` DATETIME NOT NULL,
  `notif_readed` TINYINT(1) NOT NULL DEFAULT 0,
  `notif_token` VARCHAR(14) NOT NULL,
  `notif_mail` TINYINT NOT NULL DEFAULT 0,
  `notif_apearence` VARCHAR(30) NULL DEFAULT NULL,
  PRIMARY KEY (`id_notification`),
  CONSTRAINT `notification_user`
    FOREIGN KEY (`id_user`)
    REFERENCES `users` (`id_user`)
    ON DELETE CASCADE
    ON UPDATE CASCADE)
ENGINE = InnoDB;

SHOW WARNINGS;
CREATE INDEX `notification_user_idx` ON `users_notifications` (`id_user` ASC);

SHOW WARNINGS;
CREATE INDEX `notif_token` ON `users_notifications` (`id_user` ASC, `notif_token` ASC);

SHOW WARNINGS;
CREATE INDEX `notif_readed` ON `users_notifications` (`notif_readed` ASC);

SHOW WARNINGS;

-- -----------------------------------------------------
-- Table `app_configurations`
-- -----------------------------------------------------
DROP TABLE IF EXISTS `app_configurations` ;

SHOW WARNINGS;
CREATE TABLE IF NOT EXISTS `app_configurations` (
  `id_configuration` INT UNSIGNED NOT NULL AUTO_INCREMENT,
  `config_scope` VARCHAR(45) NOT NULL,
  `config_item` VARCHAR(45) NOT NULL,
  `config_reference` VARCHAR(45) NULL DEFAULT NULL,
  `config_value` LONGTEXT NULL DEFAULT NULL,
  PRIMARY KEY (`id_configuration`))
ENGINE = InnoDB;

SHOW WARNINGS;
CREATE INDEX `cfg_search` ON `app_configurations` (`config_scope` ASC, `config_item` ASC);

SHOW WARNINGS;

-- -----------------------------------------------------
-- Table `system_updates`
-- -----------------------------------------------------
DROP TABLE IF EXISTS `system_updates` ;

SHOW WARNINGS;
CREATE TABLE IF NOT EXISTS `system_updates` (
  `id_update` INT UNSIGNED NOT NULL AUTO_INCREMENT,
  `updated` DATETIME NOT NULL DEFAULT CURRENT_TIMESTAMP,
  `database_version` VARCHAR(12) NOT NULL,
  `code_version` VARCHAR(12) NOT NULL,
  `comment` TEXT NULL DEFAULT NULL,
  PRIMARY KEY (`id_update`))
ENGINE = InnoDB;

SHOW WARNINGS;

-- -----------------------------------------------------
-- Table `properties`
-- -----------------------------------------------------
DROP TABLE IF EXISTS `properties` ;

SHOW WARNINGS;
CREATE TABLE IF NOT EXISTS `properties` (
  `id_property` INT UNSIGNED NOT NULL AUTO_INCREMENT,
  `property_name` VARCHAR(100) NOT NULL,
  `property_address` VARCHAR(150) NOT NULL,
  `property_year` YEAR NULL DEFAULT NULL,
  `property_ambiences_qty` TINYINT UNSIGNED NULL DEFAULT NULL,
  `property_bathrooms_qty` TINYINT UNSIGNED NULL DEFAULT NULL,
  `property_rooms_qty` TINYINT UNSIGNED NULL DEFAULT NULL,
  `property_square_meter` TINYINT UNSIGNED NULL DEFAULT NULL,
  `property_garage` TINYINT(1) NOT NULL DEFAULT 0,
  `property_balcony` TINYINT(1) NOT NULL DEFAULT 0,
  `property_building_name` VARCHAR(100) NULL DEFAULT NULL,
  `property_cadastre_number` VARCHAR(50) NULL DEFAULT NULL,
  `id_user_consortium` INT UNSIGNED NOT NULL,
  `property_observations` TEXT NULL DEFAULT NULL,
  `property_archived` TINYINT(1) NOT NULL DEFAULT 0,
  `creation_date` DATETIME NOT NULL DEFAULT CURRENT_TIMESTAMP,
  `modificaction_date` DATETIME NOT NULL DEFAULT CURRENT_TIMESTAMP ON UPDATE CURRENT_TIMESTAMP,
  `deletion_date` DATETIME NULL DEFAULT NULL,
  PRIMARY KEY (`id_property`),
  CONSTRAINT `property_consortium`
    FOREIGN KEY (`id_user_consortium`)
    REFERENCES `users` (`id_user`)
    ON DELETE RESTRICT
    ON UPDATE CASCADE)
ENGINE = InnoDB;

SHOW WARNINGS;
CREATE INDEX `property_consortium_idx` ON `properties` (`id_user_consortium` ASC);

SHOW WARNINGS;

-- -----------------------------------------------------
-- Table `contracts`
-- -----------------------------------------------------
DROP TABLE IF EXISTS `contracts` ;

SHOW WARNINGS;
CREATE TABLE IF NOT EXISTS `contracts` (
  `id_contract` INT UNSIGNED NOT NULL AUTO_INCREMENT,
  `id_property` INT UNSIGNED NOT NULL,
  `id_user_tenant` INT UNSIGNED NOT NULL,
  `contract_date_start` DATE NOT NULL,
  `contract_date_end` DATE NOT NULL,
  `contract_rent_price` DOUBLE(10,2) NOT NULL DEFAULT 0,
  `contract_interest` DOUBLE(10,5) NOT NULL DEFAULT 0,
  `contract_tenant_attachments` VARCHAR(100) NULL DEFAULT NULL,
  `contract_gas_check` TINYINT(1) NOT NULL DEFAULT 0,
  `contract_electricity_check` TINYINT(1) NOT NULL DEFAULT 0,
  `contract_expenses_check` TINYINT(1) NOT NULL DEFAULT 0,
  `contract_expenses_attachments` VARCHAR(100) NULL DEFAULT NULL,
  `contract_payday_start` TINYINT NOT NULL DEFAULT 1,
  `contract_payday_limit` TINYINT NOT NULL DEFAULT 10,
  `contract_observations` TEXT NULL DEFAULT NULL,
  `contract_voided` TINYINT(1) NOT NULL DEFAULT 0,
  `contract_archived` TINYINT(1) NULL DEFAULT 0,
  `contract_commission` DOUBLE(10,2) NOT NULL DEFAULT 0.00,
  `creation_date` DATETIME NOT NULL DEFAULT CURRENT_TIMESTAMP,
  `modification_date` DATETIME NOT NULL DEFAULT CURRENT_TIMESTAMP ON UPDATE CURRENT_TIMESTAMP,
  `deletion_date` DATETIME NULL DEFAULT NULL,
  PRIMARY KEY (`id_contract`),
  CONSTRAINT `contract_property`
    FOREIGN KEY (`id_property`)
    REFERENCES `properties` (`id_property`)
    ON DELETE RESTRICT
    ON UPDATE CASCADE,
  CONSTRAINT `contract_tenant`
    FOREIGN KEY (`id_user_tenant`)
    REFERENCES `users` (`id_user`)
    ON DELETE RESTRICT
    ON UPDATE CASCADE)
ENGINE = InnoDB;

SHOW WARNINGS;
CREATE INDEX `inmueble_idx` ON `contracts` (`id_property` ASC);

SHOW WARNINGS;
CREATE INDEX `contract_tenant_idx` ON `contracts` (`id_user_tenant` ASC);

SHOW WARNINGS;

-- -----------------------------------------------------
-- Table `contract_bonifications`
-- -----------------------------------------------------
DROP TABLE IF EXISTS `contract_bonifications` ;

SHOW WARNINGS;
CREATE TABLE IF NOT EXISTS `contract_bonifications` (
  `id_bonification` INT UNSIGNED NOT NULL AUTO_INCREMENT,
  `id_contract` INT UNSIGNED NOT NULL,
  `bonification_name` VARCHAR(100) NOT NULL,
  `bonification_rate` DOUBLE(12,2) NOT NULL DEFAULT 0,
  `bonification_date_start` DATE NOT NULL,
  `bonification_date_end` DATE NOT NULL,
  `bonification_observations` TEXT NULL DEFAULT NULL,
  `creation_date` DATETIME NOT NULL DEFAULT CURRENT_TIMESTAMP,
  `modification_date` DATETIME NOT NULL DEFAULT CURRENT_TIMESTAMP ON UPDATE CURRENT_TIMESTAMP,
  `deletion_date` DATETIME NULL DEFAULT NULL,
  PRIMARY KEY (`id_bonification`),
  CONSTRAINT `bonification_contract`
    FOREIGN KEY (`id_contract`)
    REFERENCES `contracts` (`id_contract`)
    ON DELETE CASCADE
    ON UPDATE CASCADE)
ENGINE = InnoDB;

SHOW WARNINGS;
CREATE INDEX `bonificaciones_contrato_idx` ON `contract_bonifications` (`id_contract` ASC);

SHOW WARNINGS;

-- -----------------------------------------------------
-- Table `expense_types`
-- -----------------------------------------------------
DROP TABLE IF EXISTS `expense_types` ;

SHOW WARNINGS;
CREATE TABLE IF NOT EXISTS `expense_types` (
  `id_expense_type` INT UNSIGNED NOT NULL AUTO_INCREMENT,
  `type_name` VARCHAR(100) NOT NULL,
  `type_description` TEXT NULL DEFAULT NULL,
  `type_order` TINYINT NOT NULL DEFAULT 0,
  `creation_date` DATETIME NOT NULL DEFAULT CURRENT_TIMESTAMP,
  `modification_date` DATETIME NOT NULL DEFAULT CURRENT_TIMESTAMP ON UPDATE CURRENT_TIMESTAMP,
  `deletion_date` DATETIME NULL DEFAULT NULL,
  PRIMARY KEY (`id_expense_type`))
ENGINE = InnoDB;

SHOW WARNINGS;

-- -----------------------------------------------------
-- Table `expenses`
-- -----------------------------------------------------
DROP TABLE IF EXISTS `expenses` ;

SHOW WARNINGS;
CREATE TABLE IF NOT EXISTS `expenses` (
  `id_expense` INT UNSIGNED NOT NULL AUTO_INCREMENT,
  `id_expense_type` INT UNSIGNED NOT NULL,
  `expense_name` VARCHAR(100) NOT NULL,
  `expense_description` TEXT NULL DEFAULT NULL,
  `expense_website` VARCHAR(150) NULL DEFAULT NULL,
  `creation_date` DATETIME NOT NULL DEFAULT CURRENT_TIMESTAMP,
  `modification_date` DATETIME NOT NULL DEFAULT CURRENT_TIMESTAMP ON UPDATE CURRENT_TIMESTAMP,
  `deletion_date` DATETIME NULL DEFAULT NULL,
  PRIMARY KEY (`id_expense`),
  CONSTRAINT `expense_type`
    FOREIGN KEY (`id_expense_type`)
    REFERENCES `expense_types` (`id_expense_type`)
    ON DELETE NO ACTION
    ON UPDATE NO ACTION)
ENGINE = InnoDB;

SHOW WARNINGS;

-- -----------------------------------------------------
-- Table `property_expenses`
-- -----------------------------------------------------
DROP TABLE IF EXISTS `property_expenses` ;

SHOW WARNINGS;
CREATE TABLE IF NOT EXISTS `property_expenses` (
  `id_property_expense` INT UNSIGNED NOT NULL AUTO_INCREMENT,
  `id_property` INT UNSIGNED NOT NULL,
  `id_expense` INT UNSIGNED NOT NULL,
  `expense_identification` VARCHAR(100) NULL DEFAULT NULL,
  `expense_payable` TINYINT(1) NOT NULL DEFAULT 0,
  `expense_chargeable` TINYINT(1) NOT NULL DEFAULT 0,
  `expense_checkable` TINYINT(1) NOT NULL DEFAULT 0,
  `expense_periodicity` TINYINT NOT NULL DEFAULT 1,
  `expense_date_start` DATE NULL DEFAULT NULL,
  `expense_observations` TEXT NULL,
  `creation_date` DATETIME NOT NULL DEFAULT CURRENT_TIMESTAMP,
  `modification_date` DATETIME NOT NULL DEFAULT CURRENT_TIMESTAMP ON UPDATE CURRENT_TIMESTAMP,
  `deletion_date` DATETIME NULL DEFAULT NULL,
  PRIMARY KEY (`id_property_expense`),
  CONSTRAINT `property_expenses_property`
    FOREIGN KEY (`id_property`)
    REFERENCES `properties` (`id_property`)
    ON DELETE CASCADE
    ON UPDATE CASCADE,
  CONSTRAINT `property_expenses_expense`
    FOREIGN KEY (`id_expense`)
    REFERENCES `expenses` (`id_expense`)
    ON DELETE CASCADE
    ON UPDATE CASCADE)
ENGINE = InnoDB;

SHOW WARNINGS;
CREATE INDEX `gastosinmuebles_gastos_idx` ON `property_expenses` (`id_property` ASC);

SHOW WARNINGS;
CREATE INDEX `property_expenses_expense_idx` ON `property_expenses` (`id_expense` ASC);

SHOW WARNINGS;

-- -----------------------------------------------------
-- Table `ownerships`
-- -----------------------------------------------------
DROP TABLE IF EXISTS `ownerships` ;

SHOW WARNINGS;
CREATE TABLE IF NOT EXISTS `ownerships` (
  `id_ownership` INT UNSIGNED NOT NULL AUTO_INCREMENT,
  `id_property` INT UNSIGNED NOT NULL,
  `id_user_owner` INT UNSIGNED NOT NULL,
  `ownership_date_start` DATE NOT NULL DEFAULT "2018-01-01",
  `ownership_date_end` DATE NULL DEFAULT NULL,
  `ownership_administrative_rate` DOUBLE(10,4) NOT NULL DEFAULT 0.05,
  `creation_date` DATETIME NOT NULL DEFAULT CURRENT_TIMESTAMP,
  `modification_date` DATETIME NOT NULL DEFAULT CURRENT_TIMESTAMP ON UPDATE CURRENT_TIMESTAMP,
  `deletion_date` DATETIME NULL DEFAULT NULL,
  PRIMARY KEY (`id_ownership`),
  CONSTRAINT `ownerships_property`
    FOREIGN KEY (`id_property`)
    REFERENCES `properties` (`id_property`)
    ON DELETE CASCADE
    ON UPDATE CASCADE,
  CONSTRAINT `ownerships_users_owner`
    FOREIGN KEY (`id_user_owner`)
    REFERENCES `users` (`id_user`)
    ON DELETE CASCADE
    ON UPDATE CASCADE)
ENGINE = InnoDB;

SHOW WARNINGS;
CREATE INDEX `propiedades_inmuebles_idx` ON `ownerships` (`id_property` ASC);

SHOW WARNINGS;
CREATE INDEX `ownerships_users_idx` ON `ownerships` (`id_user_owner` ASC);

SHOW WARNINGS;

-- -----------------------------------------------------
-- Table `contract_guarantors`
-- -----------------------------------------------------
DROP TABLE IF EXISTS `contract_guarantors` ;

SHOW WARNINGS;
CREATE TABLE IF NOT EXISTS `contract_guarantors` (
  `id_guarantor` INT UNSIGNED NOT NULL AUTO_INCREMENT,
  `id_user_guarantor` INT UNSIGNED NOT NULL,
  `id_contract` INT UNSIGNED NOT NULL,
  `guarantor_attachments` VARCHAR(100) NULL DEFAULT NULL,
  `guarantor_observations` VARCHAR(100) NULL DEFAULT NULL,
  `creation_date` DATETIME NOT NULL DEFAULT CURRENT_TIMESTAMP,
  `modification_date` DATETIME NOT NULL DEFAULT CURRENT_TIMESTAMP ON UPDATE CURRENT_TIMESTAMP,
  `deletion_date` DATETIME NULL DEFAULT NULL,
  PRIMARY KEY (`id_guarantor`),
  CONSTRAINT `guarantor_user`
    FOREIGN KEY (`id_user_guarantor`)
    REFERENCES `users` (`id_user`)
    ON DELETE RESTRICT
    ON UPDATE CASCADE,
  CONSTRAINT `guarantor_contract`
    FOREIGN KEY (`id_contract`)
    REFERENCES `contracts` (`id_contract`)
    ON DELETE CASCADE
    ON UPDATE CASCADE)
ENGINE = InnoDB;

SHOW WARNINGS;
CREATE INDEX `relaciones_contrato_idx` ON `contract_guarantors` (`id_contract` ASC);

SHOW WARNINGS;
CREATE INDEX `relaciones_usuario_idx` ON `contract_guarantors` (`id_user_guarantor` ASC);

SHOW WARNINGS;

-- -----------------------------------------------------
-- Table `property_maintenances`
-- -----------------------------------------------------
DROP TABLE IF EXISTS `property_maintenances` ;

SHOW WARNINGS;
CREATE TABLE IF NOT EXISTS `property_maintenances` (
  `id_maintenance` INT UNSIGNED NOT NULL AUTO_INCREMENT,
  `id_property` INT UNSIGNED NOT NULL,
  `maintenance_name` VARCHAR(100) NOT NULL,
  `maintenance_description` TEXT NULL DEFAULT NULL,
  `maintenance_date` DATE NULL,
  `id_maintenance_quote` INT UNSIGNED NULL DEFAULT NULL,
  `maintenance_completed` TINYINT(1) NOT NULL DEFAULT 0,
  `maintenance_owner_cost` DOUBLE(10,2) NULL DEFAULT 0,
  `maintenance_tenant_cost` DOUBLE(10,2) NULL DEFAULT 0,
  `maintenance_administrative_fee` DOUBLE(10,2) NULL DEFAULT 0,
  `maintenance_status` TINYINT NOT NULL DEFAULT 0 COMMENT '0=pending|1=approveed|2=rejected',
  `maintenance_observations` TEXT NULL DEFAULT NULL,
  `maintenance_archived` TINYINT(1) NOT NULL DEFAULT 0,
  `creation_date` DATETIME NOT NULL DEFAULT CURRENT_TIMESTAMP,
  `modification_date` DATETIME NOT NULL DEFAULT CURRENT_TIMESTAMP ON UPDATE CURRENT_TIMESTAMP,
  `deletion_date` DATETIME NULL DEFAULT NULL,
  PRIMARY KEY (`id_maintenance`),
  CONSTRAINT `maintenance_property`
    FOREIGN KEY (`id_property`)
    REFERENCES `properties` (`id_property`)
    ON DELETE RESTRICT
    ON UPDATE CASCADE)
ENGINE = InnoDB;

SHOW WARNINGS;
CREATE INDEX `mantenimiento_inmueble_idx` ON `property_maintenances` (`id_property` ASC);

SHOW WARNINGS;

-- -----------------------------------------------------
-- Table `property_maintenance_quotes`
-- -----------------------------------------------------
DROP TABLE IF EXISTS `property_maintenance_quotes` ;

SHOW WARNINGS;
CREATE TABLE IF NOT EXISTS `property_maintenance_quotes` (
  `id_maintenance_quote` INT UNSIGNED NOT NULL AUTO_INCREMENT,
  `id_maintenance` INT UNSIGNED NOT NULL,
  `id_user_professional` INT UNSIGNED NOT NULL,
  `quote_observations` TEXT NULL DEFAULT NULL,
  `quote_price` DOUBLE(10,2) NOT NULL DEFAULT 0,
  `quote_attachments` VARCHAR(100) NULL DEFAULT NULL,
  `quote_ready` TINYINT(1) NOT NULL DEFAULT 0,
  PRIMARY KEY (`id_maintenance_quote`),
  CONSTRAINT `quote_maintenance`
    FOREIGN KEY (`id_maintenance`)
    REFERENCES `property_maintenances` (`id_maintenance`)
    ON DELETE CASCADE
    ON UPDATE CASCADE,
  CONSTRAINT `quote_professional`
    FOREIGN KEY (`id_user_professional`)
    REFERENCES `users` (`id_user`)
    ON DELETE RESTRICT
    ON UPDATE CASCADE)
ENGINE = InnoDB;

SHOW WARNINGS;
CREATE INDEX `quote_maintenance_idx` ON `property_maintenance_quotes` (`id_maintenance` ASC);

SHOW WARNINGS;
CREATE INDEX `quote_professional_idx` ON `property_maintenance_quotes` (`id_user_professional` ASC);

SHOW WARNINGS;

-- -----------------------------------------------------
-- Table `files`
-- -----------------------------------------------------
DROP TABLE IF EXISTS `files` ;

SHOW WARNINGS;
CREATE TABLE IF NOT EXISTS `files` (
  `id_file` INT UNSIGNED NOT NULL AUTO_INCREMENT,
  `id_user` INT UNSIGNED NOT NULL,
  `file_name` VARCHAR(255) NOT NULL,
  `file_description` TEXT NULL DEFAULT NULL,
  `file_type` VARCHAR(35) NULL DEFAULT NULL,
  `file_size` INT NOT NULL DEFAULT 0,
  `file_ext` VARCHAR(5) NOT NULL,
  `is_image` TINYINT(1) NOT NULL DEFAULT 0,
  `file_key` VARCHAR(60) NULL DEFAULT NULL,
  `file_cleanup` DATETIME NULL DEFAULT NULL,
  PRIMARY KEY (`id_file`))
ENGINE = InnoDB;

SHOW WARNINGS;

-- -----------------------------------------------------
-- Table `accounts`
-- -----------------------------------------------------
DROP TABLE IF EXISTS `accounts` ;

SHOW WARNINGS;
CREATE TABLE IF NOT EXISTS `accounts` (
  `id_account` INT UNSIGNED NOT NULL AUTO_INCREMENT,
  `id_user_owner` INT UNSIGNED NULL DEFAULT NULL,
  `account_name` VARCHAR(100) NOT NULL,
  `account_balance` DOUBLE(12,4) NULL DEFAULT 0,
  PRIMARY KEY (`id_account`))
ENGINE = InnoDB;

SHOW WARNINGS;

-- -----------------------------------------------------
-- Table `receipts`
-- -----------------------------------------------------
DROP TABLE IF EXISTS `receipts` ;

SHOW WARNINGS;
CREATE TABLE IF NOT EXISTS `receipts` (
  `id_receipt` INT UNSIGNED NOT NULL AUTO_INCREMENT,
  `receipt_date` DATE NOT NULL,
  `id_user_issuer` INT NOT NULL,
  `id_user_receiver` INT NULL DEFAULT NULL,
  `receipt_payed` TINYINT(1) NULL DEFAULT 0,
  `receipt_pay_date` DATETIME NULL DEFAULT NULL,
  `receipt_voided` TINYINT(1) NOT NULL DEFAULT 0,
  `receipt_description` TEXT NULL DEFAULT NULL,
  `receipt_observations` TEXT NULL DEFAULT NULL,
  `receipt_attachments` VARCHAR(100) NULL DEFAULT NULL,
  PRIMARY KEY (`id_receipt`))
ENGINE = InnoDB;

SHOW WARNINGS;

-- -----------------------------------------------------
-- Table `_periods`
-- -----------------------------------------------------
DROP TABLE IF EXISTS `_periods` ;

SHOW WARNINGS;
CREATE TABLE IF NOT EXISTS `_periods` (
  `id_period` INT UNSIGNED NOT NULL AUTO_INCREMENT,
  `period_year` YEAR NOT NULL,
  `period_month` TINYINT NOT NULL,
  `period_code` VARCHAR(10) NOT NULL,
  PRIMARY KEY (`id_period`))
ENGINE = InnoDB;

SHOW WARNINGS;

-- -----------------------------------------------------
-- Table `receipt_details`
-- -----------------------------------------------------
DROP TABLE IF EXISTS `receipt_details` ;

SHOW WARNINGS;
CREATE TABLE IF NOT EXISTS `receipt_details` (
  `id_receipt_detail` INT UNSIGNED NOT NULL AUTO_INCREMENT,
  `id_receipt` INT UNSIGNED NULL DEFAULT NULL COMMENT 'Los detalles estan siempre pendientes, hasta que se asignan a un cupon.',
  `id_expense_type` INT UNSIGNED NULL DEFAULT NULL,
  `id_period` INT UNSIGNED NOT NULL,
  `id_property` INT UNSIGNED NULL DEFAULT NULL,
  `detail_description` TEXT NULL DEFAULT NULL COMMENT 'Detalle',
  `detail_info` TEXT NULL DEFAULT NULL COMMENT 'Campo para texo descriptivo adicional.',
  `detail_ammount` DOUBLE(12,5) NULL DEFAULT NULL COMMENT 'Importe',
  `id_issuing_account` INT NOT NULL,
  `id_receiving_account` INT NOT NULL,
  `detail_concept` VARCHAR(45) NULL DEFAULT NULL,
  `detail_observations` TEXT NULL DEFAULT NULL COMMENT 'Observaciones cargadas por el operador.',
  `detail_expire_date` DATE NULL DEFAULT NULL COMMENT 'Fecha limite para el pago sin intereses.',
  `detail_interest_since` DATE NULL DEFAULT NULL COMMENT 'Fecha a partir de la cual se cuenta para intereses.',
  `detail_interest_rate` DOUBLE(10,5) NOT NULL DEFAULT 0 COMMENT 'Tasa de interes diaria.',
  `detail_original_ammount` DOUBLE(10,5) NULL DEFAULT NULL COMMENT 'Importe original del comprobante.',
  `detail_attachments` VARCHAR(100) NULL DEFAULT NULL,
  `detail_custom` TINYINT(1) NOT NULL DEFAULT 0 COMMENT 'Indica si el detalle fue creado manualmente.',
  `detail_id_user_modifier` INT UNSIGNED NULL DEFAULT NULL COMMENT 'ID del usuario que creo o modifico este detalle.',
  `detail_id_detail_sibling` INT NULL DEFAULT NULL COMMENT 'Indica otro detalle, del cual obtendra el importe si ese se modifcase.',
  `creation_date` DATETIME NOT NULL DEFAULT CURRENT_TIMESTAMP,
  `modification_date` DATETIME NULL DEFAULT NULL ON UPDATE CURRENT_TIMESTAMP,
  `_checked` TINYINT UNSIGNED NOT NULL DEFAULT 1 COMMENT 'Persistencia del estado de seleccion de un detalle en los cupones sin generar.',
  PRIMARY KEY (`id_receipt_detail`),
  CONSTRAINT `receipt_detail_recipt`
    FOREIGN KEY (`id_receipt`)
    REFERENCES `receipts` (`id_receipt`)
    ON DELETE SET NULL
    ON UPDATE CASCADE,
  CONSTRAINT `receipt_detail_period`
    FOREIGN KEY (`id_period`)
    REFERENCES `_periods` (`id_period`)
    ON DELETE CASCADE
    ON UPDATE CASCADE)
ENGINE = InnoDB;

SHOW WARNINGS;
CREATE INDEX `recipt_detail_recipt_idx` ON `receipt_details` (`id_receipt` ASC);

SHOW WARNINGS;
CREATE INDEX `receipt_detail_period_idx` ON `receipt_details` (`id_period` ASC);

SHOW WARNINGS;

-- -----------------------------------------------------
-- Table `account_transactions`
-- -----------------------------------------------------
DROP TABLE IF EXISTS `account_transactions` ;

SHOW WARNINGS;
CREATE TABLE IF NOT EXISTS `account_transactions` (
  `id_transaction` INT UNSIGNED NOT NULL AUTO_INCREMENT,
  `id_account` INT UNSIGNED NOT NULL,
  `transaction_ammount` DOUBLE(12,4) NULL,
  `transaction_id` VARCHAR(32) NULL,
  `transaction_date` TIMESTAMP NOT NULL DEFAULT CURRENT_TIMESTAMP,
  `id_receipt_detail` INT UNSIGNED NULL DEFAULT NULL,
  `id_user` INT UNSIGNED NULL DEFAULT NULL,
  `transaction_observations` TEXT NULL DEFAULT NULL,
  `transaction_type` INT NULL DEFAULT NULL COMMENT '1=extracciones,2=pagos',
  `transaction_attachments` VARCHAR(100) NULL DEFAULT NULL,
  PRIMARY KEY (`id_transaction`),
  CONSTRAINT `transaction_originant`
    FOREIGN KEY (`id_receipt_detail`)
    REFERENCES `receipt_details` (`id_receipt_detail`)
    ON DELETE SET NULL
    ON UPDATE CASCADE,
  CONSTRAINT `transaction_account`
    FOREIGN KEY (`id_account`)
    REFERENCES `accounts` (`id_account`)
    ON DELETE CASCADE
    ON UPDATE CASCADE,
  CONSTRAINT `transaction_user`
    FOREIGN KEY (`id_user`)
    REFERENCES `users` (`id_user`)
    ON DELETE SET NULL
    ON UPDATE CASCADE)
ENGINE = InnoDB;

SHOW WARNINGS;
CREATE INDEX `transaction_originant_idx` ON `account_transactions` (`id_receipt_detail` ASC);

SHOW WARNINGS;
CREATE INDEX `transaction_account_idx` ON `account_transactions` (`id_account` ASC);

SHOW WARNINGS;
CREATE INDEX `transaction_user_idx` ON `account_transactions` (`id_user` ASC);

SHOW WARNINGS;

-- -----------------------------------------------------
-- View `vw_guarantors`
-- -----------------------------------------------------
DROP VIEW IF EXISTS `vw_guarantors` ;
SHOW WARNINGS;
CREATE  OR REPLACE VIEW `vw_guarantors` AS
SELECT
    CG.*,
	-- Garantes.
	G.user_name 		'guarantor_user_name',
	G.user_lastname 	'guarantor_user_lastname',
	G.user_address 		'guarantor_user_address',
	G.user_email 		'guarantor_user_email',
	G.user_phone 		'guarantor_user_phone',
	G.user_cuit 		'guarantor_user_cuit'
FROM
	contract_guarantors CG
    LEFT JOIN users G ON G.id_user = CG.id_user_guarantor;
SHOW WARNINGS;

-- -----------------------------------------------------
-- View `vw_expenses`
-- -----------------------------------------------------
DROP VIEW IF EXISTS `vw_expenses` ;
SHOW WARNINGS;
CREATE  OR REPLACE VIEW `vw_expenses` AS
SELECT
	E.*,
	ET.type_name,
    ET.type_description
FROM
	expenses E
	LEFT JOIN expense_types ET ON ET.id_expense_type = E.id_expense_type;
SHOW WARNINGS;

-- -----------------------------------------------------
-- View `vw_contracts`
-- -----------------------------------------------------
DROP VIEW IF EXISTS `vw_contracts` ;
SHOW WARNINGS;
CREATE  OR REPLACE VIEW `vw_contracts` AS
SELECT 
	-- Contracto
    C.*,
	-- Inmueble.
	P.property_name,
	P.property_address,
	P.property_year,
	P.property_ambiences_qty,
	P.property_bathrooms_qty,
	P.property_rooms_qty,
	P.property_square_meter,
	P.property_garage,
	P.property_balcony,
	P.property_building_name,
	P.property_cadastre_number,
	P.id_user_consortium,
	P.property_observations,
    -- Propiedad
    O.id_user_owner,
    O.ownership_date_start,
    O.ownership_administrative_rate,
    -- Propietario
	OU.user_name 		'owner_user_name',
	OU.user_lastname 	'owner_user_lastname',
	OU.user_address 	'owner_user_address',
	OU.user_email 		'owner_user_email',
	OU.user_phone 		'owner_user_phone',
	OU.user_picture 	'owner_user_picture',
    -- Consorcio
	CS.user_name 		'consortium_user_name',
	CS.user_lastname 	'consortium_user_lastname',
	CS.user_address 	'consortium_user_address',
	CS.user_email 		'consortium_user_email',
	CS.user_phone 		'consortium_user_phone',
	CS.user_picture 	'consortium_user_picture',
    -- Locatario
	T.user_name 		'tenant_user_name',
	T.user_lastname 	'tenant_user_lastname',
	T.user_address 		'tenant_user_address',
	T.user_email 		'tenant_user_email',
	T.user_phone 		'tenant_user_phone',
	T.user_picture 		'tenant_user_picture',
    -- Bonificacion activa si la hubiere
    B.id_bonification, 
    B.bonification_name, 
    B.bonification_rate, 
    B.bonification_date_start, 
    B.bonification_date_end, 
    B.bonification_observations,
    IF(C.contract_voided = 0 AND NOW() BETWEEN C.contract_date_start AND C.contract_date_end, 1, 0) '_is_active'
FROM
	contracts C
	LEFT JOIN properties P ON P.id_property = C.id_property
    LEFT JOIN ownerships O ON (O.id_property = P.id_property AND NOW() > O.ownership_date_start AND O.ownership_date_end IS NULL)
    LEFT JOIN users OU ON OU.id_user = O.id_user_owner
    LEFT JOIN users CS ON CS.id_user = P.id_user_consortium
    LEFT JOIN contract_bonifications B ON (B.id_contract = C.id_contract AND NOW() BETWEEN B.bonification_date_start AND B.bonification_date_end)
    LEFT JOIN users T ON T.id_user = C.id_user_tenant
GROUP BY C.id_contract;
SHOW WARNINGS;

-- -----------------------------------------------------
-- View `vw_receipt_details`
-- -----------------------------------------------------
DROP VIEW IF EXISTS `vw_receipt_details` ;
SHOW WARNINGS;
CREATE OR REPLACE VIEW `vw_receipt_details` AS
SELECT 
	-- Detalle
    RD.*,
    RS.detail_attachments 'sibling_receipt_attachments',
    -- Periodo
    P.period_year, 
    P.period_month, 
    P.period_code,
	-- Recibo.
	R.receipt_date,
	R.id_user_issuer,
	R.id_user_receiver,
	R.receipt_payed,
	R.receipt_pay_date,
	R.receipt_voided,
	R.receipt_description,
    R.receipt_observations,
    R.receipt_attachments,
    -- Tipo de gasto
    ET.type_name, 
    ET.type_description, 
    ET.type_order,
    -- Datos de cuentas y usuarios involucrados
    ACI.id_user_owner 'account_id_user_issuer',
    ACI.account_name 'account_name_issuer',
    ACR.id_user_owner 'account_id_user_receiver',
    ACR.account_name 'account_name_receiver',
    -- Calculadas
    IF(R.receipt_payed > 0 AND R.receipt_voided = 0, 1, 0) '_payed'
FROM
	receipt_details RD
    LEFT JOIN _periods P ON P.id_period = RD.id_period
    LEFT JOIN expense_types ET ON ET.id_expense_type = RD.id_expense_type
	LEFT JOIN receipts R ON R.id_receipt = RD.id_receipt
    LEFT JOIN accounts ACR ON ACR.id_account = RD.id_receiving_account
    LEFT JOIN accounts ACI ON ACI.id_account = RD.id_issuing_account
    LEFT JOIN receipt_details RS ON RS.id_receipt_detail = RD.detail_id_detail_sibling
ORDER BY ET.type_order ASC;
SHOW WARNINGS;

-- -----------------------------------------------------
-- View `vw_accounts`
-- -----------------------------------------------------
DROP VIEW IF EXISTS `vw_accounts` ;
SHOW WARNINGS;
CREATE  OR REPLACE VIEW `vw_accounts` AS
SELECT 
	-- Cuenta
    A.*,
    -- Propietario
	OU.user_name 		'user_name',
	OU.user_lastname 	'user_lastname',
	OU.user_address 	'user_address',
	OU.user_email 		'user_email',
	OU.user_phone 		'user_phone',
	OU.user_picture 	'user_picture',
    -- Calculadas
    CONCAT('CTA-', LPAD(A.id_account,4,'0'), ' - ', A.account_name) '_account_description'
FROM
	accounts A
    LEFT JOIN users OU ON OU.id_user = A.id_user_owner;
SHOW WARNINGS;

-- -----------------------------------------------------
-- View `vw_transactions`
-- -----------------------------------------------------
DROP VIEW IF EXISTS `vw_transactions` ;
SHOW WARNINGS;
CREATE  OR REPLACE VIEW `vw_transactions` AS
SELECT 
	-- Cuenta
	T.id_transaction,
	T.id_account,
	T.transaction_ammount,
	T.transaction_id,
	T.transaction_date,
    T.id_user,
    T.transaction_observations,
    T.transaction_type,
    -- Relativo al detalle.
	RD.*
    -- Calculadas
FROM
	account_transactions T
    LEFT JOIN vw_receipt_details RD ON RD.id_receipt_detail = T.id_receipt_detail;
SHOW WARNINGS;

-- -----------------------------------------------------
-- View `vw_properties`
-- -----------------------------------------------------
DROP VIEW IF EXISTS `vw_properties` ;
SHOW WARNINGS;
CREATE  OR REPLACE VIEW `vw_properties` AS
SELECT 
	-- Inmueble.
    P.*,
    -- Propiedad
    O.id_user_owner,
    O.ownership_date_start,
    O.ownership_administrative_rate,
    -- Propietario
	OU.user_name 		'owner_user_name',
	OU.user_lastname 	'owner_user_lastname',
	OU.user_address 	'owner_user_address',
	OU.user_email 		'owner_user_email',
	OU.user_phone 		'owner_user_phone',
	OU.user_picture 	'owner_user_picture',
    -- Consorcio
	CS.user_name 		'consortium_user_name',
	CS.user_lastname 	'consortium_user_lastname',
	CS.user_address 	'consortium_user_address',
	CS.user_email 		'consortium_user_email',
	CS.user_phone 		'consortium_user_phone',
	CS.user_picture 	'consortium_user_picture',
    -- Locatario
	T.user_name 		'tenant_user_name',
	T.user_lastname 	'tenant_user_lastname',
	T.user_address 		'tenant_user_address',
	T.user_email 		'tenant_user_email',
	T.user_phone 		'tenant_user_phone',
	T.user_picture 		'tenant_user_picture',
    -- Contrato
	C.id_contract,
	C.id_user_tenant,
	C.contract_date_start,
	C.contract_date_end,
	C.contract_rent_price,
	C.contract_interest,
	C.contract_tenant_attachments,
	C.contract_gas_check,
	C.contract_electricity_check,
	C.contract_expenses_check,
    C.contract_commission,
	C.contract_expenses_attachments,
    C.contract_payday_limit,
	C.contract_observations,
    -- Bonificaciones
    B.id_bonification, 
    B.bonification_name, 
    B.bonification_rate, 
    B.bonification_date_start, 
    B.bonification_date_end, 
    B.bonification_observations, 
    -- Deudas
    SUM(IF(RD.account_id_user_issuer = T.id_user, RD.detail_ammount, 0))-SUM(IF(RD.account_id_user_receiver = T.id_user, RD.detail_ammount, 0))	'tenant_debts',
    -- Mantenimiento
    COUNT(DISTINCT PM.id_maintenance) 	'_count_maintenances'
FROM
	properties P
    LEFT JOIN ownerships O ON (O.id_property = P.id_property AND NOW() > O.ownership_date_start AND O.ownership_date_end IS NULL)
    LEFT JOIN users OU ON OU.id_user = O.id_user_owner
    LEFT JOIN users CS ON CS.id_user = P.id_user_consortium
    LEFT JOIN contracts C ON (C.id_property = P.id_property AND C.contract_voided = 0 AND NOW() BETWEEN C.contract_date_start AND C.contract_date_end)
    LEFT JOIN contract_bonifications B ON (B.id_contract = C.id_contract AND NOW() BETWEEN B.bonification_date_start AND B.bonification_date_end)
    LEFT JOIN users T ON T.id_user = C.id_user_tenant
    LEFT JOIN property_maintenances PM ON (PM.id_property = P.id_property AND PM.maintenance_completed = 0)
    LEFT JOIN vw_receipt_details RD ON (RD.account_id_user_issuer = T.id_user OR RD.account_id_user_receiver = T.id_user)
GROUP BY P.id_property;
SHOW WARNINGS;

-- -----------------------------------------------------
-- View `vw_property_expenses`
-- -----------------------------------------------------
DROP VIEW IF EXISTS `vw_property_expenses` ;
SHOW WARNINGS;
CREATE  OR REPLACE VIEW `vw_property_expenses` AS
SELECT
    PE.*,
	-- Expenses.
	E.id_expense_type,
	E.expense_name,
	E.expense_description,
	E.expense_website,
	-- Expense type
	ET.type_name,
	ET.type_description,
    -- Datos de la propiedad
    VP.property_name,
    VP.id_user_owner,
	VP.ownership_date_start,
	VP.owner_user_name,
	VP.owner_user_lastname,
	VP.owner_user_address,
	VP.owner_user_email,
	VP.owner_user_phone,
	VP.owner_user_picture,
	VP.consortium_user_name,
	VP.consortium_user_lastname,
	VP.consortium_user_address,
	VP.consortium_user_email,
	VP.consortium_user_phone,
	VP.consortium_user_picture,
	VP.tenant_user_name,
	VP.tenant_user_lastname,
	VP.tenant_user_address,
	VP.tenant_user_email,
	VP.tenant_user_phone,
	VP.tenant_user_picture,
	VP.id_contract,
	VP.id_user_tenant,
	VP.contract_date_start,
	VP.contract_date_end,
	VP.contract_rent_price,
	VP.contract_interest,
	VP.contract_tenant_attachments,
	VP.contract_gas_check,
	VP.contract_electricity_check,
    VP.contract_commission,
	VP.contract_expenses_check,
	VP.contract_expenses_attachments,
	VP.contract_payday_limit,
	VP.contract_observations
FROM
	property_expenses PE
    LEFT JOIN expenses E ON E.id_expense = PE.id_expense
    LEFT JOIN expense_types ET ON ET.id_expense_type = E.id_expense_type
    LEFT JOIN vw_properties VP ON VP.id_property = PE.id_property
GROUP BY PE.id_property_expense;
SHOW WARNINGS;

-- -----------------------------------------------------
-- View `vw_maintenances`
-- -----------------------------------------------------
DROP VIEW IF EXISTS `vw_maintenances` ;
SHOW WARNINGS;
CREATE  OR REPLACE VIEW `vw_maintenances` AS
SELECT
	VP.property_name,
	VP.property_address,
	VP.id_user_owner,
	VP.owner_user_name,
	VP.owner_user_lastname,
    VP.id_user_tenant,
    VP.tenant_user_name,
    VP.tenant_user_lastname,
	M.id_maintenance,
	M.id_property,
	M.maintenance_name,
	M.maintenance_description,
    M.maintenance_date,
	M.id_maintenance_quote,
	M.maintenance_completed,
	M.maintenance_owner_cost,
	M.maintenance_tenant_cost,
	M.maintenance_administrative_fee,
	M.maintenance_status,
	M.maintenance_observations,
    M.maintenance_archived,
	MQ.id_user_professional,
	MQ.quote_observations,
	MQ.quote_price,
	MQ.quote_attachments,
	MQ.quote_ready,

	UP.user_name 		'professional_user_name',
	UP.user_lastname 	'professional_user_lastname',
	UP.user_address 	'professional_user_address',
	UP.user_email 		'professional_user_email',
	UP.user_phone 		'professional_user_phone',
	UP.user_picture 	'professional_user_picture',
	IFNULL(COUNT(DISTINCT IF(MQC.quote_ready = 1, MQC.id_maintenance_quote, NULL)), 0)	 	'_count_quotes_ready',
	IFNULL(COUNT(DISTINCT MQC.id_maintenance_quote), 0) 									'_count_quotes',
	IFNULL(AVG(DISTINCT MQC.quote_price), 0) 												'_avg_quote_price'
FROM
	property_maintenances M
    LEFT JOIN property_maintenance_quotes MQ ON MQ.id_maintenance_quote = M.id_maintenance_quote
    LEFT JOIN property_maintenance_quotes MQC ON MQC.id_maintenance = M.id_maintenance
    LEFT JOIN users UP ON UP.id_user = MQ.id_user_professional
    LEFT JOIN vw_properties VP ON VP.id_property = M.id_property
GROUP BY M.id_maintenance;
SHOW WARNINGS;

-- -----------------------------------------------------
-- View `vw_owners`
-- -----------------------------------------------------
DROP VIEW IF EXISTS `vw_owners` ;
SHOW WARNINGS;
CREATE  OR REPLACE VIEW `vw_owners` AS
SELECT
	-- Propietario.
    U.id_user,
    U.id_role,
	U.user_name 		'owner_user_name',
	U.user_lastname 	'owner_user_lastname',
	U.user_address 		'owner_user_address',
	U.user_email 		'owner_user_email',
	U.user_phone 		'owner_user_phone',
	U.user_cuit 		'owner_user_cuit',
    U.user_picture 		'owner_user_picture',
    U.user_archived 		'owner_user_archived',
    U.user_deletion_date    'owner_user_deletion_date',
    -- Propiedades
    -- COUNT(DISTINCT O.id_ownership) 	'_count_ownerships',
    -- Ultima liquidacion
	R.receipt_date					'_last_receipt',
    -- Monto a liquidar
    SUM(IF(RD.account_id_user_receiver = U.id_user, RD.detail_ammount, 0)) - SUM(IF(RD.account_id_user_issuer = U.id_user, RD.detail_ammount, 0))	'_balance'
FROM
	users U
	LEFT JOIN receipts R ON (R.id_receipt = (SELECT id_receipt 
											FROM receipts RSS 
											WHERE RSS.id_user_receiver = U.id_user
											ORDER BY id_receipt DESC LIMIT 1)
										)
	LEFT JOIN vw_receipt_details RD ON (RD.account_id_user_issuer = U.id_user OR RD.account_id_user_receiver = U.id_user)
GROUP BY U.id_user
ORDER BY _balance DESC;
SHOW WARNINGS;

-- -----------------------------------------------------
-- View `vw_ownerships`
-- -----------------------------------------------------
DROP VIEW IF EXISTS `vw_ownerships` ;
SHOW WARNINGS;
CREATE  OR REPLACE VIEW `vw_ownerships` AS
SELECT
	-- Ownership
	O.*,
	-- Propietario.
    U.id_user,
    U.id_role,
	U.user_name 		'owner_user_name',
	U.user_lastname 	'owner_user_lastname',
	U.user_address 		'owner_user_address',
	U.user_email 		'owner_user_email',
	U.user_phone 		'owner_user_phone',
	U.user_cuit 		'owner_user_cuit',
    U.user_picture 		'owner_user_picture',
    U.user_archived 	'owner_user_archived',
    U.user_deletion_date 'owner_user_deletion_date'
FROM
	ownerships O
	LEFT JOIN users U ON U.id_user = O.id_user_owner;
SHOW WARNINGS;

-- -----------------------------------------------------
-- View `vw_receipt_attachemts`
-- -----------------------------------------------------
DROP VIEW IF EXISTS `vw_receipt_attachemts` ;
SHOW WARNINGS;
CREATE OR REPLACE VIEW `vw_receipt_attachemts` AS
SELECT 
	P.period_code, RD.id_period,  RD.id_property, RD.detail_description description, RD.detail_attachments attachments
FROM
	receipt_details RD
    LEFT JOIN _periods P ON P.id_period = RD.id_period
WHERE
	NULLIF(RD.detail_attachments, ' ') IS NOT NULL

UNION

SELECT 
	P.period_code, P.id_period,  PM.id_property, PM.maintenance_name description, PMQ.quote_attachments attachments
FROM
	property_maintenance_quotes PMQ
    LEFT JOIN property_maintenances PM ON PM.id_maintenance = PMQ.id_maintenance
    LEFT JOIN _periods P ON (P.period_year = YEAR(PM.creation_date) AND P.period_month = MONTH(PM.creation_date))
WHERE
	NULLIF(PMQ.quote_attachments, ' ') IS NOT NULL;
SHOW WARNINGS;

SET SQL_MODE=@OLD_SQL_MODE;
SET FOREIGN_KEY_CHECKS=@OLD_FOREIGN_KEY_CHECKS;
SET UNIQUE_CHECKS=@OLD_UNIQUE_CHECKS;

-- -----------------------------------------------------
-- Data for table `roles`
-- -----------------------------------------------------
START TRANSACTION;
INSERT INTO `roles` (`id_role`, `role_name`, `role_deletable`) VALUES (1, 'Administrador de Sistema', 0);
INSERT INTO `roles` (`id_role`, `role_name`, `role_deletable`) VALUES (2, 'Administrador', 0);
INSERT INTO `roles` (`id_role`, `role_name`, `role_deletable`) VALUES (3, 'Propietario', 0);
INSERT INTO `roles` (`id_role`, `role_name`, `role_deletable`) VALUES (4, 'Locatario', 0);
INSERT INTO `roles` (`id_role`, `role_name`, `role_deletable`) VALUES (5, 'Garante', 0);
INSERT INTO `roles` (`id_role`, `role_name`, `role_deletable`) VALUES (6, 'Profesional', 0);
INSERT INTO `roles` (`id_role`, `role_name`, `role_deletable`) VALUES (7, 'Consorcio', 0);
INSERT INTO `roles` (`id_role`, `role_name`, `role_deletable`) VALUES (8, 'Sistema', 0);

COMMIT;


-- -----------------------------------------------------
-- Data for table `roles_permissions`
-- -----------------------------------------------------
START TRANSACTION;
INSERT INTO `roles_permissions` (`id_permission`, `id_role`, `permission_group`, `permission_item`, `permission_value`, `permission_date`) VALUES (33, 1, 'app', 'manage_users', 1, '2018-10-19 13:19:58');
INSERT INTO `roles_permissions` (`id_permission`, `id_role`, `permission_group`, `permission_item`, `permission_value`, `permission_date`) VALUES (34, 1, 'app', 'manage_roles', 1, '2018-10-19 13:19:58');
INSERT INTO `roles_permissions` (`id_permission`, `id_role`, `permission_group`, `permission_item`, `permission_value`, `permission_date`) VALUES (35, 1, 'app', 'manage_system', 1, '2018-10-19 13:19:58');
INSERT INTO `roles_permissions` (`id_permission`, `id_role`, `permission_group`, `permission_item`, `permission_value`, `permission_date`) VALUES (37, 1, 'app', 'mnu_alquileres', 1, '2018-10-26 12:43:18');
INSERT INTO `roles_permissions` (`id_permission`, `id_role`, `permission_group`, `permission_item`, `permission_value`, `permission_date`) VALUES (38, 1, 'app', 'mnu_maintenances', 1, '2018-10-26 12:43:18');
INSERT INTO `roles_permissions` (`id_permission`, `id_role`, `permission_group`, `permission_item`, `permission_value`, `permission_date`) VALUES (39, 1, 'app', 'mnu_taxes', 1, '2018-10-26 12:43:18');
INSERT INTO `roles_permissions` (`id_permission`, `id_role`, `permission_group`, `permission_item`, `permission_value`, `permission_date`) VALUES (40, 1, 'app', 'mnu_properties', 1, '2018-10-26 12:43:18');
INSERT INTO `roles_permissions` (`id_permission`, `id_role`, `permission_group`, `permission_item`, `permission_value`, `permission_date`) VALUES (41, 1, 'app', 'mnu_owners', 1, '2018-10-26 12:43:18');
INSERT INTO `roles_permissions` (`id_permission`, `id_role`, `permission_group`, `permission_item`, `permission_value`, `permission_date`) VALUES (42, 1, 'app', 'mnu_administration', 1, '2018-10-26 12:43:18');
INSERT INTO `roles_permissions` (`id_permission`, `id_role`, `permission_group`, `permission_item`, `permission_value`, `permission_date`) VALUES (43, 1, 'app', 'mnu_configuration', 1, '2018-10-26 12:43:18');
INSERT INTO `roles_permissions` (`id_permission`, `id_role`, `permission_group`, `permission_item`, `permission_value`, `permission_date`) VALUES (44, 1, 'app', 'mnu_rents', 1, '2018-10-26 12:50:18');
INSERT INTO `roles_permissions` (`id_permission`, `id_role`, `permission_group`, `permission_item`, `permission_value`, `permission_date`) VALUES (45, 3, 'app', 'manage_users', 0, '2018-10-26 12:52:17');
INSERT INTO `roles_permissions` (`id_permission`, `id_role`, `permission_group`, `permission_item`, `permission_value`, `permission_date`) VALUES (46, 3, 'app', 'manage_roles', 0, '2018-10-26 12:52:17');
INSERT INTO `roles_permissions` (`id_permission`, `id_role`, `permission_group`, `permission_item`, `permission_value`, `permission_date`) VALUES (47, 3, 'app', 'mnu_rents', 0, '2018-10-26 12:52:17');
INSERT INTO `roles_permissions` (`id_permission`, `id_role`, `permission_group`, `permission_item`, `permission_value`, `permission_date`) VALUES (48, 3, 'app', 'mnu_maintenances', 1, '2018-10-26 12:52:17');
INSERT INTO `roles_permissions` (`id_permission`, `id_role`, `permission_group`, `permission_item`, `permission_value`, `permission_date`) VALUES (49, 3, 'app', 'mnu_taxes', 0, '2018-10-26 12:52:17');
INSERT INTO `roles_permissions` (`id_permission`, `id_role`, `permission_group`, `permission_item`, `permission_value`, `permission_date`) VALUES (50, 3, 'app', 'mnu_properties', 1, '2018-10-26 12:52:17');
INSERT INTO `roles_permissions` (`id_permission`, `id_role`, `permission_group`, `permission_item`, `permission_value`, `permission_date`) VALUES (51, 3, 'app', 'mnu_owners', 0, '2018-10-26 12:52:17');
INSERT INTO `roles_permissions` (`id_permission`, `id_role`, `permission_group`, `permission_item`, `permission_value`, `permission_date`) VALUES (52, 3, 'app', 'mnu_administration', 0, '2018-10-26 12:52:17');
INSERT INTO `roles_permissions` (`id_permission`, `id_role`, `permission_group`, `permission_item`, `permission_value`, `permission_date`) VALUES (53, 3, 'app', 'mnu_configuration', 0, '2018-10-26 12:52:17');
INSERT INTO `roles_permissions` (`id_permission`, `id_role`, `permission_group`, `permission_item`, `permission_value`, `permission_date`) VALUES (54, 3, 'app', 'manage_system', 0, '2018-10-26 12:55:40');
INSERT INTO `roles_permissions` (`id_permission`, `id_role`, `permission_group`, `permission_item`, `permission_value`, `permission_date`) VALUES (56, 4, 'app', 'manage_users', 0, '2018-10-29 12:59:18');
INSERT INTO `roles_permissions` (`id_permission`, `id_role`, `permission_group`, `permission_item`, `permission_value`, `permission_date`) VALUES (57, 4, 'app', 'manage_roles', 0, '2018-10-29 12:59:18');
INSERT INTO `roles_permissions` (`id_permission`, `id_role`, `permission_group`, `permission_item`, `permission_value`, `permission_date`) VALUES (58, 4, 'app', 'mnu_rents', 0, '2018-10-29 12:59:18');
INSERT INTO `roles_permissions` (`id_permission`, `id_role`, `permission_group`, `permission_item`, `permission_value`, `permission_date`) VALUES (59, 4, 'app', 'mnu_maintenances', 0, '2018-10-29 12:59:18');
INSERT INTO `roles_permissions` (`id_permission`, `id_role`, `permission_group`, `permission_item`, `permission_value`, `permission_date`) VALUES (60, 4, 'app', 'mnu_taxes', 0, '2018-10-29 12:59:18');
INSERT INTO `roles_permissions` (`id_permission`, `id_role`, `permission_group`, `permission_item`, `permission_value`, `permission_date`) VALUES (61, 4, 'app', 'mnu_properties', 0, '2018-10-29 12:59:18');
INSERT INTO `roles_permissions` (`id_permission`, `id_role`, `permission_group`, `permission_item`, `permission_value`, `permission_date`) VALUES (62, 4, 'app', 'mnu_owners', 0, '2018-10-29 12:59:18');
INSERT INTO `roles_permissions` (`id_permission`, `id_role`, `permission_group`, `permission_item`, `permission_value`, `permission_date`) VALUES (63, 4, 'app', 'mnu_administration', 0, '2018-10-29 12:59:18');
INSERT INTO `roles_permissions` (`id_permission`, `id_role`, `permission_group`, `permission_item`, `permission_value`, `permission_date`) VALUES (64, 4, 'app', 'mnu_configuration', 0, '2018-10-29 12:59:18');
INSERT INTO `roles_permissions` (`id_permission`, `id_role`, `permission_group`, `permission_item`, `permission_value`, `permission_date`) VALUES (65, 5, 'app', 'manage_users', 0, '2018-10-29 12:59:27');
INSERT INTO `roles_permissions` (`id_permission`, `id_role`, `permission_group`, `permission_item`, `permission_value`, `permission_date`) VALUES (66, 5, 'app', 'manage_roles', 0, '2018-10-29 12:59:27');
INSERT INTO `roles_permissions` (`id_permission`, `id_role`, `permission_group`, `permission_item`, `permission_value`, `permission_date`) VALUES (67, 5, 'app', 'mnu_rents', 0, '2018-10-29 12:59:27');
INSERT INTO `roles_permissions` (`id_permission`, `id_role`, `permission_group`, `permission_item`, `permission_value`, `permission_date`) VALUES (68, 5, 'app', 'mnu_maintenances', 0, '2018-10-29 12:59:27');
INSERT INTO `roles_permissions` (`id_permission`, `id_role`, `permission_group`, `permission_item`, `permission_value`, `permission_date`) VALUES (69, 5, 'app', 'mnu_taxes', 0, '2018-10-29 12:59:27');
INSERT INTO `roles_permissions` (`id_permission`, `id_role`, `permission_group`, `permission_item`, `permission_value`, `permission_date`) VALUES (70, 5, 'app', 'mnu_properties', 0, '2018-10-29 12:59:27');
INSERT INTO `roles_permissions` (`id_permission`, `id_role`, `permission_group`, `permission_item`, `permission_value`, `permission_date`) VALUES (71, 5, 'app', 'mnu_owners', 0, '2018-10-29 12:59:27');
INSERT INTO `roles_permissions` (`id_permission`, `id_role`, `permission_group`, `permission_item`, `permission_value`, `permission_date`) VALUES (72, 5, 'app', 'mnu_administration', 0, '2018-10-29 12:59:27');
INSERT INTO `roles_permissions` (`id_permission`, `id_role`, `permission_group`, `permission_item`, `permission_value`, `permission_date`) VALUES (73, 5, 'app', 'mnu_configuration', 0, '2018-10-29 12:59:27');
INSERT INTO `roles_permissions` (`id_permission`, `id_role`, `permission_group`, `permission_item`, `permission_value`, `permission_date`) VALUES (74, 6, 'app', 'manage_users', 0, '2018-10-29 12:59:36');
INSERT INTO `roles_permissions` (`id_permission`, `id_role`, `permission_group`, `permission_item`, `permission_value`, `permission_date`) VALUES (75, 6, 'app', 'manage_roles', 0, '2018-10-29 12:59:36');
INSERT INTO `roles_permissions` (`id_permission`, `id_role`, `permission_group`, `permission_item`, `permission_value`, `permission_date`) VALUES (76, 6, 'app', 'mnu_rents', 0, '2018-10-29 12:59:36');
INSERT INTO `roles_permissions` (`id_permission`, `id_role`, `permission_group`, `permission_item`, `permission_value`, `permission_date`) VALUES (77, 6, 'app', 'mnu_maintenances', 0, '2018-10-29 12:59:36');
INSERT INTO `roles_permissions` (`id_permission`, `id_role`, `permission_group`, `permission_item`, `permission_value`, `permission_date`) VALUES (78, 6, 'app', 'mnu_taxes', 0, '2018-10-29 12:59:36');
INSERT INTO `roles_permissions` (`id_permission`, `id_role`, `permission_group`, `permission_item`, `permission_value`, `permission_date`) VALUES (79, 6, 'app', 'mnu_properties', 0, '2018-10-29 12:59:36');
INSERT INTO `roles_permissions` (`id_permission`, `id_role`, `permission_group`, `permission_item`, `permission_value`, `permission_date`) VALUES (80, 6, 'app', 'mnu_owners', 0, '2018-10-29 12:59:36');
INSERT INTO `roles_permissions` (`id_permission`, `id_role`, `permission_group`, `permission_item`, `permission_value`, `permission_date`) VALUES (81, 6, 'app', 'mnu_administration', 0, '2018-10-29 12:59:36');
INSERT INTO `roles_permissions` (`id_permission`, `id_role`, `permission_group`, `permission_item`, `permission_value`, `permission_date`) VALUES (82, 6, 'app', 'mnu_configuration', 0, '2018-10-29 12:59:36');
INSERT INTO `roles_permissions` (`id_permission`, `id_role`, `permission_group`, `permission_item`, `permission_value`, `permission_date`) VALUES (83, 7, 'app', 'manage_users', 0, '2018-10-29 12:59:45');
INSERT INTO `roles_permissions` (`id_permission`, `id_role`, `permission_group`, `permission_item`, `permission_value`, `permission_date`) VALUES (84, 7, 'app', 'manage_roles', 0, '2018-10-29 12:59:45');
INSERT INTO `roles_permissions` (`id_permission`, `id_role`, `permission_group`, `permission_item`, `permission_value`, `permission_date`) VALUES (85, 7, 'app', 'mnu_rents', 0, '2018-10-29 12:59:45');
INSERT INTO `roles_permissions` (`id_permission`, `id_role`, `permission_group`, `permission_item`, `permission_value`, `permission_date`) VALUES (86, 7, 'app', 'mnu_maintenances', 0, '2018-10-29 12:59:45');
INSERT INTO `roles_permissions` (`id_permission`, `id_role`, `permission_group`, `permission_item`, `permission_value`, `permission_date`) VALUES (87, 7, 'app', 'mnu_taxes', 0, '2018-10-29 12:59:45');
INSERT INTO `roles_permissions` (`id_permission`, `id_role`, `permission_group`, `permission_item`, `permission_value`, `permission_date`) VALUES (88, 7, 'app', 'mnu_properties', 0, '2018-10-29 12:59:45');
INSERT INTO `roles_permissions` (`id_permission`, `id_role`, `permission_group`, `permission_item`, `permission_value`, `permission_date`) VALUES (89, 7, 'app', 'mnu_owners', 0, '2018-10-29 12:59:45');
INSERT INTO `roles_permissions` (`id_permission`, `id_role`, `permission_group`, `permission_item`, `permission_value`, `permission_date`) VALUES (90, 7, 'app', 'mnu_administration', 0, '2018-10-29 12:59:45');
INSERT INTO `roles_permissions` (`id_permission`, `id_role`, `permission_group`, `permission_item`, `permission_value`, `permission_date`) VALUES (91, 7, 'app', 'mnu_configuration', 0, '2018-10-29 12:59:45');
INSERT INTO `roles_permissions` (`id_permission`, `id_role`, `permission_group`, `permission_item`, `permission_value`, `permission_date`) VALUES (92, 3, 'app', 'manage_contracts', 0, '2018-10-29 13:34:14');
INSERT INTO `roles_permissions` (`id_permission`, `id_role`, `permission_group`, `permission_item`, `permission_value`, `permission_date`) VALUES (93, 3, 'app', 'handle_payments', 0, '2018-10-29 13:57:47');
INSERT INTO `roles_permissions` (`id_permission`, `id_role`, `permission_group`, `permission_item`, `permission_value`, `permission_date`) VALUES (94, 4, 'app', 'manage_contracts', 0, '2018-10-29 14:27:00');
INSERT INTO `roles_permissions` (`id_permission`, `id_role`, `permission_group`, `permission_item`, `permission_value`, `permission_date`) VALUES (95, 4, 'app', 'handle_payments', 0, '2018-10-29 14:27:00');
INSERT INTO `roles_permissions` (`id_permission`, `id_role`, `permission_group`, `permission_item`, `permission_value`, `permission_date`) VALUES (96, 5, 'app', 'manage_contracts', 0, '2018-10-29 14:27:04');
INSERT INTO `roles_permissions` (`id_permission`, `id_role`, `permission_group`, `permission_item`, `permission_value`, `permission_date`) VALUES (97, 5, 'app', 'handle_payments', 0, '2018-10-29 14:27:04');
INSERT INTO `roles_permissions` (`id_permission`, `id_role`, `permission_group`, `permission_item`, `permission_value`, `permission_date`) VALUES (98, 6, 'app', 'manage_contracts', 0, '2018-10-29 14:27:08');
INSERT INTO `roles_permissions` (`id_permission`, `id_role`, `permission_group`, `permission_item`, `permission_value`, `permission_date`) VALUES (99, 6, 'app', 'handle_payments', 0, '2018-10-29 14:27:09');
INSERT INTO `roles_permissions` (`id_permission`, `id_role`, `permission_group`, `permission_item`, `permission_value`, `permission_date`) VALUES (100, 7, 'app', 'manage_contracts', 0, '2018-10-29 14:27:12');
INSERT INTO `roles_permissions` (`id_permission`, `id_role`, `permission_group`, `permission_item`, `permission_value`, `permission_date`) VALUES (101, 7, 'app', 'handle_payments', 0, '2018-10-29 14:27:12');
INSERT INTO `roles_permissions` (`id_permission`, `id_role`, `permission_group`, `permission_item`, `permission_value`, `permission_date`) VALUES (102, 1, 'app', 'manage_contracts', 1, '2018-10-29 14:32:43');

COMMIT;


-- -----------------------------------------------------
-- Data for table `users`
-- -----------------------------------------------------
START TRANSACTION;
INSERT INTO `users` (`id_user`, `user_name`, `user_lastname`, `user_address`, `user_email`, `user_cuit`, `user_phone`, `user_picture`, `user_password`, `user_language`, `user_observations`, `user_password_restore`, `user_registration_date`, `user_last_login`, `user_login_count`, `user_deletion_date`, `user_pin`, `user_archived`, `id_role`) VALUES (1, 'Pablo', 'Chirino', NULL, 'pchirino@inglobe.com.ar', '20352801713', '3513474793', NULL, 'e10adc3949ba59abbe56e057f20f883e', 'spanish', NULL, NULL, '2017-01-01 00:00:00', NULL, 0, NULL, 4444, DEFAULT, 1);
INSERT INTO `users` (`id_user`, `user_name`, `user_lastname`, `user_address`, `user_email`, `user_cuit`, `user_phone`, `user_picture`, `user_password`, `user_language`, `user_observations`, `user_password_restore`, `user_registration_date`, `user_last_login`, `user_login_count`, `user_deletion_date`, `user_pin`, `user_archived`, `id_role`) VALUES (2, 'Ignacio', 'Martin', NULL, 'ignacio@inglobe.com.ar', NULL, NULL, NULL, 'e10adc3949ba59abbe56e057f20f883e', 'spanish', NULL, NULL, '2017-01-01 00:00:00', NULL, 0, NULL, 4444, DEFAULT, 1);
INSERT INTO `users` (`id_user`, `user_name`, `user_lastname`, `user_address`, `user_email`, `user_cuit`, `user_phone`, `user_picture`, `user_password`, `user_language`, `user_observations`, `user_password_restore`, `user_registration_date`, `user_last_login`, `user_login_count`, `user_deletion_date`, `user_pin`, `user_archived`, `id_role`) VALUES (3, 'Andrea', 'Cerutti', NULL, 'andrea@inglobe.com.ar', NULL, NULL, NULL, 'e10adc3949ba59abbe56e057f20f883e', 'spanish', NULL, NULL, '2017-01-01 00:00:00', NULL, 0, NULL, 4444, DEFAULT, 2);
INSERT INTO `users` (`id_user`, `user_name`, `user_lastname`, `user_address`, `user_email`, `user_cuit`, `user_phone`, `user_picture`, `user_password`, `user_language`, `user_observations`, `user_password_restore`, `user_registration_date`, `user_last_login`, `user_login_count`, `user_deletion_date`, `user_pin`, `user_archived`, `id_role`) VALUES (4, 'Pagos de Imp & Serv.', NULL, NULL, 'pagos@contrerasadministracion.com.ar', NULL, NULL, NULL, 'e10adc3949ba59abbe56e057f20f883e', 'spanish', NULL, NULL, '2018-01-01 00:00:00', NULL, 0, NULL, 4444, DEFAULT, 8);
INSERT INTO `users` (`id_user`, `user_name`, `user_lastname`, `user_address`, `user_email`, `user_cuit`, `user_phone`, `user_picture`, `user_password`, `user_language`, `user_observations`, `user_password_restore`, `user_registration_date`, `user_last_login`, `user_login_count`, `user_deletion_date`, `user_pin`, `user_archived`, `id_role`) VALUES (5, 'Jeremías Ezequiel', 'Fabbro', NULL, 'contreras_5@contrerasadministracion.com.ar', NULL, NULL, NULL, 'e10adc3949ba59abbe56e057f20f883e', 'spanish', NULL, NULL, '01/06/2018 00:00', NULL, 0, NULL, 4444, DEFAULT, 4);
INSERT INTO `users` (`id_user`, `user_name`, `user_lastname`, `user_address`, `user_email`, `user_cuit`, `user_phone`, `user_picture`, `user_password`, `user_language`, `user_observations`, `user_password_restore`, `user_registration_date`, `user_last_login`, `user_login_count`, `user_deletion_date`, `user_pin`, `user_archived`, `id_role`) VALUES (6, 'Joaquin Sebastian', 'Perez', NULL, 'contreras_6@contrerasadministracion.com.ar', NULL, NULL, NULL, 'e10adc3949ba59abbe56e057f20f883e', 'spanish', NULL, NULL, '01/06/2018 00:00', NULL, 0, NULL, 4444, DEFAULT, 4);
INSERT INTO `users` (`id_user`, `user_name`, `user_lastname`, `user_address`, `user_email`, `user_cuit`, `user_phone`, `user_picture`, `user_password`, `user_language`, `user_observations`, `user_password_restore`, `user_registration_date`, `user_last_login`, `user_login_count`, `user_deletion_date`, `user_pin`, `user_archived`, `id_role`) VALUES (7, 'Sebastian gustavo', 'Abelleira', NULL, 'contreras_7@contrerasadministracion.com.ar', '26179637', NULL, NULL, 'e10adc3949ba59abbe56e057f20f883e', 'spanish', NULL, NULL, '01/06/2018 00:00', NULL, 0, NULL, 4444, DEFAULT, 4);
INSERT INTO `users` (`id_user`, `user_name`, `user_lastname`, `user_address`, `user_email`, `user_cuit`, `user_phone`, `user_picture`, `user_password`, `user_language`, `user_observations`, `user_password_restore`, `user_registration_date`, `user_last_login`, `user_login_count`, `user_deletion_date`, `user_pin`, `user_archived`, `id_role`) VALUES (8, 'Leandro Emanuel', 'Aguilar', NULL, 'contreras_8@contrerasadministracion.com.ar', '29710899', NULL, NULL, 'e10adc3949ba59abbe56e057f20f883e', 'spanish', NULL, NULL, '01/06/2018 00:00', NULL, 0, NULL, 4444, DEFAULT, 5);
INSERT INTO `users` (`id_user`, `user_name`, `user_lastname`, `user_address`, `user_email`, `user_cuit`, `user_phone`, `user_picture`, `user_password`, `user_language`, `user_observations`, `user_password_restore`, `user_registration_date`, `user_last_login`, `user_login_count`, `user_deletion_date`, `user_pin`, `user_archived`, `id_role`) VALUES (9, 'Cesar Juan', 'Aguirre', NULL, 'contreras_9@contrerasadministracion.com.ar', '13962092', NULL, NULL, 'e10adc3949ba59abbe56e057f20f883e', 'spanish', NULL, NULL, '01/06/2018 00:00', NULL, 0, NULL, 4444, DEFAULT, 5);
INSERT INTO `users` (`id_user`, `user_name`, `user_lastname`, `user_address`, `user_email`, `user_cuit`, `user_phone`, `user_picture`, `user_password`, `user_language`, `user_observations`, `user_password_restore`, `user_registration_date`, `user_last_login`, `user_login_count`, `user_deletion_date`, `user_pin`, `user_archived`, `id_role`) VALUES (10, 'Cristina Rosana', 'Alainez', NULL, 'contreras_10@contrerasadministracion.com.ar', '20589360', NULL, NULL, 'e10adc3949ba59abbe56e057f20f883e', 'spanish', NULL, NULL, '01/06/2018 00:00', NULL, 0, NULL, 4444, DEFAULT, 5);
INSERT INTO `users` (`id_user`, `user_name`, `user_lastname`, `user_address`, `user_email`, `user_cuit`, `user_phone`, `user_picture`, `user_password`, `user_language`, `user_observations`, `user_password_restore`, `user_registration_date`, `user_last_login`, `user_login_count`, `user_deletion_date`, `user_pin`, `user_archived`, `id_role`) VALUES (11, 'Daniel', 'Alvarez', NULL, 'contreras_11@contrerasadministracion.com.ar', '12672627', NULL, NULL, 'e10adc3949ba59abbe56e057f20f883e', 'spanish', NULL, NULL, '01/06/2018 00:00', NULL, 0, NULL, 4444, DEFAULT, 5);
INSERT INTO `users` (`id_user`, `user_name`, `user_lastname`, `user_address`, `user_email`, `user_cuit`, `user_phone`, `user_picture`, `user_password`, `user_language`, `user_observations`, `user_password_restore`, `user_registration_date`, `user_last_login`, `user_login_count`, `user_deletion_date`, `user_pin`, `user_archived`, `id_role`) VALUES (12, 'Pilar', 'Alvarez ojeda', NULL, 'contreras_12@contrerasadministracion.com.ar', '40835475', NULL, NULL, 'e10adc3949ba59abbe56e057f20f883e', 'spanish', NULL, NULL, '01/06/2018 00:00', NULL, 0, NULL, 4444, DEFAULT, 4);
INSERT INTO `users` (`id_user`, `user_name`, `user_lastname`, `user_address`, `user_email`, `user_cuit`, `user_phone`, `user_picture`, `user_password`, `user_language`, `user_observations`, `user_password_restore`, `user_registration_date`, `user_last_login`, `user_login_count`, `user_deletion_date`, `user_pin`, `user_archived`, `id_role`) VALUES (13, 'Jaqueline De Los Angeles', 'Araez', NULL, 'contreras_13@contrerasadministracion.com.ar', '20393878', NULL, NULL, 'e10adc3949ba59abbe56e057f20f883e', 'spanish', NULL, NULL, '01/06/2018 00:00', NULL, 0, NULL, 4444, DEFAULT, 5);
INSERT INTO `users` (`id_user`, `user_name`, `user_lastname`, `user_address`, `user_email`, `user_cuit`, `user_phone`, `user_picture`, `user_password`, `user_language`, `user_observations`, `user_password_restore`, `user_registration_date`, `user_last_login`, `user_login_count`, `user_deletion_date`, `user_pin`, `user_archived`, `id_role`) VALUES (14, 'Maria florencia', 'Araez', NULL, 'contreras_14@contrerasadministracion.com.ar', '36869746', NULL, NULL, 'e10adc3949ba59abbe56e057f20f883e', 'spanish', NULL, NULL, '01/06/2018 00:00', NULL, 0, NULL, 4444, DEFAULT, 4);
INSERT INTO `users` (`id_user`, `user_name`, `user_lastname`, `user_address`, `user_email`, `user_cuit`, `user_phone`, `user_picture`, `user_password`, `user_language`, `user_observations`, `user_password_restore`, `user_registration_date`, `user_last_login`, `user_login_count`, `user_deletion_date`, `user_pin`, `user_archived`, `id_role`) VALUES (15, 'Sonia Nancy', 'Araez', NULL, 'contreras_15@contrerasadministracion.com.ar', '14804451', NULL, NULL, 'e10adc3949ba59abbe56e057f20f883e', 'spanish', NULL, NULL, '01/06/2018 00:00', NULL, 0, NULL, 4444, DEFAULT, 5);
INSERT INTO `users` (`id_user`, `user_name`, `user_lastname`, `user_address`, `user_email`, `user_cuit`, `user_phone`, `user_picture`, `user_password`, `user_language`, `user_observations`, `user_password_restore`, `user_registration_date`, `user_last_login`, `user_login_count`, `user_deletion_date`, `user_pin`, `user_archived`, `id_role`) VALUES (16, 'Ivone', 'Artur de Villarmois', NULL, 'contreras_16@contrerasadministracion.com.ar', '30828922', NULL, NULL, 'e10adc3949ba59abbe56e057f20f883e', 'spanish', NULL, NULL, '01/06/2018 00:00', NULL, 0, NULL, 4444, DEFAULT, 5);
INSERT INTO `users` (`id_user`, `user_name`, `user_lastname`, `user_address`, `user_email`, `user_cuit`, `user_phone`, `user_picture`, `user_password`, `user_language`, `user_observations`, `user_password_restore`, `user_registration_date`, `user_last_login`, `user_login_count`, `user_deletion_date`, `user_pin`, `user_archived`, `id_role`) VALUES (17, 'Cristina Beatriz', 'Asnard', NULL, 'contreras_17@contrerasadministracion.com.ar', '11515360', NULL, NULL, 'e10adc3949ba59abbe56e057f20f883e', 'spanish', NULL, NULL, '01/06/2018 00:00', NULL, 0, NULL, 4444, DEFAULT, 5);
INSERT INTO `users` (`id_user`, `user_name`, `user_lastname`, `user_address`, `user_email`, `user_cuit`, `user_phone`, `user_picture`, `user_password`, `user_language`, `user_observations`, `user_password_restore`, `user_registration_date`, `user_last_login`, `user_login_count`, `user_deletion_date`, `user_pin`, `user_archived`, `id_role`) VALUES (18, 'Cynthia Ivonne', 'Avoledo', NULL, 'contreras_18@contrerasadministracion.com.ar', '32772767', NULL, NULL, 'e10adc3949ba59abbe56e057f20f883e', 'spanish', NULL, NULL, '01/06/2018 00:00', NULL, 0, NULL, 4444, DEFAULT, 5);
INSERT INTO `users` (`id_user`, `user_name`, `user_lastname`, `user_address`, `user_email`, `user_cuit`, `user_phone`, `user_picture`, `user_password`, `user_language`, `user_observations`, `user_password_restore`, `user_registration_date`, `user_last_login`, `user_login_count`, `user_deletion_date`, `user_pin`, `user_archived`, `id_role`) VALUES (19, 'Gisel Johana', 'Avoledo', NULL, 'contreras_19@contrerasadministracion.com.ar', '34457262', NULL, NULL, 'e10adc3949ba59abbe56e057f20f883e', 'spanish', NULL, NULL, '01/06/2018 00:00', NULL, 0, NULL, 4444, DEFAULT, 5);
INSERT INTO `users` (`id_user`, `user_name`, `user_lastname`, `user_address`, `user_email`, `user_cuit`, `user_phone`, `user_picture`, `user_password`, `user_language`, `user_observations`, `user_password_restore`, `user_registration_date`, `user_last_login`, `user_login_count`, `user_deletion_date`, `user_pin`, `user_archived`, `id_role`) VALUES (20, 'Alejandra Marta ', 'Beltrami', NULL, 'contreras_20@contrerasadministracion.com.ar', NULL, NULL, NULL, 'e10adc3949ba59abbe56e057f20f883e', 'spanish', NULL, NULL, '01/06/2018 00:00', NULL, 0, NULL, 4444, DEFAULT, 4);
INSERT INTO `users` (`id_user`, `user_name`, `user_lastname`, `user_address`, `user_email`, `user_cuit`, `user_phone`, `user_picture`, `user_password`, `user_language`, `user_observations`, `user_password_restore`, `user_registration_date`, `user_last_login`, `user_login_count`, `user_deletion_date`, `user_pin`, `user_archived`, `id_role`) VALUES (21, 'Maria Cristina ', 'Beltran', NULL, 'contreras_21@contrerasadministracion.com.ar', '21353121', NULL, NULL, 'e10adc3949ba59abbe56e057f20f883e', 'spanish', NULL, NULL, '01/06/2018 00:00', NULL, 0, NULL, 4444, DEFAULT, 5);
INSERT INTO `users` (`id_user`, `user_name`, `user_lastname`, `user_address`, `user_email`, `user_cuit`, `user_phone`, `user_picture`, `user_password`, `user_language`, `user_observations`, `user_password_restore`, `user_registration_date`, `user_last_login`, `user_login_count`, `user_deletion_date`, `user_pin`, `user_archived`, `id_role`) VALUES (22, 'Francisco Antonio', 'Bruera', NULL, 'contreras_22@contrerasadministracion.com.ar', '29402565', NULL, NULL, 'e10adc3949ba59abbe56e057f20f883e', 'spanish', NULL, NULL, '01/06/2018 00:00', NULL, 0, NULL, 4444, DEFAULT, 5);
INSERT INTO `users` (`id_user`, `user_name`, `user_lastname`, `user_address`, `user_email`, `user_cuit`, `user_phone`, `user_picture`, `user_password`, `user_language`, `user_observations`, `user_password_restore`, `user_registration_date`, `user_last_login`, `user_login_count`, `user_deletion_date`, `user_pin`, `user_archived`, `id_role`) VALUES (23, 'Gunther Oliver', 'Burgueño', NULL, 'contreras_23@contrerasadministracion.com.ar', '35190718', NULL, NULL, 'e10adc3949ba59abbe56e057f20f883e', 'spanish', NULL, NULL, '01/06/2018 00:00', NULL, 0, NULL, 4444, DEFAULT, 5);
INSERT INTO `users` (`id_user`, `user_name`, `user_lastname`, `user_address`, `user_email`, `user_cuit`, `user_phone`, `user_picture`, `user_password`, `user_language`, `user_observations`, `user_password_restore`, `user_registration_date`, `user_last_login`, `user_login_count`, `user_deletion_date`, `user_pin`, `user_archived`, `id_role`) VALUES (24, 'Maria Magdalena', 'Bustamante', NULL, 'contreras_24@contrerasadministracion.com.ar', '16500859', NULL, NULL, 'e10adc3949ba59abbe56e057f20f883e', 'spanish', NULL, NULL, '01/06/2018 00:00', NULL, 0, NULL, 4444, DEFAULT, 4);
INSERT INTO `users` (`id_user`, `user_name`, `user_lastname`, `user_address`, `user_email`, `user_cuit`, `user_phone`, `user_picture`, `user_password`, `user_language`, `user_observations`, `user_password_restore`, `user_registration_date`, `user_last_login`, `user_login_count`, `user_deletion_date`, `user_pin`, `user_archived`, `id_role`) VALUES (25, 'Pablo Roque ', 'Bustamante', NULL, 'contreras_25@contrerasadministracion.com.ar', '18402756', NULL, NULL, 'e10adc3949ba59abbe56e057f20f883e', 'spanish', NULL, NULL, '01/06/2018 00:00', NULL, 0, NULL, 4444, DEFAULT, 5);
INSERT INTO `users` (`id_user`, `user_name`, `user_lastname`, `user_address`, `user_email`, `user_cuit`, `user_phone`, `user_picture`, `user_password`, `user_language`, `user_observations`, `user_password_restore`, `user_registration_date`, `user_last_login`, `user_login_count`, `user_deletion_date`, `user_pin`, `user_archived`, `id_role`) VALUES (26, 'Ernesto Jesus', 'Buteler', NULL, 'contreras_26@contrerasadministracion.com.ar', '13681659', NULL, NULL, 'e10adc3949ba59abbe56e057f20f883e', 'spanish', NULL, NULL, '01/06/2018 00:00', NULL, 0, NULL, 4444, DEFAULT, 5);
INSERT INTO `users` (`id_user`, `user_name`, `user_lastname`, `user_address`, `user_email`, `user_cuit`, `user_phone`, `user_picture`, `user_password`, `user_language`, `user_observations`, `user_password_restore`, `user_registration_date`, `user_last_login`, `user_login_count`, `user_deletion_date`, `user_pin`, `user_archived`, `id_role`) VALUES (27, 'Estrella Graciela', 'Cabbaga', NULL, 'contreras_27@contrerasadministracion.com.ar', '5152212', NULL, NULL, 'e10adc3949ba59abbe56e057f20f883e', 'spanish', NULL, NULL, '01/06/2018 00:00', NULL, 0, NULL, 4444, DEFAULT, 5);
INSERT INTO `users` (`id_user`, `user_name`, `user_lastname`, `user_address`, `user_email`, `user_cuit`, `user_phone`, `user_picture`, `user_password`, `user_language`, `user_observations`, `user_password_restore`, `user_registration_date`, `user_last_login`, `user_login_count`, `user_deletion_date`, `user_pin`, `user_archived`, `id_role`) VALUES (28, 'Marta Rosa', 'Caggeano', NULL, 'contreras_28@contrerasadministracion.com.ar', '4679645', NULL, NULL, 'e10adc3949ba59abbe56e057f20f883e', 'spanish', NULL, NULL, '01/06/2018 00:00', NULL, 0, NULL, 4444, DEFAULT, 5);
INSERT INTO `users` (`id_user`, `user_name`, `user_lastname`, `user_address`, `user_email`, `user_cuit`, `user_phone`, `user_picture`, `user_password`, `user_language`, `user_observations`, `user_password_restore`, `user_registration_date`, `user_last_login`, `user_login_count`, `user_deletion_date`, `user_pin`, `user_archived`, `id_role`) VALUES (29, 'Andrés', 'Campodonico', NULL, 'contreras_29@contrerasadministracion.com.ar', NULL, NULL, NULL, 'e10adc3949ba59abbe56e057f20f883e', 'spanish', NULL, NULL, '01/06/2018 00:00', NULL, 0, NULL, 4444, DEFAULT, 3);
INSERT INTO `users` (`id_user`, `user_name`, `user_lastname`, `user_address`, `user_email`, `user_cuit`, `user_phone`, `user_picture`, `user_password`, `user_language`, `user_observations`, `user_password_restore`, `user_registration_date`, `user_last_login`, `user_login_count`, `user_deletion_date`, `user_pin`, `user_archived`, `id_role`) VALUES (30, 'Santiago Loc', 'Campodonico', NULL, 'contreras_30@contrerasadministracion.com.ar', '32934239', NULL, NULL, 'e10adc3949ba59abbe56e057f20f883e', 'spanish', NULL, NULL, '01/06/2018 00:00', NULL, 0, NULL, 4444, DEFAULT, 4);
INSERT INTO `users` (`id_user`, `user_name`, `user_lastname`, `user_address`, `user_email`, `user_cuit`, `user_phone`, `user_picture`, `user_password`, `user_language`, `user_observations`, `user_password_restore`, `user_registration_date`, `user_last_login`, `user_login_count`, `user_deletion_date`, `user_pin`, `user_archived`, `id_role`) VALUES (31, 'Antonio Tomas', 'Campos', NULL, 'contreras_31@contrerasadministracion.com.ar', '10186790', NULL, NULL, 'e10adc3949ba59abbe56e057f20f883e', 'spanish', NULL, NULL, '01/06/2018 00:00', NULL, 0, NULL, 4444, DEFAULT, 5);
INSERT INTO `users` (`id_user`, `user_name`, `user_lastname`, `user_address`, `user_email`, `user_cuit`, `user_phone`, `user_picture`, `user_password`, `user_language`, `user_observations`, `user_password_restore`, `user_registration_date`, `user_last_login`, `user_login_count`, `user_deletion_date`, `user_pin`, `user_archived`, `id_role`) VALUES (32, 'Magdalena ', 'Capo Ramos', NULL, 'contreras_32@contrerasadministracion.com.ar', '1560264', NULL, NULL, 'e10adc3949ba59abbe56e057f20f883e', 'spanish', NULL, NULL, '01/06/2018 00:00', NULL, 0, NULL, 4444, DEFAULT, 5);
INSERT INTO `users` (`id_user`, `user_name`, `user_lastname`, `user_address`, `user_email`, `user_cuit`, `user_phone`, `user_picture`, `user_password`, `user_language`, `user_observations`, `user_password_restore`, `user_registration_date`, `user_last_login`, `user_login_count`, `user_deletion_date`, `user_pin`, `user_archived`, `id_role`) VALUES (33, 'Luis Alberto', 'Carrizo', NULL, 'contreras_33@contrerasadministracion.com.ar', '8605322', NULL, NULL, 'e10adc3949ba59abbe56e057f20f883e', 'spanish', NULL, NULL, '01/06/2018 00:00', NULL, 0, NULL, 4444, DEFAULT, 5);
INSERT INTO `users` (`id_user`, `user_name`, `user_lastname`, `user_address`, `user_email`, `user_cuit`, `user_phone`, `user_picture`, `user_password`, `user_language`, `user_observations`, `user_password_restore`, `user_registration_date`, `user_last_login`, `user_login_count`, `user_deletion_date`, `user_pin`, `user_archived`, `id_role`) VALUES (34, 'Valeria veronica', 'Carrizo', NULL, 'contreras_34@contrerasadministracion.com.ar', '25449519', NULL, NULL, 'e10adc3949ba59abbe56e057f20f883e', 'spanish', NULL, NULL, '01/06/2018 00:00', NULL, 0, NULL, 4444, DEFAULT, 4);
INSERT INTO `users` (`id_user`, `user_name`, `user_lastname`, `user_address`, `user_email`, `user_cuit`, `user_phone`, `user_picture`, `user_password`, `user_language`, `user_observations`, `user_password_restore`, `user_registration_date`, `user_last_login`, `user_login_count`, `user_deletion_date`, `user_pin`, `user_archived`, `id_role`) VALUES (35, 'Debora Silvana', 'Casas', NULL, 'contreras_35@contrerasadministracion.com.ar', '26868524', NULL, NULL, 'e10adc3949ba59abbe56e057f20f883e', 'spanish', NULL, NULL, '01/06/2018 00:00', NULL, 0, NULL, 4444, DEFAULT, 5);
INSERT INTO `users` (`id_user`, `user_name`, `user_lastname`, `user_address`, `user_email`, `user_cuit`, `user_phone`, `user_picture`, `user_password`, `user_language`, `user_observations`, `user_password_restore`, `user_registration_date`, `user_last_login`, `user_login_count`, `user_deletion_date`, `user_pin`, `user_archived`, `id_role`) VALUES (36, 'Pablo', 'Cesareo lizarraga', NULL, 'contreras_36@contrerasadministracion.com.ar', NULL, NULL, NULL, 'e10adc3949ba59abbe56e057f20f883e', 'spanish', NULL, NULL, '01/06/2018 00:00', NULL, 0, NULL, 4444, DEFAULT, 5);
INSERT INTO `users` (`id_user`, `user_name`, `user_lastname`, `user_address`, `user_email`, `user_cuit`, `user_phone`, `user_picture`, `user_password`, `user_language`, `user_observations`, `user_password_restore`, `user_registration_date`, `user_last_login`, `user_login_count`, `user_deletion_date`, `user_pin`, `user_archived`, `id_role`) VALUES (37, 'Santiago Prop', 'Compodonico', NULL, 'contreras_37@contrerasadministracion.com.ar', NULL, NULL, NULL, 'e10adc3949ba59abbe56e057f20f883e', 'spanish', NULL, NULL, '01/06/2018 00:00', NULL, 0, NULL, 4444, DEFAULT, 3);
INSERT INTO `users` (`id_user`, `user_name`, `user_lastname`, `user_address`, `user_email`, `user_cuit`, `user_phone`, `user_picture`, `user_password`, `user_language`, `user_observations`, `user_password_restore`, `user_registration_date`, `user_last_login`, `user_login_count`, `user_deletion_date`, `user_pin`, `user_archived`, `id_role`) VALUES (38, 'Juan martin', 'Contreras', NULL, 'contreras_38@contrerasadministracion.com.ar', '25814454', NULL, NULL, 'e10adc3949ba59abbe56e057f20f883e', 'spanish', NULL, NULL, '01/06/2018 00:00', NULL, 0, NULL, 4444, DEFAULT, 4);
INSERT INTO `users` (`id_user`, `user_name`, `user_lastname`, `user_address`, `user_email`, `user_cuit`, `user_phone`, `user_picture`, `user_password`, `user_language`, `user_observations`, `user_password_restore`, `user_registration_date`, `user_last_login`, `user_login_count`, `user_deletion_date`, `user_pin`, `user_archived`, `id_role`) VALUES (39, 'Carlos favian', 'Coria', NULL, 'contreras_39@contrerasadministracion.com.ar', '22786886', NULL, NULL, 'e10adc3949ba59abbe56e057f20f883e', 'spanish', NULL, NULL, '01/06/2018 00:00', NULL, 0, NULL, 4444, DEFAULT, 4);
INSERT INTO `users` (`id_user`, `user_name`, `user_lastname`, `user_address`, `user_email`, `user_cuit`, `user_phone`, `user_picture`, `user_password`, `user_language`, `user_observations`, `user_password_restore`, `user_registration_date`, `user_last_login`, `user_login_count`, `user_deletion_date`, `user_pin`, `user_archived`, `id_role`) VALUES (40, 'Carlos Favian ', 'Coria', NULL, 'contreras_40@contrerasadministracion.com.ar', NULL, NULL, NULL, 'e10adc3949ba59abbe56e057f20f883e', 'spanish', NULL, NULL, '01/06/2018 00:00', NULL, 0, NULL, 4444, DEFAULT, 4);
INSERT INTO `users` (`id_user`, `user_name`, `user_lastname`, `user_address`, `user_email`, `user_cuit`, `user_phone`, `user_picture`, `user_password`, `user_language`, `user_observations`, `user_password_restore`, `user_registration_date`, `user_last_login`, `user_login_count`, `user_deletion_date`, `user_pin`, `user_archived`, `id_role`) VALUES (41, 'Carolina Andrea', 'Corradi', NULL, 'contreras_41@contrerasadministracion.com.ar', '24692784', NULL, NULL, 'e10adc3949ba59abbe56e057f20f883e', 'spanish', NULL, NULL, '01/06/2018 00:00', NULL, 0, NULL, 4444, DEFAULT, 4);
INSERT INTO `users` (`id_user`, `user_name`, `user_lastname`, `user_address`, `user_email`, `user_cuit`, `user_phone`, `user_picture`, `user_password`, `user_language`, `user_observations`, `user_password_restore`, `user_registration_date`, `user_last_login`, `user_login_count`, `user_deletion_date`, `user_pin`, `user_archived`, `id_role`) VALUES (42, 'Salvador', 'Corradi Larrosa', NULL, 'contreras_42@contrerasadministracion.com.ar', '23198380', NULL, NULL, 'e10adc3949ba59abbe56e057f20f883e', 'spanish', NULL, NULL, '01/06/2018 00:00', NULL, 0, NULL, 4444, DEFAULT, 5);
INSERT INTO `users` (`id_user`, `user_name`, `user_lastname`, `user_address`, `user_email`, `user_cuit`, `user_phone`, `user_picture`, `user_password`, `user_language`, `user_observations`, `user_password_restore`, `user_registration_date`, `user_last_login`, `user_login_count`, `user_deletion_date`, `user_pin`, `user_archived`, `id_role`) VALUES (43, 'Analia', 'Cruchiani', NULL, 'contreras_43@contrerasadministracion.com.ar', NULL, NULL, NULL, 'e10adc3949ba59abbe56e057f20f883e', 'spanish', NULL, NULL, '01/06/2018 00:00', NULL, 0, NULL, 4444, DEFAULT, 3);
INSERT INTO `users` (`id_user`, `user_name`, `user_lastname`, `user_address`, `user_email`, `user_cuit`, `user_phone`, `user_picture`, `user_password`, `user_language`, `user_observations`, `user_password_restore`, `user_registration_date`, `user_last_login`, `user_login_count`, `user_deletion_date`, `user_pin`, `user_archived`, `id_role`) VALUES (44, 'Hector Antonio', 'Cura', NULL, 'contreras_44@contrerasadministracion.com.ar', '13821289', NULL, NULL, 'e10adc3949ba59abbe56e057f20f883e', 'spanish', NULL, NULL, '01/06/2018 00:00', NULL, 0, NULL, 4444, DEFAULT, 5);
INSERT INTO `users` (`id_user`, `user_name`, `user_lastname`, `user_address`, `user_email`, `user_cuit`, `user_phone`, `user_picture`, `user_password`, `user_language`, `user_observations`, `user_password_restore`, `user_registration_date`, `user_last_login`, `user_login_count`, `user_deletion_date`, `user_pin`, `user_archived`, `id_role`) VALUES (45, 'Juan pablo', 'Cura', NULL, 'contreras_45@contrerasadministracion.com.ar', '32683985', NULL, NULL, 'e10adc3949ba59abbe56e057f20f883e', 'spanish', NULL, NULL, '01/06/2018 00:00', NULL, 0, NULL, 4444, DEFAULT, 4);
INSERT INTO `users` (`id_user`, `user_name`, `user_lastname`, `user_address`, `user_email`, `user_cuit`, `user_phone`, `user_picture`, `user_password`, `user_language`, `user_observations`, `user_password_restore`, `user_registration_date`, `user_last_login`, `user_login_count`, `user_deletion_date`, `user_pin`, `user_archived`, `id_role`) VALUES (46, 'Maria Florencia', 'Cura', NULL, 'contreras_46@contrerasadministracion.com.ar', '31668051', NULL, NULL, 'e10adc3949ba59abbe56e057f20f883e', 'spanish', NULL, NULL, '01/06/2018 00:00', NULL, 0, NULL, 4444, DEFAULT, 5);
INSERT INTO `users` (`id_user`, `user_name`, `user_lastname`, `user_address`, `user_email`, `user_cuit`, `user_phone`, `user_picture`, `user_password`, `user_language`, `user_observations`, `user_password_restore`, `user_registration_date`, `user_last_login`, `user_login_count`, `user_deletion_date`, `user_pin`, `user_archived`, `id_role`) VALUES (47, 'Jazmin daniela', 'Davico', NULL, 'contreras_47@contrerasadministracion.com.ar', '41265845', NULL, NULL, 'e10adc3949ba59abbe56e057f20f883e', 'spanish', NULL, NULL, '01/06/2018 00:00', NULL, 0, NULL, 4444, DEFAULT, 4);
INSERT INTO `users` (`id_user`, `user_name`, `user_lastname`, `user_address`, `user_email`, `user_cuit`, `user_phone`, `user_picture`, `user_password`, `user_language`, `user_observations`, `user_password_restore`, `user_registration_date`, `user_last_login`, `user_login_count`, `user_deletion_date`, `user_pin`, `user_archived`, `id_role`) VALUES (48, 'Karen marianne', 'Davico', NULL, 'contreras_48@contrerasadministracion.com.ar', '39024862', NULL, NULL, 'e10adc3949ba59abbe56e057f20f883e', 'spanish', NULL, NULL, '01/06/2018 00:00', NULL, 0, NULL, 4444, DEFAULT, 4);
INSERT INTO `users` (`id_user`, `user_name`, `user_lastname`, `user_address`, `user_email`, `user_cuit`, `user_phone`, `user_picture`, `user_password`, `user_language`, `user_observations`, `user_password_restore`, `user_registration_date`, `user_last_login`, `user_login_count`, `user_deletion_date`, `user_pin`, `user_archived`, `id_role`) VALUES (49, 'Marcos Damian', 'Davico', NULL, 'contreras_49@contrerasadministracion.com.ar', '34885962', NULL, NULL, 'e10adc3949ba59abbe56e057f20f883e', 'spanish', NULL, NULL, '01/06/2018 00:00', NULL, 0, NULL, 4444, DEFAULT, 5);
INSERT INTO `users` (`id_user`, `user_name`, `user_lastname`, `user_address`, `user_email`, `user_cuit`, `user_phone`, `user_picture`, `user_password`, `user_language`, `user_observations`, `user_password_restore`, `user_registration_date`, `user_last_login`, `user_login_count`, `user_deletion_date`, `user_pin`, `user_archived`, `id_role`) VALUES (50, 'Melisa Judith', 'Davico', NULL, 'contreras_50@contrerasadministracion.com.ar', '33880505', NULL, NULL, 'e10adc3949ba59abbe56e057f20f883e', 'spanish', NULL, NULL, '01/06/2018 00:00', NULL, 0, NULL, 4444, DEFAULT, 5);
INSERT INTO `users` (`id_user`, `user_name`, `user_lastname`, `user_address`, `user_email`, `user_cuit`, `user_phone`, `user_picture`, `user_password`, `user_language`, `user_observations`, `user_password_restore`, `user_registration_date`, `user_last_login`, `user_login_count`, `user_deletion_date`, `user_pin`, `user_archived`, `id_role`) VALUES (51, 'Julia Regina', 'Del valle larrosa', NULL, 'contreras_51@contrerasadministracion.com.ar', '4424212', NULL, NULL, 'e10adc3949ba59abbe56e057f20f883e', 'spanish', NULL, NULL, '01/06/2018 00:00', NULL, 0, NULL, 4444, DEFAULT, 5);
INSERT INTO `users` (`id_user`, `user_name`, `user_lastname`, `user_address`, `user_email`, `user_cuit`, `user_phone`, `user_picture`, `user_password`, `user_language`, `user_observations`, `user_password_restore`, `user_registration_date`, `user_last_login`, `user_login_count`, `user_deletion_date`, `user_pin`, `user_archived`, `id_role`) VALUES (52, 'Amanda', 'Dos anjos da silva', NULL, 'contreras_52@contrerasadministracion.com.ar', '95688759', NULL, NULL, 'e10adc3949ba59abbe56e057f20f883e', 'spanish', NULL, NULL, '01/06/2018 00:00', NULL, 0, NULL, 4444, DEFAULT, 4);
INSERT INTO `users` (`id_user`, `user_name`, `user_lastname`, `user_address`, `user_email`, `user_cuit`, `user_phone`, `user_picture`, `user_password`, `user_language`, `user_observations`, `user_password_restore`, `user_registration_date`, `user_last_login`, `user_login_count`, `user_deletion_date`, `user_pin`, `user_archived`, `id_role`) VALUES (53, 'Federica', 'Duran', NULL, 'contreras_53@contrerasadministracion.com.ar', '39054378', NULL, NULL, 'e10adc3949ba59abbe56e057f20f883e', 'spanish', NULL, NULL, '01/06/2018 00:00', NULL, 0, NULL, 4444, DEFAULT, 4);
INSERT INTO `users` (`id_user`, `user_name`, `user_lastname`, `user_address`, `user_email`, `user_cuit`, `user_phone`, `user_picture`, `user_password`, `user_language`, `user_observations`, `user_password_restore`, `user_registration_date`, `user_last_login`, `user_login_count`, `user_deletion_date`, `user_pin`, `user_archived`, `id_role`) VALUES (54, 'Livio Luis', 'Duran', NULL, 'contreras_54@contrerasadministracion.com.ar', '22312138', NULL, NULL, 'e10adc3949ba59abbe56e057f20f883e', 'spanish', NULL, NULL, '01/06/2018 00:00', NULL, 0, NULL, 4444, DEFAULT, 5);
INSERT INTO `users` (`id_user`, `user_name`, `user_lastname`, `user_address`, `user_email`, `user_cuit`, `user_phone`, `user_picture`, `user_password`, `user_language`, `user_observations`, `user_password_restore`, `user_registration_date`, `user_last_login`, `user_login_count`, `user_deletion_date`, `user_pin`, `user_archived`, `id_role`) VALUES (55, 'Isolda mercedes', 'Erk', NULL, 'contreras_55@contrerasadministracion.com.ar', '22649500', NULL, NULL, 'e10adc3949ba59abbe56e057f20f883e', 'spanish', NULL, NULL, '01/06/2018 00:00', NULL, 0, NULL, 4444, DEFAULT, 4);
INSERT INTO `users` (`id_user`, `user_name`, `user_lastname`, `user_address`, `user_email`, `user_cuit`, `user_phone`, `user_picture`, `user_password`, `user_language`, `user_observations`, `user_password_restore`, `user_registration_date`, `user_last_login`, `user_login_count`, `user_deletion_date`, `user_pin`, `user_archived`, `id_role`) VALUES (56, 'Jeremias ezequiel', 'Fabbro', NULL, 'contreras_56@contrerasadministracion.com.ar', '40820012', NULL, NULL, 'e10adc3949ba59abbe56e057f20f883e', 'spanish', NULL, NULL, '01/06/2018 00:00', NULL, 0, NULL, 4444, DEFAULT, 4);
INSERT INTO `users` (`id_user`, `user_name`, `user_lastname`, `user_address`, `user_email`, `user_cuit`, `user_phone`, `user_picture`, `user_password`, `user_language`, `user_observations`, `user_password_restore`, `user_registration_date`, `user_last_login`, `user_login_count`, `user_deletion_date`, `user_pin`, `user_archived`, `id_role`) VALUES (57, 'Matias Alberto', 'Fabbro', NULL, 'contreras_57@contrerasadministracion.com.ar', '33544820', NULL, NULL, 'e10adc3949ba59abbe56e057f20f883e', 'spanish', NULL, NULL, '01/06/2018 00:00', NULL, 0, NULL, 4444, DEFAULT, 5);
INSERT INTO `users` (`id_user`, `user_name`, `user_lastname`, `user_address`, `user_email`, `user_cuit`, `user_phone`, `user_picture`, `user_password`, `user_language`, `user_observations`, `user_password_restore`, `user_registration_date`, `user_last_login`, `user_login_count`, `user_deletion_date`, `user_pin`, `user_archived`, `id_role`) VALUES (58, 'Ricardo Alberto', 'Fabbro', NULL, 'contreras_58@contrerasadministracion.com.ar', NULL, NULL, NULL, 'e10adc3949ba59abbe56e057f20f883e', 'spanish', NULL, NULL, '01/06/2018 00:00', NULL, 0, NULL, 4444, DEFAULT, 4);
INSERT INTO `users` (`id_user`, `user_name`, `user_lastname`, `user_address`, `user_email`, `user_cuit`, `user_phone`, `user_picture`, `user_password`, `user_language`, `user_observations`, `user_password_restore`, `user_registration_date`, `user_last_login`, `user_login_count`, `user_deletion_date`, `user_pin`, `user_archived`, `id_role`) VALUES (59, 'Victor Hugo ', 'Ferrero', NULL, 'contreras_59@contrerasadministracion.com.ar', NULL, NULL, NULL, 'e10adc3949ba59abbe56e057f20f883e', 'spanish', NULL, NULL, '01/06/2018 00:00', NULL, 0, NULL, 4444, DEFAULT, 3);
INSERT INTO `users` (`id_user`, `user_name`, `user_lastname`, `user_address`, `user_email`, `user_cuit`, `user_phone`, `user_picture`, `user_password`, `user_language`, `user_observations`, `user_password_restore`, `user_registration_date`, `user_last_login`, `user_login_count`, `user_deletion_date`, `user_pin`, `user_archived`, `id_role`) VALUES (60, 'Teresa Juana', 'Ferreyra', NULL, 'contreras_60@contrerasadministracion.com.ar', '6041799', NULL, NULL, 'e10adc3949ba59abbe56e057f20f883e', 'spanish', NULL, NULL, '01/06/2018 00:00', NULL, 0, NULL, 4444, DEFAULT, 5);
INSERT INTO `users` (`id_user`, `user_name`, `user_lastname`, `user_address`, `user_email`, `user_cuit`, `user_phone`, `user_picture`, `user_password`, `user_language`, `user_observations`, `user_password_restore`, `user_registration_date`, `user_last_login`, `user_login_count`, `user_deletion_date`, `user_pin`, `user_archived`, `id_role`) VALUES (61, 'Matias Maximiliano', 'Gabrielli', NULL, 'contreras_61@contrerasadministracion.com.ar', '31844743', NULL, NULL, 'e10adc3949ba59abbe56e057f20f883e', 'spanish', NULL, NULL, '01/06/2018 00:00', NULL, 0, NULL, 4444, DEFAULT, 5);
INSERT INTO `users` (`id_user`, `user_name`, `user_lastname`, `user_address`, `user_email`, `user_cuit`, `user_phone`, `user_picture`, `user_password`, `user_language`, `user_observations`, `user_password_restore`, `user_registration_date`, `user_last_login`, `user_login_count`, `user_deletion_date`, `user_pin`, `user_archived`, `id_role`) VALUES (62, 'Fabian Alejandro', 'Garcia', NULL, 'contreras_62@contrerasadministracion.com.ar', '16445893', NULL, NULL, 'e10adc3949ba59abbe56e057f20f883e', 'spanish', NULL, NULL, '01/06/2018 00:00', NULL, 0, NULL, 4444, DEFAULT, 5);
INSERT INTO `users` (`id_user`, `user_name`, `user_lastname`, `user_address`, `user_email`, `user_cuit`, `user_phone`, `user_picture`, `user_password`, `user_language`, `user_observations`, `user_password_restore`, `user_registration_date`, `user_last_login`, `user_login_count`, `user_deletion_date`, `user_pin`, `user_archived`, `id_role`) VALUES (63, 'Garrido Gladis Graciela', 'Garrido', NULL, 'contreras_63@contrerasadministracion.com.ar', '17493428', NULL, NULL, 'e10adc3949ba59abbe56e057f20f883e', 'spanish', NULL, NULL, '01/06/2018 00:00', NULL, 0, NULL, 4444, DEFAULT, 5);
INSERT INTO `users` (`id_user`, `user_name`, `user_lastname`, `user_address`, `user_email`, `user_cuit`, `user_phone`, `user_picture`, `user_password`, `user_language`, `user_observations`, `user_password_restore`, `user_registration_date`, `user_last_login`, `user_login_count`, `user_deletion_date`, `user_pin`, `user_archived`, `id_role`) VALUES (64, 'Patricia Magdalena', 'Giraudo', NULL, 'contreras_64@contrerasadministracion.com.ar', '16330461', NULL, NULL, 'e10adc3949ba59abbe56e057f20f883e', 'spanish', NULL, NULL, '01/06/2018 00:00', NULL, 0, NULL, 4444, DEFAULT, 5);
INSERT INTO `users` (`id_user`, `user_name`, `user_lastname`, `user_address`, `user_email`, `user_cuit`, `user_phone`, `user_picture`, `user_password`, `user_language`, `user_observations`, `user_password_restore`, `user_registration_date`, `user_last_login`, `user_login_count`, `user_deletion_date`, `user_pin`, `user_archived`, `id_role`) VALUES (65, 'María Verónica ', 'Goris', NULL, 'contreras_65@contrerasadministracion.com.ar', NULL, NULL, NULL, 'e10adc3949ba59abbe56e057f20f883e', 'spanish', NULL, NULL, '01/06/2018 00:00', NULL, 0, NULL, 4444, DEFAULT, 3);
INSERT INTO `users` (`id_user`, `user_name`, `user_lastname`, `user_address`, `user_email`, `user_cuit`, `user_phone`, `user_picture`, `user_password`, `user_language`, `user_observations`, `user_password_restore`, `user_registration_date`, `user_last_login`, `user_login_count`, `user_deletion_date`, `user_pin`, `user_archived`, `id_role`) VALUES (66, 'Jose Luis', 'Gregorio ', NULL, 'contreras_66@contrerasadministracion.com.ar', '11189549', NULL, NULL, 'e10adc3949ba59abbe56e057f20f883e', 'spanish', NULL, NULL, '01/06/2018 00:00', NULL, 0, NULL, 4444, DEFAULT, 5);
INSERT INTO `users` (`id_user`, `user_name`, `user_lastname`, `user_address`, `user_email`, `user_cuit`, `user_phone`, `user_picture`, `user_password`, `user_language`, `user_observations`, `user_password_restore`, `user_registration_date`, `user_last_login`, `user_login_count`, `user_deletion_date`, `user_pin`, `user_archived`, `id_role`) VALUES (67, 'Jose ignacio', 'Gregorio viel', NULL, 'contreras_67@contrerasadministracion.com.ar', '32281508', NULL, NULL, 'e10adc3949ba59abbe56e057f20f883e', 'spanish', NULL, NULL, '01/06/2018 00:00', NULL, 0, NULL, 4444, DEFAULT, 4);
INSERT INTO `users` (`id_user`, `user_name`, `user_lastname`, `user_address`, `user_email`, `user_cuit`, `user_phone`, `user_picture`, `user_password`, `user_language`, `user_observations`, `user_password_restore`, `user_registration_date`, `user_last_login`, `user_login_count`, `user_deletion_date`, `user_pin`, `user_archived`, `id_role`) VALUES (68, 'Noelia Belen', 'Gregorio viel', NULL, 'contreras_68@contrerasadministracion.com.ar', '30845966', NULL, NULL, 'e10adc3949ba59abbe56e057f20f883e', 'spanish', NULL, NULL, '01/06/2018 00:00', NULL, 0, NULL, 4444, DEFAULT, 5);
INSERT INTO `users` (`id_user`, `user_name`, `user_lastname`, `user_address`, `user_email`, `user_cuit`, `user_phone`, `user_picture`, `user_password`, `user_language`, `user_observations`, `user_password_restore`, `user_registration_date`, `user_last_login`, `user_login_count`, `user_deletion_date`, `user_pin`, `user_archived`, `id_role`) VALUES (69, 'Diana Carolina', 'Herrera cuellar', NULL, 'contreras_69@contrerasadministracion.com.ar', '94954592', NULL, NULL, 'e10adc3949ba59abbe56e057f20f883e', 'spanish', NULL, NULL, '01/06/2018 00:00', NULL, 0, NULL, 4444, DEFAULT, 5);
INSERT INTO `users` (`id_user`, `user_name`, `user_lastname`, `user_address`, `user_email`, `user_cuit`, `user_phone`, `user_picture`, `user_password`, `user_language`, `user_observations`, `user_password_restore`, `user_registration_date`, `user_last_login`, `user_login_count`, `user_deletion_date`, `user_pin`, `user_archived`, `id_role`) VALUES (70, 'Agostina Belen ', 'Hornus', NULL, 'contreras_70@contrerasadministracion.com.ar', NULL, NULL, NULL, 'e10adc3949ba59abbe56e057f20f883e', 'spanish', NULL, NULL, '01/06/2018 00:00', NULL, 0, NULL, 4444, DEFAULT, 4);
INSERT INTO `users` (`id_user`, `user_name`, `user_lastname`, `user_address`, `user_email`, `user_cuit`, `user_phone`, `user_picture`, `user_password`, `user_language`, `user_observations`, `user_password_restore`, `user_registration_date`, `user_last_login`, `user_login_count`, `user_deletion_date`, `user_pin`, `user_archived`, `id_role`) VALUES (71, 'Jose Nicolas', 'Jaime', NULL, 'contreras_71@contrerasadministracion.com.ar', '28657460', NULL, NULL, 'e10adc3949ba59abbe56e057f20f883e', 'spanish', NULL, NULL, '01/06/2018 00:00', NULL, 0, NULL, 4444, DEFAULT, 5);
INSERT INTO `users` (`id_user`, `user_name`, `user_lastname`, `user_address`, `user_email`, `user_cuit`, `user_phone`, `user_picture`, `user_password`, `user_language`, `user_observations`, `user_password_restore`, `user_registration_date`, `user_last_login`, `user_login_count`, `user_deletion_date`, `user_pin`, `user_archived`, `id_role`) VALUES (72, 'Sergio alberto', 'Kalaz', NULL, 'contreras_72@contrerasadministracion.com.ar', '13936033', NULL, NULL, 'e10adc3949ba59abbe56e057f20f883e', 'spanish', NULL, NULL, '01/06/2018 00:00', NULL, 0, NULL, 4444, DEFAULT, 4);
INSERT INTO `users` (`id_user`, `user_name`, `user_lastname`, `user_address`, `user_email`, `user_cuit`, `user_phone`, `user_picture`, `user_password`, `user_language`, `user_observations`, `user_password_restore`, `user_registration_date`, `user_last_login`, `user_login_count`, `user_deletion_date`, `user_pin`, `user_archived`, `id_role`) VALUES (73, 'Mariana', 'Kesler', NULL, 'contreras_73@contrerasadministracion.com.ar', '37799852', NULL, NULL, 'e10adc3949ba59abbe56e057f20f883e', 'spanish', NULL, NULL, '01/06/2018 00:00', NULL, 0, NULL, 4444, DEFAULT, 4);
INSERT INTO `users` (`id_user`, `user_name`, `user_lastname`, `user_address`, `user_email`, `user_cuit`, `user_phone`, `user_picture`, `user_password`, `user_language`, `user_observations`, `user_password_restore`, `user_registration_date`, `user_last_login`, `user_login_count`, `user_deletion_date`, `user_pin`, `user_archived`, `id_role`) VALUES (74, 'Victor Andres', 'Kowalsky', NULL, 'contreras_74@contrerasadministracion.com.ar', '16568501', NULL, NULL, 'e10adc3949ba59abbe56e057f20f883e', 'spanish', NULL, NULL, '01/06/2018 00:00', NULL, 0, NULL, 4444, DEFAULT, 5);
INSERT INTO `users` (`id_user`, `user_name`, `user_lastname`, `user_address`, `user_email`, `user_cuit`, `user_phone`, `user_picture`, `user_password`, `user_language`, `user_observations`, `user_password_restore`, `user_registration_date`, `user_last_login`, `user_login_count`, `user_deletion_date`, `user_pin`, `user_archived`, `id_role`) VALUES (75, 'Juana Rosa', 'Lagraña', NULL, 'contreras_75@contrerasadministracion.com.ar', '10874764', NULL, NULL, 'e10adc3949ba59abbe56e057f20f883e', 'spanish', NULL, NULL, '01/06/2018 00:00', NULL, 0, NULL, 4444, DEFAULT, 5);
INSERT INTO `users` (`id_user`, `user_name`, `user_lastname`, `user_address`, `user_email`, `user_cuit`, `user_phone`, `user_picture`, `user_password`, `user_language`, `user_observations`, `user_password_restore`, `user_registration_date`, `user_last_login`, `user_login_count`, `user_deletion_date`, `user_pin`, `user_archived`, `id_role`) VALUES (76, 'Javier Matias', 'Lansky', NULL, 'contreras_76@contrerasadministracion.com.ar', '31569317', NULL, NULL, 'e10adc3949ba59abbe56e057f20f883e', 'spanish', NULL, NULL, '01/06/2018 00:00', NULL, 0, NULL, 4444, DEFAULT, 5);
INSERT INTO `users` (`id_user`, `user_name`, `user_lastname`, `user_address`, `user_email`, `user_cuit`, `user_phone`, `user_picture`, `user_password`, `user_language`, `user_observations`, `user_password_restore`, `user_registration_date`, `user_last_login`, `user_login_count`, `user_deletion_date`, `user_pin`, `user_archived`, `id_role`) VALUES (77, 'Lorca Elisa Graciela', 'Lorca', NULL, 'contreras_77@contrerasadministracion.com.ar', '17064534', NULL, NULL, 'e10adc3949ba59abbe56e057f20f883e', 'spanish', NULL, NULL, '01/06/2018 00:00', NULL, 0, NULL, 4444, DEFAULT, 5);
INSERT INTO `users` (`id_user`, `user_name`, `user_lastname`, `user_address`, `user_email`, `user_cuit`, `user_phone`, `user_picture`, `user_password`, `user_language`, `user_observations`, `user_password_restore`, `user_registration_date`, `user_last_login`, `user_login_count`, `user_deletion_date`, `user_pin`, `user_archived`, `id_role`) VALUES (78, 'Miguel Eduardo', 'Lorca', NULL, 'contreras_78@contrerasadministracion.com.ar', '14043548', NULL, NULL, 'e10adc3949ba59abbe56e057f20f883e', 'spanish', NULL, NULL, '01/06/2018 00:00', NULL, 0, NULL, 4444, DEFAULT, 5);
INSERT INTO `users` (`id_user`, `user_name`, `user_lastname`, `user_address`, `user_email`, `user_cuit`, `user_phone`, `user_picture`, `user_password`, `user_language`, `user_observations`, `user_password_restore`, `user_registration_date`, `user_last_login`, `user_login_count`, `user_deletion_date`, `user_pin`, `user_archived`, `id_role`) VALUES (79, 'Sofia', 'Lorca', NULL, 'contreras_79@contrerasadministracion.com.ar', '34352674', NULL, NULL, 'e10adc3949ba59abbe56e057f20f883e', 'spanish', NULL, NULL, '01/06/2018 00:00', NULL, 0, NULL, 4444, DEFAULT, 4);
INSERT INTO `users` (`id_user`, `user_name`, `user_lastname`, `user_address`, `user_email`, `user_cuit`, `user_phone`, `user_picture`, `user_password`, `user_language`, `user_observations`, `user_password_restore`, `user_registration_date`, `user_last_login`, `user_login_count`, `user_deletion_date`, `user_pin`, `user_archived`, `id_role`) VALUES (80, 'Elisa Graciela', 'Lorca ', NULL, 'contreras_80@contrerasadministracion.com.ar', NULL, NULL, NULL, 'e10adc3949ba59abbe56e057f20f883e', 'spanish', NULL, NULL, '01/06/2018 00:00', NULL, 0, NULL, 4444, DEFAULT, 5);
INSERT INTO `users` (`id_user`, `user_name`, `user_lastname`, `user_address`, `user_email`, `user_cuit`, `user_phone`, `user_picture`, `user_password`, `user_language`, `user_observations`, `user_password_restore`, `user_registration_date`, `user_last_login`, `user_login_count`, `user_deletion_date`, `user_pin`, `user_archived`, `id_role`) VALUES (81, 'Christian Ricardo', 'Luca', NULL, 'contreras_81@contrerasadministracion.com.ar', NULL, NULL, NULL, 'e10adc3949ba59abbe56e057f20f883e', 'spanish', NULL, NULL, '01/06/2018 00:00', NULL, 0, NULL, 4444, DEFAULT, 3);
INSERT INTO `users` (`id_user`, `user_name`, `user_lastname`, `user_address`, `user_email`, `user_cuit`, `user_phone`, `user_picture`, `user_password`, `user_language`, `user_observations`, `user_password_restore`, `user_registration_date`, `user_last_login`, `user_login_count`, `user_deletion_date`, `user_pin`, `user_archived`, `id_role`) VALUES (82, 'Monica Ruth ', 'Lukasiewicz', NULL, 'contreras_82@contrerasadministracion.com.ar', NULL, NULL, NULL, 'e10adc3949ba59abbe56e057f20f883e', 'spanish', NULL, NULL, '01/06/2018 00:00', NULL, 0, NULL, 4444, DEFAULT, 4);
INSERT INTO `users` (`id_user`, `user_name`, `user_lastname`, `user_address`, `user_email`, `user_cuit`, `user_phone`, `user_picture`, `user_password`, `user_language`, `user_observations`, `user_password_restore`, `user_registration_date`, `user_last_login`, `user_login_count`, `user_deletion_date`, `user_pin`, `user_archived`, `id_role`) VALUES (83, 'Humberto Fabian ', 'Mammoli', NULL, 'contreras_83@contrerasadministracion.com.ar', '22760888', NULL, NULL, 'e10adc3949ba59abbe56e057f20f883e', 'spanish', NULL, NULL, '01/06/2018 00:00', NULL, 0, NULL, 4444, DEFAULT, 4);
INSERT INTO `users` (`id_user`, `user_name`, `user_lastname`, `user_address`, `user_email`, `user_cuit`, `user_phone`, `user_picture`, `user_password`, `user_language`, `user_observations`, `user_password_restore`, `user_registration_date`, `user_last_login`, `user_login_count`, `user_deletion_date`, `user_pin`, `user_archived`, `id_role`) VALUES (84, 'Daniela Alejandra', 'Marcos', NULL, 'contreras_84@contrerasadministracion.com.ar', '31579641', NULL, NULL, 'e10adc3949ba59abbe56e057f20f883e', 'spanish', NULL, NULL, '01/06/2018 00:00', NULL, 0, NULL, 4444, DEFAULT, 5);
INSERT INTO `users` (`id_user`, `user_name`, `user_lastname`, `user_address`, `user_email`, `user_cuit`, `user_phone`, `user_picture`, `user_password`, `user_language`, `user_observations`, `user_password_restore`, `user_registration_date`, `user_last_login`, `user_login_count`, `user_deletion_date`, `user_pin`, `user_archived`, `id_role`) VALUES (85, 'Eduardo Jorge', 'Merida', NULL, 'contreras_85@contrerasadministracion.com.ar', '10437412', NULL, NULL, 'e10adc3949ba59abbe56e057f20f883e', 'spanish', NULL, NULL, '01/06/2018 00:00', NULL, 0, NULL, 4444, DEFAULT, 5);
INSERT INTO `users` (`id_user`, `user_name`, `user_lastname`, `user_address`, `user_email`, `user_cuit`, `user_phone`, `user_picture`, `user_password`, `user_language`, `user_observations`, `user_password_restore`, `user_registration_date`, `user_last_login`, `user_login_count`, `user_deletion_date`, `user_pin`, `user_archived`, `id_role`) VALUES (86, 'Melanie andrea', 'Merida', NULL, 'contreras_86@contrerasadministracion.com.ar', '31613696', NULL, NULL, 'e10adc3949ba59abbe56e057f20f883e', 'spanish', NULL, NULL, '01/06/2018 00:00', NULL, 0, NULL, 4444, DEFAULT, 4);
INSERT INTO `users` (`id_user`, `user_name`, `user_lastname`, `user_address`, `user_email`, `user_cuit`, `user_phone`, `user_picture`, `user_password`, `user_language`, `user_observations`, `user_password_restore`, `user_registration_date`, `user_last_login`, `user_login_count`, `user_deletion_date`, `user_pin`, `user_archived`, `id_role`) VALUES (87, 'Santiago', 'Minardi soria', NULL, 'contreras_87@contrerasadministracion.com.ar', '31957104', NULL, NULL, 'e10adc3949ba59abbe56e057f20f883e', 'spanish', NULL, NULL, '01/06/2018 00:00', NULL, 0, NULL, 4444, DEFAULT, 5);
INSERT INTO `users` (`id_user`, `user_name`, `user_lastname`, `user_address`, `user_email`, `user_cuit`, `user_phone`, `user_picture`, `user_password`, `user_language`, `user_observations`, `user_password_restore`, `user_registration_date`, `user_last_login`, `user_login_count`, `user_deletion_date`, `user_pin`, `user_archived`, `id_role`) VALUES (88, 'Lukasiewicz', 'Monica ruth', NULL, 'contreras_88@contrerasadministracion.com.ar', '14683238', NULL, NULL, 'e10adc3949ba59abbe56e057f20f883e', 'spanish', NULL, NULL, '01/06/2018 00:00', NULL, 0, NULL, 4444, DEFAULT, 4);
INSERT INTO `users` (`id_user`, `user_name`, `user_lastname`, `user_address`, `user_email`, `user_cuit`, `user_phone`, `user_picture`, `user_password`, `user_language`, `user_observations`, `user_password_restore`, `user_registration_date`, `user_last_login`, `user_login_count`, `user_deletion_date`, `user_pin`, `user_archived`, `id_role`) VALUES (89, 'Yanina Carla', 'Monteverde', NULL, 'contreras_89@contrerasadministracion.com.ar', '28766961', NULL, NULL, 'e10adc3949ba59abbe56e057f20f883e', 'spanish', NULL, NULL, '01/06/2018 00:00', NULL, 0, NULL, 4444, DEFAULT, 5);
INSERT INTO `users` (`id_user`, `user_name`, `user_lastname`, `user_address`, `user_email`, `user_cuit`, `user_phone`, `user_picture`, `user_password`, `user_language`, `user_observations`, `user_password_restore`, `user_registration_date`, `user_last_login`, `user_login_count`, `user_deletion_date`, `user_pin`, `user_archived`, `id_role`) VALUES (90, 'María del Carmen ', 'Montironi', 'Lopez y Planes esq. Pasaje 3. Carlos Paz', 'contreras_90@contrerasadministracion.com.ar', NULL, '3516510246', NULL, 'e10adc3949ba59abbe56e057f20f883e', 'spanish', 'Efectivo, Transferencia', NULL, '01/06/2018 00:00', NULL, 0, NULL, 4444, DEFAULT, 3);
INSERT INTO `users` (`id_user`, `user_name`, `user_lastname`, `user_address`, `user_email`, `user_cuit`, `user_phone`, `user_picture`, `user_password`, `user_language`, `user_observations`, `user_password_restore`, `user_registration_date`, `user_last_login`, `user_login_count`, `user_deletion_date`, `user_pin`, `user_archived`, `id_role`) VALUES (91, 'Celia Isabel', 'Moreno', NULL, 'contreras_91@contrerasadministracion.com.ar', '22416339', NULL, NULL, 'e10adc3949ba59abbe56e057f20f883e', 'spanish', NULL, NULL, '01/06/2018 00:00', NULL, 0, NULL, 4444, DEFAULT, 5);
INSERT INTO `users` (`id_user`, `user_name`, `user_lastname`, `user_address`, `user_email`, `user_cuit`, `user_phone`, `user_picture`, `user_password`, `user_language`, `user_observations`, `user_password_restore`, `user_registration_date`, `user_last_login`, `user_login_count`, `user_deletion_date`, `user_pin`, `user_archived`, `id_role`) VALUES (92, 'Carlos Luis', 'Murua', NULL, 'contreras_92@contrerasadministracion.com.ar', '12529079', NULL, NULL, 'e10adc3949ba59abbe56e057f20f883e', 'spanish', NULL, NULL, '01/06/2018 00:00', NULL, 0, NULL, 4444, DEFAULT, 5);
INSERT INTO `users` (`id_user`, `user_name`, `user_lastname`, `user_address`, `user_email`, `user_cuit`, `user_phone`, `user_picture`, `user_password`, `user_language`, `user_observations`, `user_password_restore`, `user_registration_date`, `user_last_login`, `user_login_count`, `user_deletion_date`, `user_pin`, `user_archived`, `id_role`) VALUES (93, 'Carmen Olga', 'Murua', NULL, 'contreras_93@contrerasadministracion.com.ar', '4483561', NULL, NULL, 'e10adc3949ba59abbe56e057f20f883e', 'spanish', NULL, NULL, '01/06/2018 00:00', NULL, 0, NULL, 4444, DEFAULT, 5);
INSERT INTO `users` (`id_user`, `user_name`, `user_lastname`, `user_address`, `user_email`, `user_cuit`, `user_phone`, `user_picture`, `user_password`, `user_language`, `user_observations`, `user_password_restore`, `user_registration_date`, `user_last_login`, `user_login_count`, `user_deletion_date`, `user_pin`, `user_archived`, `id_role`) VALUES (94, 'Bruno Sebastian', 'Ojeda', NULL, 'contreras_94@contrerasadministracion.com.ar', '25667825', NULL, NULL, 'e10adc3949ba59abbe56e057f20f883e', 'spanish', NULL, NULL, '01/06/2018 00:00', NULL, 0, NULL, 4444, DEFAULT, 5);
INSERT INTO `users` (`id_user`, `user_name`, `user_lastname`, `user_address`, `user_email`, `user_cuit`, `user_phone`, `user_picture`, `user_password`, `user_language`, `user_observations`, `user_password_restore`, `user_registration_date`, `user_last_login`, `user_login_count`, `user_deletion_date`, `user_pin`, `user_archived`, `id_role`) VALUES (95, 'Luana agostina', 'Ojeda', NULL, 'contreras_95@contrerasadministracion.com.ar', '41519715', NULL, NULL, 'e10adc3949ba59abbe56e057f20f883e', 'spanish', NULL, NULL, '01/06/2018 00:00', NULL, 0, NULL, 4444, DEFAULT, 4);
INSERT INTO `users` (`id_user`, `user_name`, `user_lastname`, `user_address`, `user_email`, `user_cuit`, `user_phone`, `user_picture`, `user_password`, `user_language`, `user_observations`, `user_password_restore`, `user_registration_date`, `user_last_login`, `user_login_count`, `user_deletion_date`, `user_pin`, `user_archived`, `id_role`) VALUES (96, 'Marta Susana', 'Ojeda', NULL, 'contreras_96@contrerasadministracion.com.ar', '11827552', NULL, NULL, 'e10adc3949ba59abbe56e057f20f883e', 'spanish', NULL, NULL, '01/06/2018 00:00', NULL, 0, NULL, 4444, DEFAULT, 5);
INSERT INTO `users` (`id_user`, `user_name`, `user_lastname`, `user_address`, `user_email`, `user_cuit`, `user_phone`, `user_picture`, `user_password`, `user_language`, `user_observations`, `user_password_restore`, `user_registration_date`, `user_last_login`, `user_login_count`, `user_deletion_date`, `user_pin`, `user_archived`, `id_role`) VALUES (97, 'Silvina', 'Ojeda', NULL, 'contreras_97@contrerasadministracion.com.ar', '26520641', NULL, NULL, 'e10adc3949ba59abbe56e057f20f883e', 'spanish', NULL, NULL, '01/06/2018 00:00', NULL, 0, NULL, 4444, DEFAULT, 5);
INSERT INTO `users` (`id_user`, `user_name`, `user_lastname`, `user_address`, `user_email`, `user_cuit`, `user_phone`, `user_picture`, `user_password`, `user_language`, `user_observations`, `user_password_restore`, `user_registration_date`, `user_last_login`, `user_login_count`, `user_deletion_date`, `user_pin`, `user_archived`, `id_role`) VALUES (98, 'Elisa Ines', 'Olmedo', NULL, 'contreras_98@contrerasadministracion.com.ar', '22496807', NULL, NULL, 'e10adc3949ba59abbe56e057f20f883e', 'spanish', NULL, NULL, '01/06/2018 00:00', NULL, 0, NULL, 4444, DEFAULT, 5);
INSERT INTO `users` (`id_user`, `user_name`, `user_lastname`, `user_address`, `user_email`, `user_cuit`, `user_phone`, `user_picture`, `user_password`, `user_language`, `user_observations`, `user_password_restore`, `user_registration_date`, `user_last_login`, `user_login_count`, `user_deletion_date`, `user_pin`, `user_archived`, `id_role`) VALUES (99, 'Ivana Mariel', 'Paiva', NULL, 'contreras_99@contrerasadministracion.com.ar', '37900145', NULL, NULL, 'e10adc3949ba59abbe56e057f20f883e', 'spanish', NULL, NULL, '01/06/2018 00:00', NULL, 0, NULL, 4444, DEFAULT, 4);
INSERT INTO `users` (`id_user`, `user_name`, `user_lastname`, `user_address`, `user_email`, `user_cuit`, `user_phone`, `user_picture`, `user_password`, `user_language`, `user_observations`, `user_password_restore`, `user_registration_date`, `user_last_login`, `user_login_count`, `user_deletion_date`, `user_pin`, `user_archived`, `id_role`) VALUES (100, 'Lidia Ester', 'Panzarasa', NULL, 'contreras_100@contrerasadministracion.com.ar', '10269417', NULL, NULL, 'e10adc3949ba59abbe56e057f20f883e', 'spanish', NULL, NULL, '01/06/2018 00:00', NULL, 0, NULL, 4444, DEFAULT, 5);
INSERT INTO `users` (`id_user`, `user_name`, `user_lastname`, `user_address`, `user_email`, `user_cuit`, `user_phone`, `user_picture`, `user_password`, `user_language`, `user_observations`, `user_password_restore`, `user_registration_date`, `user_last_login`, `user_login_count`, `user_deletion_date`, `user_pin`, `user_archived`, `id_role`) VALUES (101, 'Joaquin sebastian', 'Perez', NULL, 'contreras_101@contrerasadministracion.com.ar', '36058211', NULL, NULL, 'e10adc3949ba59abbe56e057f20f883e', 'spanish', NULL, NULL, '01/06/2018 00:00', NULL, 0, NULL, 4444, DEFAULT, 4);
INSERT INTO `users` (`id_user`, `user_name`, `user_lastname`, `user_address`, `user_email`, `user_cuit`, `user_phone`, `user_picture`, `user_password`, `user_language`, `user_observations`, `user_password_restore`, `user_registration_date`, `user_last_login`, `user_login_count`, `user_deletion_date`, `user_pin`, `user_archived`, `id_role`) VALUES (102, 'Perez Raul Garrido', 'Perez', NULL, 'contreras_102@contrerasadministracion.com.ar', '16255897', NULL, NULL, 'e10adc3949ba59abbe56e057f20f883e', 'spanish', NULL, NULL, '01/06/2018 00:00', NULL, 0, NULL, 4444, DEFAULT, 5);
INSERT INTO `users` (`id_user`, `user_name`, `user_lastname`, `user_address`, `user_email`, `user_cuit`, `user_phone`, `user_picture`, `user_password`, `user_language`, `user_observations`, `user_password_restore`, `user_registration_date`, `user_last_login`, `user_login_count`, `user_deletion_date`, `user_pin`, `user_archived`, `id_role`) VALUES (103, 'Raul ', 'Perez Garrido', NULL, 'contreras_103@contrerasadministracion.com.ar', NULL, NULL, NULL, 'e10adc3949ba59abbe56e057f20f883e', 'spanish', NULL, NULL, '01/06/2018 00:00', NULL, 0, NULL, 4444, DEFAULT, 5);
INSERT INTO `users` (`id_user`, `user_name`, `user_lastname`, `user_address`, `user_email`, `user_cuit`, `user_phone`, `user_picture`, `user_password`, `user_language`, `user_observations`, `user_password_restore`, `user_registration_date`, `user_last_login`, `user_login_count`, `user_deletion_date`, `user_pin`, `user_archived`, `id_role`) VALUES (104, 'Franco emanuel', 'Piatti', NULL, 'contreras_104@contrerasadministracion.com.ar', '30844919', NULL, NULL, 'e10adc3949ba59abbe56e057f20f883e', 'spanish', NULL, NULL, '01/06/2018 00:00', NULL, 0, NULL, 4444, DEFAULT, 4);
INSERT INTO `users` (`id_user`, `user_name`, `user_lastname`, `user_address`, `user_email`, `user_cuit`, `user_phone`, `user_picture`, `user_password`, `user_language`, `user_observations`, `user_password_restore`, `user_registration_date`, `user_last_login`, `user_login_count`, `user_deletion_date`, `user_pin`, `user_archived`, `id_role`) VALUES (105, 'Facundo nicolas', 'Picotto', NULL, 'contreras_105@contrerasadministracion.com.ar', '39392020', NULL, NULL, 'e10adc3949ba59abbe56e057f20f883e', 'spanish', NULL, NULL, '01/06/2018 00:00', NULL, 0, NULL, 4444, DEFAULT, 4);
INSERT INTO `users` (`id_user`, `user_name`, `user_lastname`, `user_address`, `user_email`, `user_cuit`, `user_phone`, `user_picture`, `user_password`, `user_language`, `user_observations`, `user_password_restore`, `user_registration_date`, `user_last_login`, `user_login_count`, `user_deletion_date`, `user_pin`, `user_archived`, `id_role`) VALUES (106, 'Rover Matea ramon', 'Picotto', NULL, 'contreras_106@contrerasadministracion.com.ar', '14005709', NULL, NULL, 'e10adc3949ba59abbe56e057f20f883e', 'spanish', NULL, NULL, '01/06/2018 00:00', NULL, 0, NULL, 4444, DEFAULT, 5);
INSERT INTO `users` (`id_user`, `user_name`, `user_lastname`, `user_address`, `user_email`, `user_cuit`, `user_phone`, `user_picture`, `user_password`, `user_language`, `user_observations`, `user_password_restore`, `user_registration_date`, `user_last_login`, `user_login_count`, `user_deletion_date`, `user_pin`, `user_archived`, `id_role`) VALUES (107, 'Mariano', 'Pignata', NULL, 'contreras_107@contrerasadministracion.com.ar', NULL, NULL, NULL, 'e10adc3949ba59abbe56e057f20f883e', 'spanish', NULL, NULL, '01/06/2018 00:00', NULL, 0, NULL, 4444, DEFAULT, 3);
INSERT INTO `users` (`id_user`, `user_name`, `user_lastname`, `user_address`, `user_email`, `user_cuit`, `user_phone`, `user_picture`, `user_password`, `user_language`, `user_observations`, `user_password_restore`, `user_registration_date`, `user_last_login`, `user_login_count`, `user_deletion_date`, `user_pin`, `user_archived`, `id_role`) VALUES (108, 'Eleonora', 'Plomer', NULL, 'contreras_108@contrerasadministracion.com.ar', NULL, NULL, NULL, 'e10adc3949ba59abbe56e057f20f883e', 'spanish', NULL, NULL, '01/06/2018 00:00', NULL, 0, NULL, 4444, DEFAULT, 3);
INSERT INTO `users` (`id_user`, `user_name`, `user_lastname`, `user_address`, `user_email`, `user_cuit`, `user_phone`, `user_picture`, `user_password`, `user_language`, `user_observations`, `user_password_restore`, `user_registration_date`, `user_last_login`, `user_login_count`, `user_deletion_date`, `user_pin`, `user_archived`, `id_role`) VALUES (109, 'Fernando david', 'Poma', NULL, 'contreras_109@contrerasadministracion.com.ar', '25642650', NULL, NULL, 'e10adc3949ba59abbe56e057f20f883e', 'spanish', NULL, NULL, '01/06/2018 00:00', NULL, 0, NULL, 4444, DEFAULT, 4);
INSERT INTO `users` (`id_user`, `user_name`, `user_lastname`, `user_address`, `user_email`, `user_cuit`, `user_phone`, `user_picture`, `user_password`, `user_language`, `user_observations`, `user_password_restore`, `user_registration_date`, `user_last_login`, `user_login_count`, `user_deletion_date`, `user_pin`, `user_archived`, `id_role`) VALUES (110, 'Ricardo Abel', 'Poma', NULL, 'contreras_110@contrerasadministracion.com.ar', '23683076', NULL, NULL, 'e10adc3949ba59abbe56e057f20f883e', 'spanish', NULL, NULL, '01/06/2018 00:00', NULL, 0, NULL, 4444, DEFAULT, 5);
INSERT INTO `users` (`id_user`, `user_name`, `user_lastname`, `user_address`, `user_email`, `user_cuit`, `user_phone`, `user_picture`, `user_password`, `user_language`, `user_observations`, `user_password_restore`, `user_registration_date`, `user_last_login`, `user_login_count`, `user_deletion_date`, `user_pin`, `user_archived`, `id_role`) VALUES (111, 'Fernando David ', 'Pomad', NULL, 'contreras_111@contrerasadministracion.com.ar', NULL, NULL, NULL, 'e10adc3949ba59abbe56e057f20f883e', 'spanish', NULL, NULL, '01/06/2018 00:00', NULL, 0, NULL, 4444, DEFAULT, 4);
INSERT INTO `users` (`id_user`, `user_name`, `user_lastname`, `user_address`, `user_email`, `user_cuit`, `user_phone`, `user_picture`, `user_password`, `user_language`, `user_observations`, `user_password_restore`, `user_registration_date`, `user_last_login`, `user_login_count`, `user_deletion_date`, `user_pin`, `user_archived`, `id_role`) VALUES (112, 'Mario', 'Prataviera', NULL, 'contreras_112@contrerasadministracion.com.ar', NULL, NULL, NULL, 'e10adc3949ba59abbe56e057f20f883e', 'spanish', NULL, NULL, '01/06/2018 00:00', NULL, 0, NULL, 4444, DEFAULT, 7);
INSERT INTO `users` (`id_user`, `user_name`, `user_lastname`, `user_address`, `user_email`, `user_cuit`, `user_phone`, `user_picture`, `user_password`, `user_language`, `user_observations`, `user_password_restore`, `user_registration_date`, `user_last_login`, `user_login_count`, `user_deletion_date`, `user_pin`, `user_archived`, `id_role`) VALUES (113, 'Paula andrea', 'Ramirez bejarano', NULL, 'contreras_113@contrerasadministracion.com.ar', '34542193', NULL, NULL, 'e10adc3949ba59abbe56e057f20f883e', 'spanish', NULL, NULL, '01/06/2018 00:00', NULL, 0, NULL, 4444, DEFAULT, 4);
INSERT INTO `users` (`id_user`, `user_name`, `user_lastname`, `user_address`, `user_email`, `user_cuit`, `user_phone`, `user_picture`, `user_password`, `user_language`, `user_observations`, `user_password_restore`, `user_registration_date`, `user_last_login`, `user_login_count`, `user_deletion_date`, `user_pin`, `user_archived`, `id_role`) VALUES (114, 'Angel F.', 'RAMIREZ MORALES', NULL, 'contreras_114@contrerasadministracion.com.ar', '92723600', NULL, NULL, 'e10adc3949ba59abbe56e057f20f883e', 'spanish', NULL, NULL, '01/06/2018 00:00', NULL, 0, NULL, 4444, DEFAULT, 5);
INSERT INTO `users` (`id_user`, `user_name`, `user_lastname`, `user_address`, `user_email`, `user_cuit`, `user_phone`, `user_picture`, `user_password`, `user_language`, `user_observations`, `user_password_restore`, `user_registration_date`, `user_last_login`, `user_login_count`, `user_deletion_date`, `user_pin`, `user_archived`, `id_role`) VALUES (115, 'Federico Andres', 'Riberi', NULL, 'contreras_115@contrerasadministracion.com.ar', '31843811', NULL, NULL, 'e10adc3949ba59abbe56e057f20f883e', 'spanish', NULL, NULL, '01/06/2018 00:00', NULL, 0, NULL, 4444, DEFAULT, 5);
INSERT INTO `users` (`id_user`, `user_name`, `user_lastname`, `user_address`, `user_email`, `user_cuit`, `user_phone`, `user_picture`, `user_password`, `user_language`, `user_observations`, `user_password_restore`, `user_registration_date`, `user_last_login`, `user_login_count`, `user_deletion_date`, `user_pin`, `user_archived`, `id_role`) VALUES (116, 'Luca Mauricio', 'Rios', NULL, 'contreras_116@contrerasadministracion.com.ar', '39206459', NULL, NULL, 'e10adc3949ba59abbe56e057f20f883e', 'spanish', NULL, NULL, '01/06/2018 00:00', NULL, 0, NULL, 4444, DEFAULT, 4);
INSERT INTO `users` (`id_user`, `user_name`, `user_lastname`, `user_address`, `user_email`, `user_cuit`, `user_phone`, `user_picture`, `user_password`, `user_language`, `user_observations`, `user_password_restore`, `user_registration_date`, `user_last_login`, `user_login_count`, `user_deletion_date`, `user_pin`, `user_archived`, `id_role`) VALUES (117, 'Mario Nestor ', 'Rios', NULL, 'contreras_117@contrerasadministracion.com.ar', '21105640', NULL, NULL, 'e10adc3949ba59abbe56e057f20f883e', 'spanish', NULL, NULL, '01/06/2018 00:00', NULL, 0, NULL, 4444, DEFAULT, 5);
INSERT INTO `users` (`id_user`, `user_name`, `user_lastname`, `user_address`, `user_email`, `user_cuit`, `user_phone`, `user_picture`, `user_password`, `user_language`, `user_observations`, `user_password_restore`, `user_registration_date`, `user_last_login`, `user_login_count`, `user_deletion_date`, `user_pin`, `user_archived`, `id_role`) VALUES (118, 'Gustavo Leon ', 'Roa', NULL, 'contreras_118@contrerasadministracion.com.ar', NULL, NULL, NULL, 'e10adc3949ba59abbe56e057f20f883e', 'spanish', NULL, NULL, '01/06/2018 00:00', NULL, 0, NULL, 4444, DEFAULT, 4);
INSERT INTO `users` (`id_user`, `user_name`, `user_lastname`, `user_address`, `user_email`, `user_cuit`, `user_phone`, `user_picture`, `user_password`, `user_language`, `user_observations`, `user_password_restore`, `user_registration_date`, `user_last_login`, `user_login_count`, `user_deletion_date`, `user_pin`, `user_archived`, `id_role`) VALUES (119, 'Doly Ramona', 'Rosa', NULL, 'contreras_119@contrerasadministracion.com.ar', NULL, NULL, NULL, 'e10adc3949ba59abbe56e057f20f883e', 'spanish', NULL, NULL, '01/06/2018 00:00', NULL, 0, NULL, 4444, DEFAULT, 3);
INSERT INTO `users` (`id_user`, `user_name`, `user_lastname`, `user_address`, `user_email`, `user_cuit`, `user_phone`, `user_picture`, `user_password`, `user_language`, `user_observations`, `user_password_restore`, `user_registration_date`, `user_last_login`, `user_login_count`, `user_deletion_date`, `user_pin`, `user_archived`, `id_role`) VALUES (120, 'I.G.T Argentina', 'S.A', NULL, 'contreras_120@contrerasadministracion.com.ar', '33661938509', NULL, NULL, 'e10adc3949ba59abbe56e057f20f883e', 'spanish', NULL, NULL, '01/06/2018 00:00', NULL, 0, NULL, 4444, DEFAULT, 4);
INSERT INTO `users` (`id_user`, `user_name`, `user_lastname`, `user_address`, `user_email`, `user_cuit`, `user_phone`, `user_picture`, `user_password`, `user_language`, `user_observations`, `user_password_restore`, `user_registration_date`, `user_last_login`, `user_login_count`, `user_deletion_date`, `user_pin`, `user_archived`, `id_role`) VALUES (121, 'Claudia Marcela', 'Sabater', NULL, 'contreras_121@contrerasadministracion.com.ar', '16561965', NULL, NULL, 'e10adc3949ba59abbe56e057f20f883e', 'spanish', NULL, NULL, '01/06/2018 00:00', NULL, 0, NULL, 4444, DEFAULT, 5);
INSERT INTO `users` (`id_user`, `user_name`, `user_lastname`, `user_address`, `user_email`, `user_cuit`, `user_phone`, `user_picture`, `user_password`, `user_language`, `user_observations`, `user_password_restore`, `user_registration_date`, `user_last_login`, `user_login_count`, `user_deletion_date`, `user_pin`, `user_archived`, `id_role`) VALUES (122, 'Azucena Del valle', 'Salas reinoso', NULL, 'contreras_122@contrerasadministracion.com.ar', '11682925', NULL, NULL, 'e10adc3949ba59abbe56e057f20f883e', 'spanish', NULL, NULL, '01/06/2018 00:00', NULL, 0, NULL, 4444, DEFAULT, 5);
INSERT INTO `users` (`id_user`, `user_name`, `user_lastname`, `user_address`, `user_email`, `user_cuit`, `user_phone`, `user_picture`, `user_password`, `user_language`, `user_observations`, `user_password_restore`, `user_registration_date`, `user_last_login`, `user_login_count`, `user_deletion_date`, `user_pin`, `user_archived`, `id_role`) VALUES (123, 'Nilda Ofelia', 'Sarmiento', NULL, 'contreras_123@contrerasadministracion.com.ar', '3970409', NULL, NULL, 'e10adc3949ba59abbe56e057f20f883e', 'spanish', NULL, NULL, '01/06/2018 00:00', NULL, 0, NULL, 4444, DEFAULT, 5);
INSERT INTO `users` (`id_user`, `user_name`, `user_lastname`, `user_address`, `user_email`, `user_cuit`, `user_phone`, `user_picture`, `user_password`, `user_language`, `user_observations`, `user_password_restore`, `user_registration_date`, `user_last_login`, `user_login_count`, `user_deletion_date`, `user_pin`, `user_archived`, `id_role`) VALUES (124, 'Andrés Samuel', 'Sghilling', NULL, 'contreras_124@contrerasadministracion.com.ar', NULL, NULL, NULL, 'e10adc3949ba59abbe56e057f20f883e', 'spanish', NULL, NULL, '01/06/2018 00:00', NULL, 0, NULL, 4444, DEFAULT, 4);
INSERT INTO `users` (`id_user`, `user_name`, `user_lastname`, `user_address`, `user_email`, `user_cuit`, `user_phone`, `user_picture`, `user_password`, `user_language`, `user_observations`, `user_password_restore`, `user_registration_date`, `user_last_login`, `user_login_count`, `user_deletion_date`, `user_pin`, `user_archived`, `id_role`) VALUES (125, 'Karina fernanda', 'Simon', NULL, 'contreras_125@contrerasadministracion.com.ar', '22681840', NULL, NULL, 'e10adc3949ba59abbe56e057f20f883e', 'spanish', NULL, NULL, '01/06/2018 00:00', NULL, 0, NULL, 4444, DEFAULT, 4);
INSERT INTO `users` (`id_user`, `user_name`, `user_lastname`, `user_address`, `user_email`, `user_cuit`, `user_phone`, `user_picture`, `user_password`, `user_language`, `user_observations`, `user_password_restore`, `user_registration_date`, `user_last_login`, `user_login_count`, `user_deletion_date`, `user_pin`, `user_archived`, `id_role`) VALUES (126, 'Fernando Luis', 'Spasiuk', NULL, 'contreras_126@contrerasadministracion.com.ar', '16933984', NULL, NULL, 'e10adc3949ba59abbe56e057f20f883e', 'spanish', NULL, NULL, '01/06/2018 00:00', NULL, 0, NULL, 4444, DEFAULT, 5);
INSERT INTO `users` (`id_user`, `user_name`, `user_lastname`, `user_address`, `user_email`, `user_cuit`, `user_phone`, `user_picture`, `user_password`, `user_language`, `user_observations`, `user_password_restore`, `user_registration_date`, `user_last_login`, `user_login_count`, `user_deletion_date`, `user_pin`, `user_archived`, `id_role`) VALUES (127, 'Dario Omar', 'Stadler', NULL, 'contreras_127@contrerasadministracion.com.ar', '17470708', NULL, NULL, 'e10adc3949ba59abbe56e057f20f883e', 'spanish', NULL, NULL, '01/06/2018 00:00', NULL, 0, NULL, 4444, DEFAULT, 5);
INSERT INTO `users` (`id_user`, `user_name`, `user_lastname`, `user_address`, `user_email`, `user_cuit`, `user_phone`, `user_picture`, `user_password`, `user_language`, `user_observations`, `user_password_restore`, `user_registration_date`, `user_last_login`, `user_login_count`, `user_deletion_date`, `user_pin`, `user_archived`, `id_role`) VALUES (128, 'Cristian Damian', 'Stadler alainez', NULL, 'contreras_128@contrerasadministracion.com.ar', '34124900', NULL, NULL, 'e10adc3949ba59abbe56e057f20f883e', 'spanish', NULL, NULL, '01/06/2018 00:00', NULL, 0, NULL, 4444, DEFAULT, 4);
INSERT INTO `users` (`id_user`, `user_name`, `user_lastname`, `user_address`, `user_email`, `user_cuit`, `user_phone`, `user_picture`, `user_password`, `user_language`, `user_observations`, `user_password_restore`, `user_registration_date`, `user_last_login`, `user_login_count`, `user_deletion_date`, `user_pin`, `user_archived`, `id_role`) VALUES (129, 'Pablo Alejandro ', 'Suarez', NULL, 'contreras_129@contrerasadministracion.com.ar', NULL, NULL, NULL, 'e10adc3949ba59abbe56e057f20f883e', 'spanish', NULL, NULL, '01/06/2018 00:00', NULL, 0, NULL, 4444, DEFAULT, 4);
INSERT INTO `users` (`id_user`, `user_name`, `user_lastname`, `user_address`, `user_email`, `user_cuit`, `user_phone`, `user_picture`, `user_password`, `user_language`, `user_observations`, `user_password_restore`, `user_registration_date`, `user_last_login`, `user_login_count`, `user_deletion_date`, `user_pin`, `user_archived`, `id_role`) VALUES (130, 'Raul', 'Teiguel', NULL, 'contreras_130@contrerasadministracion.com.ar', '24283248', NULL, NULL, 'e10adc3949ba59abbe56e057f20f883e', 'spanish', NULL, NULL, '01/06/2018 00:00', NULL, 0, NULL, 4444, DEFAULT, 5);
INSERT INTO `users` (`id_user`, `user_name`, `user_lastname`, `user_address`, `user_email`, `user_cuit`, `user_phone`, `user_picture`, `user_password`, `user_language`, `user_observations`, `user_password_restore`, `user_registration_date`, `user_last_login`, `user_login_count`, `user_deletion_date`, `user_pin`, `user_archived`, `id_role`) VALUES (131, 'Carlos Alfredo', 'Uez', NULL, 'contreras_131@contrerasadministracion.com.ar', '20916127', NULL, NULL, 'e10adc3949ba59abbe56e057f20f883e', 'spanish', NULL, NULL, '01/06/2018 00:00', NULL, 0, NULL, 4444, DEFAULT, 5);
INSERT INTO `users` (`id_user`, `user_name`, `user_lastname`, `user_address`, `user_email`, `user_cuit`, `user_phone`, `user_picture`, `user_password`, `user_language`, `user_observations`, `user_password_restore`, `user_registration_date`, `user_last_login`, `user_login_count`, `user_deletion_date`, `user_pin`, `user_archived`, `id_role`) VALUES (132, 'Miguel Angel', 'Uez', NULL, 'contreras_132@contrerasadministracion.com.ar', '21784604', NULL, NULL, 'e10adc3949ba59abbe56e057f20f883e', 'spanish', NULL, NULL, '01/06/2018 00:00', NULL, 0, NULL, 4444, DEFAULT, 5);
INSERT INTO `users` (`id_user`, `user_name`, `user_lastname`, `user_address`, `user_email`, `user_cuit`, `user_phone`, `user_picture`, `user_password`, `user_language`, `user_observations`, `user_password_restore`, `user_registration_date`, `user_last_login`, `user_login_count`, `user_deletion_date`, `user_pin`, `user_archived`, `id_role`) VALUES (133, 'Santiago', 'Uez', NULL, 'contreras_133@contrerasadministracion.com.ar', '41695741', NULL, NULL, 'e10adc3949ba59abbe56e057f20f883e', 'spanish', NULL, NULL, '01/06/2018 00:00', NULL, 0, NULL, 4444, DEFAULT, 4);
INSERT INTO `users` (`id_user`, `user_name`, `user_lastname`, `user_address`, `user_email`, `user_cuit`, `user_phone`, `user_picture`, `user_password`, `user_language`, `user_observations`, `user_password_restore`, `user_registration_date`, `user_last_login`, `user_login_count`, `user_deletion_date`, `user_pin`, `user_archived`, `id_role`) VALUES (134, 'Silvana', 'Uez', NULL, 'contreras_134@contrerasadministracion.com.ar', '24259719', NULL, NULL, 'e10adc3949ba59abbe56e057f20f883e', 'spanish', NULL, NULL, '01/06/2018 00:00', NULL, 0, NULL, 4444, DEFAULT, 5);
INSERT INTO `users` (`id_user`, `user_name`, `user_lastname`, `user_address`, `user_email`, `user_cuit`, `user_phone`, `user_picture`, `user_password`, `user_language`, `user_observations`, `user_password_restore`, `user_registration_date`, `user_last_login`, `user_login_count`, `user_deletion_date`, `user_pin`, `user_archived`, `id_role`) VALUES (135, 'Vanina Elisabeth', 'Valle', NULL, 'contreras_135@contrerasadministracion.com.ar', NULL, NULL, NULL, 'e10adc3949ba59abbe56e057f20f883e', 'spanish', NULL, NULL, '01/06/2018 00:00', NULL, 0, NULL, 4444, DEFAULT, 3);
INSERT INTO `users` (`id_user`, `user_name`, `user_lastname`, `user_address`, `user_email`, `user_cuit`, `user_phone`, `user_picture`, `user_password`, `user_language`, `user_observations`, `user_password_restore`, `user_registration_date`, `user_last_login`, `user_login_count`, `user_deletion_date`, `user_pin`, `user_archived`, `id_role`) VALUES (136, 'Hector Geronimo', 'Vargas', NULL, 'contreras_136@contrerasadministracion.com.ar', '21992858', NULL, NULL, 'e10adc3949ba59abbe56e057f20f883e', 'spanish', NULL, NULL, '01/06/2018 00:00', NULL, 0, NULL, 4444, DEFAULT, 5);
INSERT INTO `users` (`id_user`, `user_name`, `user_lastname`, `user_address`, `user_email`, `user_cuit`, `user_phone`, `user_picture`, `user_password`, `user_language`, `user_observations`, `user_password_restore`, `user_registration_date`, `user_last_login`, `user_login_count`, `user_deletion_date`, `user_pin`, `user_archived`, `id_role`) VALUES (137, 'Patricia', 'Vazques', NULL, 'contreras_137@contrerasadministracion.com.ar', NULL, NULL, NULL, 'e10adc3949ba59abbe56e057f20f883e', 'spanish', NULL, NULL, '01/06/2018 00:00', NULL, 0, NULL, 4444, DEFAULT, 3);
INSERT INTO `users` (`id_user`, `user_name`, `user_lastname`, `user_address`, `user_email`, `user_cuit`, `user_phone`, `user_picture`, `user_password`, `user_language`, `user_observations`, `user_password_restore`, `user_registration_date`, `user_last_login`, `user_login_count`, `user_deletion_date`, `user_pin`, `user_archived`, `id_role`) VALUES (138, 'Carlos Francisco ', 'Veglia ', NULL, 'contreras_138@contrerasadministracion.com.ar', NULL, NULL, NULL, 'e10adc3949ba59abbe56e057f20f883e', 'spanish', NULL, NULL, '01/06/2018 00:00', NULL, 0, NULL, 4444, DEFAULT, 5);
INSERT INTO `users` (`id_user`, `user_name`, `user_lastname`, `user_address`, `user_email`, `user_cuit`, `user_phone`, `user_picture`, `user_password`, `user_language`, `user_observations`, `user_password_restore`, `user_registration_date`, `user_last_login`, `user_login_count`, `user_deletion_date`, `user_pin`, `user_archived`, `id_role`) VALUES (139, 'Victoria Campodonico', 'Victoria', NULL, 'contreras_139@contrerasadministracion.com.ar', '30756994', NULL, NULL, 'e10adc3949ba59abbe56e057f20f883e', 'spanish', NULL, NULL, '01/06/2018 00:00', NULL, 0, NULL, 4444, DEFAULT, 5);
INSERT INTO `users` (`id_user`, `user_name`, `user_lastname`, `user_address`, `user_email`, `user_cuit`, `user_phone`, `user_picture`, `user_password`, `user_language`, `user_observations`, `user_password_restore`, `user_registration_date`, `user_last_login`, `user_login_count`, `user_deletion_date`, `user_pin`, `user_archived`, `id_role`) VALUES (140, 'Raul Ernesto', 'Vidal', NULL, 'contreras_140@contrerasadministracion.com.ar', '28419159', NULL, NULL, 'e10adc3949ba59abbe56e057f20f883e', 'spanish', NULL, NULL, '01/06/2018 00:00', NULL, 0, NULL, 4444, DEFAULT, 5);
INSERT INTO `users` (`id_user`, `user_name`, `user_lastname`, `user_address`, `user_email`, `user_cuit`, `user_phone`, `user_picture`, `user_password`, `user_language`, `user_observations`, `user_password_restore`, `user_registration_date`, `user_last_login`, `user_login_count`, `user_deletion_date`, `user_pin`, `user_archived`, `id_role`) VALUES (141, 'Jose Ignacio Gregorio', 'Viel', NULL, 'contreras_141@contrerasadministracion.com.ar', NULL, NULL, NULL, 'e10adc3949ba59abbe56e057f20f883e', 'spanish', NULL, NULL, '01/06/2018 00:00', NULL, 0, NULL, 4444, DEFAULT, 4);
INSERT INTO `users` (`id_user`, `user_name`, `user_lastname`, `user_address`, `user_email`, `user_cuit`, `user_phone`, `user_picture`, `user_password`, `user_language`, `user_observations`, `user_password_restore`, `user_registration_date`, `user_last_login`, `user_login_count`, `user_deletion_date`, `user_pin`, `user_archived`, `id_role`) VALUES (142, 'Miguel Angel', 'Yornet', NULL, 'contreras_142@contrerasadministracion.com.ar', '7639330', NULL, NULL, 'e10adc3949ba59abbe56e057f20f883e', 'spanish', NULL, NULL, '01/06/2018 00:00', NULL, 0, NULL, 4444, DEFAULT, 5);
INSERT INTO `users` (`id_user`, `user_name`, `user_lastname`, `user_address`, `user_email`, `user_cuit`, `user_phone`, `user_picture`, `user_password`, `user_language`, `user_observations`, `user_password_restore`, `user_registration_date`, `user_last_login`, `user_login_count`, `user_deletion_date`, `user_pin`, `user_archived`, `id_role`) VALUES (143, 'Yesica elizabeth', 'Yornet', NULL, 'contreras_143@contrerasadministracion.com.ar', '32456935', NULL, NULL, 'e10adc3949ba59abbe56e057f20f883e', 'spanish', NULL, NULL, '01/06/2018 00:00', NULL, 0, NULL, 4444, DEFAULT, 4);
INSERT INTO `users` (`id_user`, `user_name`, `user_lastname`, `user_address`, `user_email`, `user_cuit`, `user_phone`, `user_picture`, `user_password`, `user_language`, `user_observations`, `user_password_restore`, `user_registration_date`, `user_last_login`, `user_login_count`, `user_deletion_date`, `user_pin`, `user_archived`, `id_role`) VALUES (144, 'Federico german', 'Yovino', NULL, 'contreras_144@contrerasadministracion.com.ar', '37567658', NULL, NULL, 'e10adc3949ba59abbe56e057f20f883e', 'spanish', NULL, NULL, '01/06/2018 00:00', NULL, 0, NULL, 4444, DEFAULT, 4);
INSERT INTO `users` (`id_user`, `user_name`, `user_lastname`, `user_address`, `user_email`, `user_cuit`, `user_phone`, `user_picture`, `user_password`, `user_language`, `user_observations`, `user_password_restore`, `user_registration_date`, `user_last_login`, `user_login_count`, `user_deletion_date`, `user_pin`, `user_archived`, `id_role`) VALUES (145, 'Sin Consorcio', '', NULL, 'contreras_145@contrerasadministracion.com.ar', NULL, NULL, NULL, 'e10adc3949ba59abbe56e057f20f883e', 'spanish', NULL, NULL, '01/06/2018 00:00', NULL, 0, NULL, 4444, DEFAULT, 7);

COMMIT;


-- -----------------------------------------------------
-- Data for table `properties`
-- -----------------------------------------------------
START TRANSACTION;
INSERT INTO `properties` (`id_property`, `property_name`, `property_address`, `property_year`, `property_ambiences_qty`, `property_bathrooms_qty`, `property_rooms_qty`, `property_square_meter`, `property_garage`, `property_balcony`, `property_building_name`, `property_cadastre_number`, `id_user_consortium`, `property_observations`, `property_archived`, `creation_date`, `modificaction_date`, `deletion_date`) VALUES (1, 'Oficina 12 Cerro', 'Rafael Nuñez Nro 3578 OF 12 Cochera', NULL, NULL, NULL, NULL, NULL, DEFAULT, DEFAULT, 'Lebureau', NULL, 145, 'Oficina', DEFAULT, DEFAULT, DEFAULT, NULL);
INSERT INTO `properties` (`id_property`, `property_name`, `property_address`, `property_year`, `property_ambiences_qty`, `property_bathrooms_qty`, `property_rooms_qty`, `property_square_meter`, `property_garage`, `property_balcony`, `property_building_name`, `property_cadastre_number`, `id_user_consortium`, `property_observations`, `property_archived`, `creation_date`, `modificaction_date`, `deletion_date`) VALUES (2, 'Oficina 11 Cerro', 'Rafael Nuñez Nro 3578 OF 11 Cochera', NULL, NULL, NULL, NULL, NULL, DEFAULT, DEFAULT, 'Lebureau', NULL, 145, 'Oficina', DEFAULT, DEFAULT, DEFAULT, NULL);
INSERT INTO `properties` (`id_property`, `property_name`, `property_address`, `property_year`, `property_ambiences_qty`, `property_bathrooms_qty`, `property_rooms_qty`, `property_square_meter`, `property_garage`, `property_balcony`, `property_building_name`, `property_cadastre_number`, `id_user_consortium`, `property_observations`, `property_archived`, `creation_date`, `modificaction_date`, `deletion_date`) VALUES (3, 'Gomeria Caraffa', 'Av. Emilio Caraffa Nro 2795', NULL, NULL, NULL, NULL, NULL, DEFAULT, DEFAULT, 'Local', NULL, 145, 'Local Comercial', DEFAULT, DEFAULT, DEFAULT, NULL);
INSERT INTO `properties` (`id_property`, `property_name`, `property_address`, `property_year`, `property_ambiences_qty`, `property_bathrooms_qty`, `property_rooms_qty`, `property_square_meter`, `property_garage`, `property_balcony`, `property_building_name`, `property_cadastre_number`, `id_user_consortium`, `property_observations`, `property_archived`, `creation_date`, `modificaction_date`, `deletion_date`) VALUES (4, 'Torre Carmela 2C', 'BUENOS AIRES Nro 1275 Piso 2C', NULL, NULL, NULL, NULL, NULL, DEFAULT, DEFAULT, 'Torre Carmela', NULL, 112, 'Departamento 1D', DEFAULT, DEFAULT, DEFAULT, NULL);
INSERT INTO `properties` (`id_property`, `property_name`, `property_address`, `property_year`, `property_ambiences_qty`, `property_bathrooms_qty`, `property_rooms_qty`, `property_square_meter`, `property_garage`, `property_balcony`, `property_building_name`, `property_cadastre_number`, `id_user_consortium`, `property_observations`, `property_archived`, `creation_date`, `modificaction_date`, `deletion_date`) VALUES (5, 'Torre Carmela 3B', 'BUENOS AIRES Nro 1275 Piso 3B', NULL, NULL, NULL, NULL, NULL, DEFAULT, DEFAULT, 'Torre Carmela', NULL, 112, 'Departamento 2D', DEFAULT, DEFAULT, DEFAULT, NULL);
INSERT INTO `properties` (`id_property`, `property_name`, `property_address`, `property_year`, `property_ambiences_qty`, `property_bathrooms_qty`, `property_rooms_qty`, `property_square_meter`, `property_garage`, `property_balcony`, `property_building_name`, `property_cadastre_number`, `id_user_consortium`, `property_observations`, `property_archived`, `creation_date`, `modificaction_date`, `deletion_date`) VALUES (6, 'Torre Carmela 3C', 'BUENOS AIRES Nro 1275 Piso 3C', NULL, NULL, NULL, NULL, NULL, DEFAULT, DEFAULT, 'Torre Carmela', NULL, 112, 'Departamento 1D', DEFAULT, DEFAULT, DEFAULT, NULL);
INSERT INTO `properties` (`id_property`, `property_name`, `property_address`, `property_year`, `property_ambiences_qty`, `property_bathrooms_qty`, `property_rooms_qty`, `property_square_meter`, `property_garage`, `property_balcony`, `property_building_name`, `property_cadastre_number`, `id_user_consortium`, `property_observations`, `property_archived`, `creation_date`, `modificaction_date`, `deletion_date`) VALUES (7, 'Torre Carmela 4B', 'BUENOS AIRES Nro 1275 Piso 4B', NULL, NULL, NULL, NULL, NULL, DEFAULT, DEFAULT, 'Torre Carmela', NULL, 112, 'Departamento 2D', DEFAULT, DEFAULT, DEFAULT, NULL);
INSERT INTO `properties` (`id_property`, `property_name`, `property_address`, `property_year`, `property_ambiences_qty`, `property_bathrooms_qty`, `property_rooms_qty`, `property_square_meter`, `property_garage`, `property_balcony`, `property_building_name`, `property_cadastre_number`, `id_user_consortium`, `property_observations`, `property_archived`, `creation_date`, `modificaction_date`, `deletion_date`) VALUES (8, 'Torre Carmela 5A', 'BUENOS AIRES Nro 1275 Piso 5A', NULL, NULL, NULL, NULL, NULL, DEFAULT, DEFAULT, 'Torre Carmela', NULL, 112, 'Departamento 2D', DEFAULT, DEFAULT, DEFAULT, NULL);
INSERT INTO `properties` (`id_property`, `property_name`, `property_address`, `property_year`, `property_ambiences_qty`, `property_bathrooms_qty`, `property_rooms_qty`, `property_square_meter`, `property_garage`, `property_balcony`, `property_building_name`, `property_cadastre_number`, `id_user_consortium`, `property_observations`, `property_archived`, `creation_date`, `modificaction_date`, `deletion_date`) VALUES (9, 'Torre Carmela 7A', 'BUENOS AIRES Nro 1275 Piso 7A', NULL, NULL, NULL, NULL, NULL, DEFAULT, DEFAULT, 'Torre Carmela', NULL, 112, 'Departamento 2D', DEFAULT, DEFAULT, DEFAULT, NULL);
INSERT INTO `properties` (`id_property`, `property_name`, `property_address`, `property_year`, `property_ambiences_qty`, `property_bathrooms_qty`, `property_rooms_qty`, `property_square_meter`, `property_garage`, `property_balcony`, `property_building_name`, `property_cadastre_number`, `id_user_consortium`, `property_observations`, `property_archived`, `creation_date`, `modificaction_date`, `deletion_date`) VALUES (10, 'Torre Carmela 7B', 'BUENOS AIRES Nro 1275 Piso 7B', NULL, NULL, NULL, NULL, NULL, DEFAULT, DEFAULT, 'Torre Carmela', NULL, 112, 'Departamento 2D', DEFAULT, DEFAULT, DEFAULT, NULL);
INSERT INTO `properties` (`id_property`, `property_name`, `property_address`, `property_year`, `property_ambiences_qty`, `property_bathrooms_qty`, `property_rooms_qty`, `property_square_meter`, `property_garage`, `property_balcony`, `property_building_name`, `property_cadastre_number`, `id_user_consortium`, `property_observations`, `property_archived`, `creation_date`, `modificaction_date`, `deletion_date`) VALUES (11, 'Torre Carmela 9A', 'BUENOS AIRES Nro 1275 Piso 9A', NULL, NULL, NULL, NULL, NULL, DEFAULT, DEFAULT, 'Torre Carmela', NULL, 112, 'Departamento Duplex 1D', DEFAULT, DEFAULT, DEFAULT, NULL);
INSERT INTO `properties` (`id_property`, `property_name`, `property_address`, `property_year`, `property_ambiences_qty`, `property_bathrooms_qty`, `property_rooms_qty`, `property_square_meter`, `property_garage`, `property_balcony`, `property_building_name`, `property_cadastre_number`, `id_user_consortium`, `property_observations`, `property_archived`, `creation_date`, `modificaction_date`, `deletion_date`) VALUES (12, 'Duplex Gandhi', 'DUPLEX GANDHI LOTE 36 MZA 93', NULL, NULL, NULL, NULL, NULL, DEFAULT, DEFAULT, 'Duplex', NULL, 145, 'Duplex 3D', DEFAULT, DEFAULT, DEFAULT, NULL);
INSERT INTO `properties` (`id_property`, `property_name`, `property_address`, `property_year`, `property_ambiences_qty`, `property_bathrooms_qty`, `property_rooms_qty`, `property_square_meter`, `property_garage`, `property_balcony`, `property_building_name`, `property_cadastre_number`, `id_user_consortium`, `property_observations`, `property_archived`, `creation_date`, `modificaction_date`, `deletion_date`) VALUES (13, 'Village Plaza 2C', 'VILLAGE PLAZA 2c TORRE 2', NULL, NULL, NULL, NULL, NULL, DEFAULT, DEFAULT, 'Complejo Village Plaza', NULL, 145, 'Departamento 2D', DEFAULT, DEFAULT, DEFAULT, NULL);
INSERT INTO `properties` (`id_property`, `property_name`, `property_address`, `property_year`, `property_ambiences_qty`, `property_bathrooms_qty`, `property_rooms_qty`, `property_square_meter`, `property_garage`, `property_balcony`, `property_building_name`, `property_cadastre_number`, `id_user_consortium`, `property_observations`, `property_archived`, `creation_date`, `modificaction_date`, `deletion_date`) VALUES (14, 'Casa La Finur', 'LAFINUR 4051 URCA', NULL, NULL, NULL, NULL, NULL, DEFAULT, DEFAULT, 'Casa', NULL, 145, 'Duplex 3D', DEFAULT, DEFAULT, DEFAULT, NULL);
INSERT INTO `properties` (`id_property`, `property_name`, `property_address`, `property_year`, `property_ambiences_qty`, `property_bathrooms_qty`, `property_rooms_qty`, `property_square_meter`, `property_garage`, `property_balcony`, `property_building_name`, `property_cadastre_number`, `id_user_consortium`, `property_observations`, `property_archived`, `creation_date`, `modificaction_date`, `deletion_date`) VALUES (15, 'Local Rafael Nuñez', 'LOCAL 3 RAFAEL NUÑEZ', NULL, NULL, NULL, NULL, NULL, DEFAULT, DEFAULT, 'Lebureau', NULL, 145, '40m2', DEFAULT, DEFAULT, DEFAULT, NULL);
INSERT INTO `properties` (`id_property`, `property_name`, `property_address`, `property_year`, `property_ambiences_qty`, `property_bathrooms_qty`, `property_rooms_qty`, `property_square_meter`, `property_garage`, `property_balcony`, `property_building_name`, `property_cadastre_number`, `id_user_consortium`, `property_observations`, `property_archived`, `creation_date`, `modificaction_date`, `deletion_date`) VALUES (16, 'Manantiales', 'COMPLEJO MANANTIALES 2 E', NULL, NULL, NULL, NULL, NULL, DEFAULT, DEFAULT, 'Complejo Manantiales', NULL, 145, 'Departamento 1D', DEFAULT, DEFAULT, DEFAULT, NULL);
INSERT INTO `properties` (`id_property`, `property_name`, `property_address`, `property_year`, `property_ambiences_qty`, `property_bathrooms_qty`, `property_rooms_qty`, `property_square_meter`, `property_garage`, `property_balcony`, `property_building_name`, `property_cadastre_number`, `id_user_consortium`, `property_observations`, `property_archived`, `creation_date`, `modificaction_date`, `deletion_date`) VALUES (17, 'Torre Carmela PB A', 'BUENOS AIRES Nro 1275 Piso PB A', NULL, NULL, NULL, NULL, NULL, DEFAULT, DEFAULT, 'Torre Carmela', NULL, 112, 'Departamento 1D', DEFAULT, DEFAULT, DEFAULT, NULL);
INSERT INTO `properties` (`id_property`, `property_name`, `property_address`, `property_year`, `property_ambiences_qty`, `property_bathrooms_qty`, `property_rooms_qty`, `property_square_meter`, `property_garage`, `property_balcony`, `property_building_name`, `property_cadastre_number`, `id_user_consortium`, `property_observations`, `property_archived`, `creation_date`, `modificaction_date`, `deletion_date`) VALUES (18, 'Torre Carmela 1C', 'BUENOS AIRES Nro 1275 Piso 1C', NULL, NULL, NULL, NULL, NULL, DEFAULT, DEFAULT, 'Torre Carmela', NULL, 112, 'Departamento 1D', DEFAULT, DEFAULT, DEFAULT, NULL);
INSERT INTO `properties` (`id_property`, `property_name`, `property_address`, `property_year`, `property_ambiences_qty`, `property_bathrooms_qty`, `property_rooms_qty`, `property_square_meter`, `property_garage`, `property_balcony`, `property_building_name`, `property_cadastre_number`, `id_user_consortium`, `property_observations`, `property_archived`, `creation_date`, `modificaction_date`, `deletion_date`) VALUES (19, 'Chile 349 Consultorio', 'CHILE Nro 349 Piso PB A', NULL, NULL, NULL, NULL, NULL, DEFAULT, DEFAULT, NULL, NULL, 145, 'Departamento 2D', DEFAULT, DEFAULT, DEFAULT, NULL);
INSERT INTO `properties` (`id_property`, `property_name`, `property_address`, `property_year`, `property_ambiences_qty`, `property_bathrooms_qty`, `property_rooms_qty`, `property_square_meter`, `property_garage`, `property_balcony`, `property_building_name`, `property_cadastre_number`, `id_user_consortium`, `property_observations`, `property_archived`, `creation_date`, `modificaction_date`, `deletion_date`) VALUES (20, 'Thays', 'ARQUITECTO THAYS Nro 37', NULL, NULL, NULL, NULL, NULL, DEFAULT, DEFAULT, 'Casa', NULL, 145, 'Casa 3D', DEFAULT, DEFAULT, DEFAULT, NULL);
INSERT INTO `properties` (`id_property`, `property_name`, `property_address`, `property_year`, `property_ambiences_qty`, `property_bathrooms_qty`, `property_rooms_qty`, `property_square_meter`, `property_garage`, `property_balcony`, `property_building_name`, `property_cadastre_number`, `id_user_consortium`, `property_observations`, `property_archived`, `creation_date`, `modificaction_date`, `deletion_date`) VALUES (21, 'Pje. España 1 A', 'PASAJE ESPAÑA Nro 1403 Piso 1A', NULL, NULL, NULL, NULL, NULL, DEFAULT, DEFAULT, NULL, NULL, 145, 'Departamento 1D 1/2', DEFAULT, DEFAULT, DEFAULT, NULL);
INSERT INTO `properties` (`id_property`, `property_name`, `property_address`, `property_year`, `property_ambiences_qty`, `property_bathrooms_qty`, `property_rooms_qty`, `property_square_meter`, `property_garage`, `property_balcony`, `property_building_name`, `property_cadastre_number`, `id_user_consortium`, `property_observations`, `property_archived`, `creation_date`, `modificaction_date`, `deletion_date`) VALUES (22, 'Pje. España 2 A', 'PASAJE ESPAÑA Nro 1403 Piso 2A', NULL, NULL, NULL, NULL, NULL, DEFAULT, DEFAULT, NULL, NULL, 145, 'Departamento 1D 1/2', DEFAULT, DEFAULT, DEFAULT, NULL);
INSERT INTO `properties` (`id_property`, `property_name`, `property_address`, `property_year`, `property_ambiences_qty`, `property_bathrooms_qty`, `property_rooms_qty`, `property_square_meter`, `property_garage`, `property_balcony`, `property_building_name`, `property_cadastre_number`, `id_user_consortium`, `property_observations`, `property_archived`, `creation_date`, `modificaction_date`, `deletion_date`) VALUES (23, 'Pje. España 3 A', 'PASAJE ESPAÑA Nro 1403 Piso 3A', NULL, NULL, NULL, NULL, NULL, DEFAULT, DEFAULT, NULL, NULL, 145, 'Departamento 1D 1/2', DEFAULT, DEFAULT, DEFAULT, NULL);
INSERT INTO `properties` (`id_property`, `property_name`, `property_address`, `property_year`, `property_ambiences_qty`, `property_bathrooms_qty`, `property_rooms_qty`, `property_square_meter`, `property_garage`, `property_balcony`, `property_building_name`, `property_cadastre_number`, `id_user_consortium`, `property_observations`, `property_archived`, `creation_date`, `modificaction_date`, `deletion_date`) VALUES (24, 'General Paz 9C', 'GENERAL PAZ Nro 422 Piso 9C', NULL, NULL, NULL, NULL, NULL, DEFAULT, DEFAULT, NULL, NULL, 145, 'Departamento 1D', DEFAULT, DEFAULT, DEFAULT, NULL);
INSERT INTO `properties` (`id_property`, `property_name`, `property_address`, `property_year`, `property_ambiences_qty`, `property_bathrooms_qty`, `property_rooms_qty`, `property_square_meter`, `property_garage`, `property_balcony`, `property_building_name`, `property_cadastre_number`, `id_user_consortium`, `property_observations`, `property_archived`, `creation_date`, `modificaction_date`, `deletion_date`) VALUES (25, 'Duplex Azpeitia', 'LUIS DE AZPEITIA Nro 1653 (duplex)', NULL, NULL, NULL, NULL, NULL, DEFAULT, DEFAULT, 'Duplex', NULL, 145, 'Duplex 3D', DEFAULT, DEFAULT, DEFAULT, NULL);
INSERT INTO `properties` (`id_property`, `property_name`, `property_address`, `property_year`, `property_ambiences_qty`, `property_bathrooms_qty`, `property_rooms_qty`, `property_square_meter`, `property_garage`, `property_balcony`, `property_building_name`, `property_cadastre_number`, `id_user_consortium`, `property_observations`, `property_archived`, `creation_date`, `modificaction_date`, `deletion_date`) VALUES (26, 'Local Independencia 1091', 'INDEPENDENCIA 1091 Piso P.B. (local)', NULL, NULL, NULL, NULL, NULL, DEFAULT, DEFAULT, 'Lessoan 1', NULL, 145, 'Local Comercial', DEFAULT, DEFAULT, DEFAULT, NULL);
INSERT INTO `properties` (`id_property`, `property_name`, `property_address`, `property_year`, `property_ambiences_qty`, `property_bathrooms_qty`, `property_rooms_qty`, `property_square_meter`, `property_garage`, `property_balcony`, `property_building_name`, `property_cadastre_number`, `id_user_consortium`, `property_observations`, `property_archived`, `creation_date`, `modificaction_date`, `deletion_date`) VALUES (27, 'Independencia 1091 6A', 'INDEPENDENCIA 1091 Piso 6 Dpto. A', NULL, NULL, NULL, NULL, NULL, DEFAULT, DEFAULT, 'Lessoan 1', NULL, 145, 'Departamento 2D', DEFAULT, DEFAULT, DEFAULT, NULL);
INSERT INTO `properties` (`id_property`, `property_name`, `property_address`, `property_year`, `property_ambiences_qty`, `property_bathrooms_qty`, `property_rooms_qty`, `property_square_meter`, `property_garage`, `property_balcony`, `property_building_name`, `property_cadastre_number`, `id_user_consortium`, `property_observations`, `property_archived`, `creation_date`, `modificaction_date`, `deletion_date`) VALUES (28, 'Triplex Salguero', 'OBISPO SALGUERO Nro 635 Piso 15D (triplex)', NULL, NULL, NULL, NULL, NULL, DEFAULT, DEFAULT, NULL, NULL, 145, 'Departamento 3D', DEFAULT, DEFAULT, DEFAULT, NULL);
INSERT INTO `properties` (`id_property`, `property_name`, `property_address`, `property_year`, `property_ambiences_qty`, `property_bathrooms_qty`, `property_rooms_qty`, `property_square_meter`, `property_garage`, `property_balcony`, `property_building_name`, `property_cadastre_number`, `id_user_consortium`, `property_observations`, `property_archived`, `creation_date`, `modificaction_date`, `deletion_date`) VALUES (29, 'Duplex Salta', 'SALTA 334 1 PISO DPTO. Nro5 (duplex)', NULL, NULL, NULL, NULL, NULL, DEFAULT, DEFAULT, 'Duplex', NULL, 145, 'Departamento Duplex 2D', DEFAULT, DEFAULT, DEFAULT, NULL);
INSERT INTO `properties` (`id_property`, `property_name`, `property_address`, `property_year`, `property_ambiences_qty`, `property_bathrooms_qty`, `property_rooms_qty`, `property_square_meter`, `property_garage`, `property_balcony`, `property_building_name`, `property_cadastre_number`, `id_user_consortium`, `property_observations`, `property_archived`, `creation_date`, `modificaction_date`, `deletion_date`) VALUES (30, 'San Lorenzo Mono', 'SAN LORENZO Nro343 Piso12 Dpto D', NULL, NULL, NULL, NULL, NULL, DEFAULT, DEFAULT, NULL, NULL, 145, 'Departamento Monoambiente', DEFAULT, DEFAULT, DEFAULT, NULL);
INSERT INTO `properties` (`id_property`, `property_name`, `property_address`, `property_year`, `property_ambiences_qty`, `property_bathrooms_qty`, `property_rooms_qty`, `property_square_meter`, `property_garage`, `property_balcony`, `property_building_name`, `property_cadastre_number`, `id_user_consortium`, `property_observations`, `property_archived`, `creation_date`, `modificaction_date`, `deletion_date`) VALUES (31, 'Amb. Olmos 1028 3D', 'AMB. OLMOS 1028 Piso 3 D', NULL, NULL, NULL, NULL, NULL, DEFAULT, DEFAULT, NULL, NULL, 145, 'Departamento 1D', DEFAULT, DEFAULT, DEFAULT, NULL);
INSERT INTO `properties` (`id_property`, `property_name`, `property_address`, `property_year`, `property_ambiences_qty`, `property_bathrooms_qty`, `property_rooms_qty`, `property_square_meter`, `property_garage`, `property_balcony`, `property_building_name`, `property_cadastre_number`, `id_user_consortium`, `property_observations`, `property_archived`, `creation_date`, `modificaction_date`, `deletion_date`) VALUES (32, 'Mono Independencia 804 6D', 'INDEPENDENCIA 804 Piso 6D', NULL, NULL, NULL, NULL, NULL, DEFAULT, DEFAULT, NULL, NULL, 145, 'Departamento Monoambiente', DEFAULT, DEFAULT, DEFAULT, NULL);
INSERT INTO `properties` (`id_property`, `property_name`, `property_address`, `property_year`, `property_ambiences_qty`, `property_bathrooms_qty`, `property_rooms_qty`, `property_square_meter`, `property_garage`, `property_balcony`, `property_building_name`, `property_cadastre_number`, `id_user_consortium`, `property_observations`, `property_archived`, `creation_date`, `modificaction_date`, `deletion_date`) VALUES (33, 'Balcarce 540', 'BALCARCE 540 Piso 8 Dpto. D', NULL, NULL, NULL, NULL, NULL, DEFAULT, DEFAULT, NULL, NULL, 145, 'Departamento 2D', DEFAULT, DEFAULT, DEFAULT, NULL);
INSERT INTO `properties` (`id_property`, `property_name`, `property_address`, `property_year`, `property_ambiences_qty`, `property_bathrooms_qty`, `property_rooms_qty`, `property_square_meter`, `property_garage`, `property_balcony`, `property_building_name`, `property_cadastre_number`, `id_user_consortium`, `property_observations`, `property_archived`, `creation_date`, `modificaction_date`, `deletion_date`) VALUES (34, 'Obispo Oro 451', 'OBISPO ORO 451 Piso 11 Dpto. A', NULL, NULL, NULL, NULL, NULL, DEFAULT, DEFAULT, NULL, NULL, 145, 'Departamento 1D', DEFAULT, DEFAULT, DEFAULT, NULL);
INSERT INTO `properties` (`id_property`, `property_name`, `property_address`, `property_year`, `property_ambiences_qty`, `property_bathrooms_qty`, `property_rooms_qty`, `property_square_meter`, `property_garage`, `property_balcony`, `property_building_name`, `property_cadastre_number`, `id_user_consortium`, `property_observations`, `property_archived`, `creation_date`, `modificaction_date`, `deletion_date`) VALUES (35, 'San Jeronimo 167', 'SAN JERONIMO 167 Piso 7 Dpto. B', NULL, NULL, NULL, NULL, NULL, DEFAULT, DEFAULT, 'San Michele', NULL, 145, 'Departamento 1D', DEFAULT, DEFAULT, DEFAULT, NULL);
INSERT INTO `properties` (`id_property`, `property_name`, `property_address`, `property_year`, `property_ambiences_qty`, `property_bathrooms_qty`, `property_rooms_qty`, `property_square_meter`, `property_garage`, `property_balcony`, `property_building_name`, `property_cadastre_number`, `id_user_consortium`, `property_observations`, `property_archived`, `creation_date`, `modificaction_date`, `deletion_date`) VALUES (36, 'San Lorenzo 2 Dorm', 'SAN LORENZO 339 Piso3 Dpto. B', NULL, NULL, NULL, NULL, NULL, DEFAULT, DEFAULT, NULL, NULL, 145, 'Departamento 2D', DEFAULT, DEFAULT, DEFAULT, NULL);
INSERT INTO `properties` (`id_property`, `property_name`, `property_address`, `property_year`, `property_ambiences_qty`, `property_bathrooms_qty`, `property_rooms_qty`, `property_square_meter`, `property_garage`, `property_balcony`, `property_building_name`, `property_cadastre_number`, `id_user_consortium`, `property_observations`, `property_archived`, `creation_date`, `modificaction_date`, `deletion_date`) VALUES (37, 'Dean Funes', 'DEAN FUNES Nro 1229 Piso 1 D', NULL, NULL, NULL, NULL, NULL, DEFAULT, DEFAULT, NULL, NULL, 145, 'Departamento 1D', DEFAULT, DEFAULT, DEFAULT, NULL);
INSERT INTO `properties` (`id_property`, `property_name`, `property_address`, `property_year`, `property_ambiences_qty`, `property_bathrooms_qty`, `property_rooms_qty`, `property_square_meter`, `property_garage`, `property_balcony`, `property_building_name`, `property_cadastre_number`, `id_user_consortium`, `property_observations`, `property_archived`, `creation_date`, `modificaction_date`, `deletion_date`) VALUES (38, 'Montevideo', 'MONTEVIDEO Nro 712 Piso 1 A', NULL, NULL, NULL, NULL, NULL, DEFAULT, DEFAULT, NULL, NULL, 145, 'Departamento 1D', DEFAULT, DEFAULT, DEFAULT, NULL);
INSERT INTO `properties` (`id_property`, `property_name`, `property_address`, `property_year`, `property_ambiences_qty`, `property_bathrooms_qty`, `property_rooms_qty`, `property_square_meter`, `property_garage`, `property_balcony`, `property_building_name`, `property_cadastre_number`, `id_user_consortium`, `property_observations`, `property_archived`, `creation_date`, `modificaction_date`, `deletion_date`) VALUES (39, 'Belgrano 1003 6C', 'BELGRANO Nro 1003 Piso 6C', NULL, NULL, NULL, NULL, NULL, DEFAULT, DEFAULT, 'Attica', NULL, 145, 'Departamento 1D', DEFAULT, DEFAULT, DEFAULT, NULL);
INSERT INTO `properties` (`id_property`, `property_name`, `property_address`, `property_year`, `property_ambiences_qty`, `property_bathrooms_qty`, `property_rooms_qty`, `property_square_meter`, `property_garage`, `property_balcony`, `property_building_name`, `property_cadastre_number`, `id_user_consortium`, `property_observations`, `property_archived`, `creation_date`, `modificaction_date`, `deletion_date`) VALUES (40, 'Carlucci 29', 'PASAJE CARLUCCI 29 Piso 5 A', NULL, NULL, NULL, NULL, NULL, DEFAULT, DEFAULT, NULL, NULL, 145, 'Departamento 2D', DEFAULT, DEFAULT, DEFAULT, NULL);
INSERT INTO `properties` (`id_property`, `property_name`, `property_address`, `property_year`, `property_ambiences_qty`, `property_bathrooms_qty`, `property_rooms_qty`, `property_square_meter`, `property_garage`, `property_balcony`, `property_building_name`, `property_cadastre_number`, `id_user_consortium`, `property_observations`, `property_archived`, `creation_date`, `modificaction_date`, `deletion_date`) VALUES (41, 'M.T. de Alvear 970 2º 11', 'M.T. de Alvear 970 2º 11', NULL, NULL, NULL, NULL, NULL, DEFAULT, DEFAULT, NULL, NULL, 145, '2º 11', DEFAULT, DEFAULT, DEFAULT, NULL);

COMMIT;


-- -----------------------------------------------------
-- Data for table `contracts`
-- -----------------------------------------------------
START TRANSACTION;
INSERT INTO `contracts` (`id_contract`, `id_property`, `id_user_tenant`, `contract_date_start`, `contract_date_end`, `contract_rent_price`, `contract_interest`, `contract_tenant_attachments`, `contract_gas_check`, `contract_electricity_check`, `contract_expenses_check`, `contract_expenses_attachments`, `contract_payday_start`, `contract_payday_limit`, `contract_observations`, `contract_voided`, `contract_archived`, `contract_commission`, `creation_date`, `modification_date`, `deletion_date`) VALUES (1, 2, 7, '2018-09-01', '2021-08-31', 19120, 0.0005, NULL, DEFAULT, DEFAULT, DEFAULT, NULL, DEFAULT, DEFAULT, NULL, DEFAULT, NULL, DEFAULT, DEFAULT, DEFAULT, NULL);
INSERT INTO `contracts` (`id_contract`, `id_property`, `id_user_tenant`, `contract_date_start`, `contract_date_end`, `contract_rent_price`, `contract_interest`, `contract_tenant_attachments`, `contract_gas_check`, `contract_electricity_check`, `contract_expenses_check`, `contract_expenses_attachments`, `contract_payday_start`, `contract_payday_limit`, `contract_observations`, `contract_voided`, `contract_archived`, `contract_commission`, `creation_date`, `modification_date`, `deletion_date`) VALUES (2, 1, 120, '2017-09-01', '2020-08-31', 16290, 0.0005, NULL, DEFAULT, DEFAULT, DEFAULT, NULL, DEFAULT, DEFAULT, NULL, DEFAULT, NULL, DEFAULT, DEFAULT, DEFAULT, NULL);
INSERT INTO `contracts` (`id_contract`, `id_property`, `id_user_tenant`, `contract_date_start`, `contract_date_end`, `contract_rent_price`, `contract_interest`, `contract_tenant_attachments`, `contract_gas_check`, `contract_electricity_check`, `contract_expenses_check`, `contract_expenses_attachments`, `contract_payday_start`, `contract_payday_limit`, `contract_observations`, `contract_voided`, `contract_archived`, `contract_commission`, `creation_date`, `modification_date`, `deletion_date`) VALUES (3, 3, 83, '2015-11-01', '2018-10-31', 36203, 0.0005, NULL, DEFAULT, DEFAULT, DEFAULT, NULL, DEFAULT, DEFAULT, NULL, DEFAULT, NULL, DEFAULT, DEFAULT, DEFAULT, NULL);
INSERT INTO `contracts` (`id_contract`, `id_property`, `id_user_tenant`, `contract_date_start`, `contract_date_end`, `contract_rent_price`, `contract_interest`, `contract_tenant_attachments`, `contract_gas_check`, `contract_electricity_check`, `contract_expenses_check`, `contract_expenses_attachments`, `contract_payday_start`, `contract_payday_limit`, `contract_observations`, `contract_voided`, `contract_archived`, `contract_commission`, `creation_date`, `modification_date`, `deletion_date`) VALUES (4, 4, 116, '2017-04-01', '2019-03-31', 7833, 0.0005, NULL, DEFAULT, DEFAULT, DEFAULT, NULL, DEFAULT, DEFAULT, NULL, DEFAULT, NULL, DEFAULT, DEFAULT, DEFAULT, NULL);
INSERT INTO `contracts` (`id_contract`, `id_property`, `id_user_tenant`, `contract_date_start`, `contract_date_end`, `contract_rent_price`, `contract_interest`, `contract_tenant_attachments`, `contract_gas_check`, `contract_electricity_check`, `contract_expenses_check`, `contract_expenses_attachments`, `contract_payday_start`, `contract_payday_limit`, `contract_observations`, `contract_voided`, `contract_archived`, `contract_commission`, `creation_date`, `modification_date`, `deletion_date`) VALUES (5, 5, 38, '2018-05-01', '2020-04-30', 11407, 0.0005, NULL, DEFAULT, DEFAULT, DEFAULT, NULL, DEFAULT, DEFAULT, NULL, DEFAULT, NULL, DEFAULT, DEFAULT, DEFAULT, NULL);
INSERT INTO `contracts` (`id_contract`, `id_property`, `id_user_tenant`, `contract_date_start`, `contract_date_end`, `contract_rent_price`, `contract_interest`, `contract_tenant_attachments`, `contract_gas_check`, `contract_electricity_check`, `contract_expenses_check`, `contract_expenses_attachments`, `contract_payday_start`, `contract_payday_limit`, `contract_observations`, `contract_voided`, `contract_archived`, `contract_commission`, `creation_date`, `modification_date`, `deletion_date`) VALUES (6, 6, 72, '2018-04-01', '2020-03-31', 10038, 0.0005, NULL, DEFAULT, DEFAULT, DEFAULT, NULL, DEFAULT, DEFAULT, NULL, DEFAULT, NULL, DEFAULT, DEFAULT, DEFAULT, NULL);
INSERT INTO `contracts` (`id_contract`, `id_property`, `id_user_tenant`, `contract_date_start`, `contract_date_end`, `contract_rent_price`, `contract_interest`, `contract_tenant_attachments`, `contract_gas_check`, `contract_electricity_check`, `contract_expenses_check`, `contract_expenses_attachments`, `contract_payday_start`, `contract_payday_limit`, `contract_observations`, `contract_voided`, `contract_archived`, `contract_commission`, `creation_date`, `modification_date`, `deletion_date`) VALUES (7, 7, 133, '2018-09-01', '2020-08-31', 19011, 0.0005, NULL, DEFAULT, DEFAULT, DEFAULT, NULL, DEFAULT, DEFAULT, NULL, DEFAULT, NULL, DEFAULT, DEFAULT, DEFAULT, NULL);
INSERT INTO `contracts` (`id_contract`, `id_property`, `id_user_tenant`, `contract_date_start`, `contract_date_end`, `contract_rent_price`, `contract_interest`, `contract_tenant_attachments`, `contract_gas_check`, `contract_electricity_check`, `contract_expenses_check`, `contract_expenses_attachments`, `contract_payday_start`, `contract_payday_limit`, `contract_observations`, `contract_voided`, `contract_archived`, `contract_commission`, `creation_date`, `modification_date`, `deletion_date`) VALUES (8, 8, 12, '2018-09-01', '2020-08-31', 17490, 0.0005, NULL, DEFAULT, DEFAULT, DEFAULT, NULL, DEFAULT, DEFAULT, NULL, DEFAULT, NULL, DEFAULT, DEFAULT, DEFAULT, NULL);
INSERT INTO `contracts` (`id_contract`, `id_property`, `id_user_tenant`, `contract_date_start`, `contract_date_end`, `contract_rent_price`, `contract_interest`, `contract_tenant_attachments`, `contract_gas_check`, `contract_electricity_check`, `contract_expenses_check`, `contract_expenses_attachments`, `contract_payday_start`, `contract_payday_limit`, `contract_observations`, `contract_voided`, `contract_archived`, `contract_commission`, `creation_date`, `modification_date`, `deletion_date`) VALUES (9, 9, 101, '2017-12-01', '2019-11-30', 12580, 0.0005, NULL, DEFAULT, DEFAULT, DEFAULT, NULL, DEFAULT, DEFAULT, NULL, DEFAULT, NULL, DEFAULT, DEFAULT, DEFAULT, NULL);
INSERT INTO `contracts` (`id_contract`, `id_property`, `id_user_tenant`, `contract_date_start`, `contract_date_end`, `contract_rent_price`, `contract_interest`, `contract_tenant_attachments`, `contract_gas_check`, `contract_electricity_check`, `contract_expenses_check`, `contract_expenses_attachments`, `contract_payday_start`, `contract_payday_limit`, `contract_observations`, `contract_voided`, `contract_archived`, `contract_commission`, `creation_date`, `modification_date`, `deletion_date`) VALUES (10, 10, 79, '2018-03-01', '2020-02-29', 14144, 0.0005, NULL, DEFAULT, DEFAULT, DEFAULT, NULL, DEFAULT, DEFAULT, NULL, DEFAULT, NULL, DEFAULT, DEFAULT, DEFAULT, NULL);
INSERT INTO `contracts` (`id_contract`, `id_property`, `id_user_tenant`, `contract_date_start`, `contract_date_end`, `contract_rent_price`, `contract_interest`, `contract_tenant_attachments`, `contract_gas_check`, `contract_electricity_check`, `contract_expenses_check`, `contract_expenses_attachments`, `contract_payday_start`, `contract_payday_limit`, `contract_observations`, `contract_voided`, `contract_archived`, `contract_commission`, `creation_date`, `modification_date`, `deletion_date`) VALUES (11, 11, 30, '2017-07-01', '2019-06-30', 10797, 0.0005, NULL, DEFAULT, DEFAULT, DEFAULT, NULL, DEFAULT, DEFAULT, NULL, DEFAULT, NULL, DEFAULT, DEFAULT, DEFAULT, NULL);
INSERT INTO `contracts` (`id_contract`, `id_property`, `id_user_tenant`, `contract_date_start`, `contract_date_end`, `contract_rent_price`, `contract_interest`, `contract_tenant_attachments`, `contract_gas_check`, `contract_electricity_check`, `contract_expenses_check`, `contract_expenses_attachments`, `contract_payday_start`, `contract_payday_limit`, `contract_observations`, `contract_voided`, `contract_archived`, `contract_commission`, `creation_date`, `modification_date`, `deletion_date`) VALUES (12, 12, 41, '2017-01-01', '2018-12-01', 10650, 0.0005, NULL, DEFAULT, DEFAULT, DEFAULT, NULL, DEFAULT, DEFAULT, NULL, DEFAULT, NULL, DEFAULT, DEFAULT, DEFAULT, NULL);
INSERT INTO `contracts` (`id_contract`, `id_property`, `id_user_tenant`, `contract_date_start`, `contract_date_end`, `contract_rent_price`, `contract_interest`, `contract_tenant_attachments`, `contract_gas_check`, `contract_electricity_check`, `contract_expenses_check`, `contract_expenses_attachments`, `contract_payday_start`, `contract_payday_limit`, `contract_observations`, `contract_voided`, `contract_archived`, `contract_commission`, `creation_date`, `modification_date`, `deletion_date`) VALUES (13, 13, 24, '2016-12-01', '2018-11-31', 22500, 0.0005, NULL, DEFAULT, DEFAULT, DEFAULT, NULL, DEFAULT, DEFAULT, NULL, DEFAULT, NULL, DEFAULT, DEFAULT, DEFAULT, NULL);
INSERT INTO `contracts` (`id_contract`, `id_property`, `id_user_tenant`, `contract_date_start`, `contract_date_end`, `contract_rent_price`, `contract_interest`, `contract_tenant_attachments`, `contract_gas_check`, `contract_electricity_check`, `contract_expenses_check`, `contract_expenses_attachments`, `contract_payday_start`, `contract_payday_limit`, `contract_observations`, `contract_voided`, `contract_archived`, `contract_commission`, `creation_date`, `modification_date`, `deletion_date`) VALUES (14, 14, 82, '2017-03-01', '2019-02-28', 23575, 0.0005, NULL, DEFAULT, DEFAULT, DEFAULT, NULL, DEFAULT, DEFAULT, NULL, DEFAULT, NULL, DEFAULT, DEFAULT, DEFAULT, NULL);
INSERT INTO `contracts` (`id_contract`, `id_property`, `id_user_tenant`, `contract_date_start`, `contract_date_end`, `contract_rent_price`, `contract_interest`, `contract_tenant_attachments`, `contract_gas_check`, `contract_electricity_check`, `contract_expenses_check`, `contract_expenses_attachments`, `contract_payday_start`, `contract_payday_limit`, `contract_observations`, `contract_voided`, `contract_archived`, `contract_commission`, `creation_date`, `modification_date`, `deletion_date`) VALUES (15, 16, 141, '2018-05-01', '2020-04-30', 10494, 0.0005, NULL, DEFAULT, DEFAULT, DEFAULT, NULL, DEFAULT, DEFAULT, NULL, DEFAULT, NULL, DEFAULT, DEFAULT, DEFAULT, NULL);
INSERT INTO `contracts` (`id_contract`, `id_property`, `id_user_tenant`, `contract_date_start`, `contract_date_end`, `contract_rent_price`, `contract_interest`, `contract_tenant_attachments`, `contract_gas_check`, `contract_electricity_check`, `contract_expenses_check`, `contract_expenses_attachments`, `contract_payday_start`, `contract_payday_limit`, `contract_observations`, `contract_voided`, `contract_archived`, `contract_commission`, `creation_date`, `modification_date`, `deletion_date`) VALUES (16, 15, 125, '2018-08-01', '2021-07-31', 16292, 0.0005, NULL, DEFAULT, DEFAULT, DEFAULT, NULL, DEFAULT, DEFAULT, NULL, DEFAULT, NULL, DEFAULT, DEFAULT, DEFAULT, NULL);
INSERT INTO `contracts` (`id_contract`, `id_property`, `id_user_tenant`, `contract_date_start`, `contract_date_end`, `contract_rent_price`, `contract_interest`, `contract_tenant_attachments`, `contract_gas_check`, `contract_electricity_check`, `contract_expenses_check`, `contract_expenses_attachments`, `contract_payday_start`, `contract_payday_limit`, `contract_observations`, `contract_voided`, `contract_archived`, `contract_commission`, `creation_date`, `modification_date`, `deletion_date`) VALUES (17, 18, 113, '2018-04-01', '2020-03-31', 9890, 0.0005, NULL, DEFAULT, DEFAULT, DEFAULT, NULL, DEFAULT, DEFAULT, NULL, DEFAULT, NULL, DEFAULT, DEFAULT, DEFAULT, NULL);
INSERT INTO `contracts` (`id_contract`, `id_property`, `id_user_tenant`, `contract_date_start`, `contract_date_end`, `contract_rent_price`, `contract_interest`, `contract_tenant_attachments`, `contract_gas_check`, `contract_electricity_check`, `contract_expenses_check`, `contract_expenses_attachments`, `contract_payday_start`, `contract_payday_limit`, `contract_observations`, `contract_voided`, `contract_archived`, `contract_commission`, `creation_date`, `modification_date`, `deletion_date`) VALUES (18, 19, 86, '2018-04-01', '2020-03-31', 17034, 0.0005, NULL, DEFAULT, DEFAULT, DEFAULT, NULL, DEFAULT, DEFAULT, NULL, DEFAULT, NULL, DEFAULT, DEFAULT, DEFAULT, NULL);
INSERT INTO `contracts` (`id_contract`, `id_property`, `id_user_tenant`, `contract_date_start`, `contract_date_end`, `contract_rent_price`, `contract_interest`, `contract_tenant_attachments`, `contract_gas_check`, `contract_electricity_check`, `contract_expenses_check`, `contract_expenses_attachments`, `contract_payday_start`, `contract_payday_limit`, `contract_observations`, `contract_voided`, `contract_archived`, `contract_commission`, `creation_date`, `modification_date`, `deletion_date`) VALUES (19, 20, 104, '2018-04-01', '2021-03-31', 32000, 0.0005, NULL, DEFAULT, DEFAULT, DEFAULT, NULL, DEFAULT, DEFAULT, NULL, DEFAULT, NULL, DEFAULT, DEFAULT, DEFAULT, NULL);
INSERT INTO `contracts` (`id_contract`, `id_property`, `id_user_tenant`, `contract_date_start`, `contract_date_end`, `contract_rent_price`, `contract_interest`, `contract_tenant_attachments`, `contract_gas_check`, `contract_electricity_check`, `contract_expenses_check`, `contract_expenses_attachments`, `contract_payday_start`, `contract_payday_limit`, `contract_observations`, `contract_voided`, `contract_archived`, `contract_commission`, `creation_date`, `modification_date`, `deletion_date`) VALUES (20, 21, 55, '2017-12-01', '2019-11-30', 8364, 0.0005, NULL, DEFAULT, DEFAULT, DEFAULT, NULL, DEFAULT, DEFAULT, NULL, DEFAULT, NULL, DEFAULT, DEFAULT, DEFAULT, NULL);
INSERT INTO `contracts` (`id_contract`, `id_property`, `id_user_tenant`, `contract_date_start`, `contract_date_end`, `contract_rent_price`, `contract_interest`, `contract_tenant_attachments`, `contract_gas_check`, `contract_electricity_check`, `contract_expenses_check`, `contract_expenses_attachments`, `contract_payday_start`, `contract_payday_limit`, `contract_observations`, `contract_voided`, `contract_archived`, `contract_commission`, `creation_date`, `modification_date`, `deletion_date`) VALUES (21, 22, 14, '2017-02-01', '2019-01-31', 7909, 0.0005, NULL, DEFAULT, DEFAULT, DEFAULT, NULL, DEFAULT, DEFAULT, NULL, DEFAULT, NULL, DEFAULT, DEFAULT, DEFAULT, NULL);
INSERT INTO `contracts` (`id_contract`, `id_property`, `id_user_tenant`, `contract_date_start`, `contract_date_end`, `contract_rent_price`, `contract_interest`, `contract_tenant_attachments`, `contract_gas_check`, `contract_electricity_check`, `contract_expenses_check`, `contract_expenses_attachments`, `contract_payday_start`, `contract_payday_limit`, `contract_observations`, `contract_voided`, `contract_archived`, `contract_commission`, `creation_date`, `modification_date`, `deletion_date`) VALUES (22, 23, 99, '2016-12-01', '2018-11-31', 6200, 0.0005, NULL, DEFAULT, DEFAULT, DEFAULT, NULL, DEFAULT, DEFAULT, NULL, DEFAULT, NULL, DEFAULT, DEFAULT, DEFAULT, NULL);
INSERT INTO `contracts` (`id_contract`, `id_property`, `id_user_tenant`, `contract_date_start`, `contract_date_end`, `contract_rent_price`, `contract_interest`, `contract_tenant_attachments`, `contract_gas_check`, `contract_electricity_check`, `contract_expenses_check`, `contract_expenses_attachments`, `contract_payday_start`, `contract_payday_limit`, `contract_observations`, `contract_voided`, `contract_archived`, `contract_commission`, `creation_date`, `modification_date`, `deletion_date`) VALUES (23, 25, 109, '2018-02-01', '2020-01-31', 22200, 0.0005, NULL, DEFAULT, DEFAULT, DEFAULT, NULL, DEFAULT, DEFAULT, NULL, DEFAULT, NULL, DEFAULT, DEFAULT, DEFAULT, NULL);
INSERT INTO `contracts` (`id_contract`, `id_property`, `id_user_tenant`, `contract_date_start`, `contract_date_end`, `contract_rent_price`, `contract_interest`, `contract_tenant_attachments`, `contract_gas_check`, `contract_electricity_check`, `contract_expenses_check`, `contract_expenses_attachments`, `contract_payday_start`, `contract_payday_limit`, `contract_observations`, `contract_voided`, `contract_archived`, `contract_commission`, `creation_date`, `modification_date`, `deletion_date`) VALUES (25, 26, 45, '2018-08-01', '2020-07-31', 26600, 0.0005, NULL, DEFAULT, DEFAULT, DEFAULT, NULL, DEFAULT, DEFAULT, NULL, DEFAULT, NULL, DEFAULT, DEFAULT, DEFAULT, NULL);
INSERT INTO `contracts` (`id_contract`, `id_property`, `id_user_tenant`, `contract_date_start`, `contract_date_end`, `contract_rent_price`, `contract_interest`, `contract_tenant_attachments`, `contract_gas_check`, `contract_electricity_check`, `contract_expenses_check`, `contract_expenses_attachments`, `contract_payday_start`, `contract_payday_limit`, `contract_observations`, `contract_voided`, `contract_archived`, `contract_commission`, `creation_date`, `modification_date`, `deletion_date`) VALUES (26, 28, 53, '2018-03-01', '2020-02-29', 17338, 0.0005, NULL, DEFAULT, DEFAULT, DEFAULT, NULL, DEFAULT, DEFAULT, NULL, DEFAULT, NULL, DEFAULT, DEFAULT, DEFAULT, NULL);
INSERT INTO `contracts` (`id_contract`, `id_property`, `id_user_tenant`, `contract_date_start`, `contract_date_end`, `contract_rent_price`, `contract_interest`, `contract_tenant_attachments`, `contract_gas_check`, `contract_electricity_check`, `contract_expenses_check`, `contract_expenses_attachments`, `contract_payday_start`, `contract_payday_limit`, `contract_observations`, `contract_voided`, `contract_archived`, `contract_commission`, `creation_date`, `modification_date`, `deletion_date`) VALUES (27, 30, 105, '2018-04-01', '2020-03-31', 6707, 0.0005, NULL, DEFAULT, DEFAULT, DEFAULT, NULL, DEFAULT, DEFAULT, NULL, DEFAULT, NULL, DEFAULT, DEFAULT, DEFAULT, NULL);
INSERT INTO `contracts` (`id_contract`, `id_property`, `id_user_tenant`, `contract_date_start`, `contract_date_end`, `contract_rent_price`, `contract_interest`, `contract_tenant_attachments`, `contract_gas_check`, `contract_electricity_check`, `contract_expenses_check`, `contract_expenses_attachments`, `contract_payday_start`, `contract_payday_limit`, `contract_observations`, `contract_voided`, `contract_archived`, `contract_commission`, `creation_date`, `modification_date`, `deletion_date`) VALUES (28, 31, 73, '2017-08-01', '2019-07-31', 7604, 0.0005, NULL, DEFAULT, DEFAULT, DEFAULT, NULL, DEFAULT, DEFAULT, NULL, DEFAULT, NULL, DEFAULT, DEFAULT, DEFAULT, NULL);
INSERT INTO `contracts` (`id_contract`, `id_property`, `id_user_tenant`, `contract_date_start`, `contract_date_end`, `contract_rent_price`, `contract_interest`, `contract_tenant_attachments`, `contract_gas_check`, `contract_electricity_check`, `contract_expenses_check`, `contract_expenses_attachments`, `contract_payday_start`, `contract_payday_limit`, `contract_observations`, `contract_voided`, `contract_archived`, `contract_commission`, `creation_date`, `modification_date`, `deletion_date`) VALUES (29, 32, 47, '2017-02-01', '2019-01-31', 4867, 0.0005, NULL, DEFAULT, DEFAULT, DEFAULT, NULL, DEFAULT, DEFAULT, NULL, DEFAULT, NULL, DEFAULT, DEFAULT, DEFAULT, NULL);
INSERT INTO `contracts` (`id_contract`, `id_property`, `id_user_tenant`, `contract_date_start`, `contract_date_end`, `contract_rent_price`, `contract_interest`, `contract_tenant_attachments`, `contract_gas_check`, `contract_electricity_check`, `contract_expenses_check`, `contract_expenses_attachments`, `contract_payday_start`, `contract_payday_limit`, `contract_observations`, `contract_voided`, `contract_archived`, `contract_commission`, `creation_date`, `modification_date`, `deletion_date`) VALUES (30, 34, 128, '2018-02-01', '2020-01-31', 12167, 0.0005, NULL, DEFAULT, DEFAULT, DEFAULT, NULL, DEFAULT, DEFAULT, NULL, DEFAULT, NULL, DEFAULT, DEFAULT, DEFAULT, NULL);
INSERT INTO `contracts` (`id_contract`, `id_property`, `id_user_tenant`, `contract_date_start`, `contract_date_end`, `contract_rent_price`, `contract_interest`, `contract_tenant_attachments`, `contract_gas_check`, `contract_electricity_check`, `contract_expenses_check`, `contract_expenses_attachments`, `contract_payday_start`, `contract_payday_limit`, `contract_observations`, `contract_voided`, `contract_archived`, `contract_commission`, `creation_date`, `modification_date`, `deletion_date`) VALUES (31, 36, 143, '2018-07-01', '2020-06-30', 15969, 0.0005, NULL, DEFAULT, DEFAULT, DEFAULT, NULL, DEFAULT, DEFAULT, NULL, DEFAULT, NULL, DEFAULT, DEFAULT, DEFAULT, NULL);
INSERT INTO `contracts` (`id_contract`, `id_property`, `id_user_tenant`, `contract_date_start`, `contract_date_end`, `contract_rent_price`, `contract_interest`, `contract_tenant_attachments`, `contract_gas_check`, `contract_electricity_check`, `contract_expenses_check`, `contract_expenses_attachments`, `contract_payday_start`, `contract_payday_limit`, `contract_observations`, `contract_voided`, `contract_archived`, `contract_commission`, `creation_date`, `modification_date`, `deletion_date`) VALUES (32, 37, 144, '2017-05-01', '2019-04-30', 4950, 0.0005, NULL, DEFAULT, DEFAULT, DEFAULT, NULL, DEFAULT, DEFAULT, NULL, DEFAULT, NULL, DEFAULT, DEFAULT, DEFAULT, NULL);
INSERT INTO `contracts` (`id_contract`, `id_property`, `id_user_tenant`, `contract_date_start`, `contract_date_end`, `contract_rent_price`, `contract_interest`, `contract_tenant_attachments`, `contract_gas_check`, `contract_electricity_check`, `contract_expenses_check`, `contract_expenses_attachments`, `contract_payday_start`, `contract_payday_limit`, `contract_observations`, `contract_voided`, `contract_archived`, `contract_commission`, `creation_date`, `modification_date`, `deletion_date`) VALUES (33, 38, 34, '2018-07-01', '2020-06-30', 9630, 0.0005, NULL, DEFAULT, DEFAULT, DEFAULT, NULL, DEFAULT, DEFAULT, NULL, DEFAULT, NULL, DEFAULT, DEFAULT, DEFAULT, NULL);
INSERT INTO `contracts` (`id_contract`, `id_property`, `id_user_tenant`, `contract_date_start`, `contract_date_end`, `contract_rent_price`, `contract_interest`, `contract_tenant_attachments`, `contract_gas_check`, `contract_electricity_check`, `contract_expenses_check`, `contract_expenses_attachments`, `contract_payday_start`, `contract_payday_limit`, `contract_observations`, `contract_voided`, `contract_archived`, `contract_commission`, `creation_date`, `modification_date`, `deletion_date`) VALUES (34, 39, 56, '2018-01-01', '2019-12-31', 9600, 0.0005, NULL, DEFAULT, DEFAULT, DEFAULT, NULL, DEFAULT, DEFAULT, NULL, DEFAULT, NULL, DEFAULT, DEFAULT, DEFAULT, NULL);
INSERT INTO `contracts` (`id_contract`, `id_property`, `id_user_tenant`, `contract_date_start`, `contract_date_end`, `contract_rent_price`, `contract_interest`, `contract_tenant_attachments`, `contract_gas_check`, `contract_electricity_check`, `contract_expenses_check`, `contract_expenses_attachments`, `contract_payday_start`, `contract_payday_limit`, `contract_observations`, `contract_voided`, `contract_archived`, `contract_commission`, `creation_date`, `modification_date`, `deletion_date`) VALUES (35, 40, 95, '2017-09-01', '2019-08-31', 12927, 0.0005, NULL, DEFAULT, DEFAULT, DEFAULT, NULL, DEFAULT, DEFAULT, NULL, DEFAULT, NULL, DEFAULT, DEFAULT, DEFAULT, NULL);
INSERT INTO `contracts` (`id_contract`, `id_property`, `id_user_tenant`, `contract_date_start`, `contract_date_end`, `contract_rent_price`, `contract_interest`, `contract_tenant_attachments`, `contract_gas_check`, `contract_electricity_check`, `contract_expenses_check`, `contract_expenses_attachments`, `contract_payday_start`, `contract_payday_limit`, `contract_observations`, `contract_voided`, `contract_archived`, `contract_commission`, `creation_date`, `modification_date`, `deletion_date`) VALUES (36, 41, 52, '2018-08-01', '2020-07-31', 7300, 0.0005, NULL, DEFAULT, DEFAULT, DEFAULT, NULL, DEFAULT, DEFAULT, NULL, DEFAULT, NULL, DEFAULT, DEFAULT, DEFAULT, NULL);

COMMIT;


-- -----------------------------------------------------
-- Data for table `contract_bonifications`
-- -----------------------------------------------------
START TRANSACTION;
INSERT INTO `contract_bonifications` (`id_bonification`, `id_contract`, `bonification_name`, `bonification_rate`, `bonification_date_start`, `bonification_date_end`, `bonification_observations`, `creation_date`, `modification_date`, `deletion_date`) VALUES (1, 2, 'Acuerdo', 8190, '2018-09-01', '2019-03-01', NULL, DEFAULT, DEFAULT, NULL);
INSERT INTO `contract_bonifications` (`id_bonification`, `id_contract`, `bonification_name`, `bonification_rate`, `bonification_date_start`, `bonification_date_end`, `bonification_observations`, `creation_date`, `modification_date`, `deletion_date`) VALUES (2, 2, 'Acuerdo', 6975, '2019-03-01', '2019-09-01', NULL, DEFAULT, DEFAULT, NULL);
INSERT INTO `contract_bonifications` (`id_bonification`, `id_contract`, `bonification_name`, `bonification_rate`, `bonification_date_start`, `bonification_date_end`, `bonification_observations`, `creation_date`, `modification_date`, `deletion_date`) VALUES (3, 2, 'Acuerdo', 5580, '2019-09-01', '2020-03-01', NULL, DEFAULT, DEFAULT, NULL);
INSERT INTO `contract_bonifications` (`id_bonification`, `id_contract`, `bonification_name`, `bonification_rate`, `bonification_date_start`, `bonification_date_end`, `bonification_observations`, `creation_date`, `modification_date`, `deletion_date`) VALUES (4, 2, 'Acuerdo', 3973, '2020-03-01', '2020-09-01', NULL, DEFAULT, DEFAULT, NULL);
INSERT INTO `contract_bonifications` (`id_bonification`, `id_contract`, `bonification_name`, `bonification_rate`, `bonification_date_start`, `bonification_date_end`, `bonification_observations`, `creation_date`, `modification_date`, `deletion_date`) VALUES (5, 2, 'Acuerdo', 2155, '2020-09-01', '2021-03-01', NULL, DEFAULT, DEFAULT, NULL);
INSERT INTO `contract_bonifications` (`id_bonification`, `id_contract`, `bonification_name`, `bonification_rate`, `bonification_date_start`, `bonification_date_end`, `bonification_observations`, `creation_date`, `modification_date`, `deletion_date`) VALUES (7, 1, 'Acuerdo', 9608, '2017-09-01', '2018-03-01', NULL, DEFAULT, DEFAULT, NULL);
INSERT INTO `contract_bonifications` (`id_bonification`, `id_contract`, `bonification_name`, `bonification_rate`, `bonification_date_start`, `bonification_date_end`, `bonification_observations`, `creation_date`, `modification_date`, `deletion_date`) VALUES (8, 1, 'Acuerdo', 8183, '2018-03-01', '2018-09-01', NULL, DEFAULT, DEFAULT, NULL);
INSERT INTO `contract_bonifications` (`id_bonification`, `id_contract`, `bonification_name`, `bonification_rate`, `bonification_date_start`, `bonification_date_end`, `bonification_observations`, `creation_date`, `modification_date`, `deletion_date`) VALUES (9, 1, 'Acuerdo', 6544, '2018-09-01', '2019-03-01', NULL, DEFAULT, DEFAULT, NULL);
INSERT INTO `contract_bonifications` (`id_bonification`, `id_contract`, `bonification_name`, `bonification_rate`, `bonification_date_start`, `bonification_date_end`, `bonification_observations`, `creation_date`, `modification_date`, `deletion_date`) VALUES (10, 1, 'Acuerdo', 4660, '2019-03-01', '2019-09-01', NULL, DEFAULT, DEFAULT, NULL);
INSERT INTO `contract_bonifications` (`id_bonification`, `id_contract`, `bonification_name`, `bonification_rate`, `bonification_date_start`, `bonification_date_end`, `bonification_observations`, `creation_date`, `modification_date`, `deletion_date`) VALUES (11, 1, 'Acuerdo', 2192, '2019-09-01', '2020-03-01', NULL, DEFAULT, DEFAULT, NULL);
INSERT INTO `contract_bonifications` (`id_bonification`, `id_contract`, `bonification_name`, `bonification_rate`, `bonification_date_start`, `bonification_date_end`, `bonification_observations`, `creation_date`, `modification_date`, `deletion_date`) VALUES (13, 3, 'Acuerdo', 18203, '2015-11-01', '2016-05-01', NULL, DEFAULT, DEFAULT, NULL);
INSERT INTO `contract_bonifications` (`id_bonification`, `id_contract`, `bonification_name`, `bonification_rate`, `bonification_date_start`, `bonification_date_end`, `bonification_observations`, `creation_date`, `modification_date`, `deletion_date`) VALUES (14, 3, 'Acuerdo', 15503, '2016-05-01', '2016-11-01', NULL, DEFAULT, DEFAULT, NULL);
INSERT INTO `contract_bonifications` (`id_bonification`, `id_contract`, `bonification_name`, `bonification_rate`, `bonification_date_start`, `bonification_date_end`, `bonification_observations`, `creation_date`, `modification_date`, `deletion_date`) VALUES (15, 3, 'Acuerdo', 12398, '2016-11-01', '2017-05-01', NULL, DEFAULT, DEFAULT, NULL);
INSERT INTO `contract_bonifications` (`id_bonification`, `id_contract`, `bonification_name`, `bonification_rate`, `bonification_date_start`, `bonification_date_end`, `bonification_observations`, `creation_date`, `modification_date`, `deletion_date`) VALUES (16, 3, 'Acuerdo', 8828, '2017-05-01', '2017-11-01', NULL, DEFAULT, DEFAULT, NULL);
INSERT INTO `contract_bonifications` (`id_bonification`, `id_contract`, `bonification_name`, `bonification_rate`, `bonification_date_start`, `bonification_date_end`, `bonification_observations`, `creation_date`, `modification_date`, `deletion_date`) VALUES (17, 3, 'Acuerdo', 4722, '2017-11-01', '2018-05-01', NULL, DEFAULT, DEFAULT, NULL);
INSERT INTO `contract_bonifications` (`id_bonification`, `id_contract`, `bonification_name`, `bonification_rate`, `bonification_date_start`, `bonification_date_end`, `bonification_observations`, `creation_date`, `modification_date`, `deletion_date`) VALUES (19, 4, 'Acuerdo', 2683, '2017-04-01', '2017-10-01', NULL, DEFAULT, DEFAULT, NULL);
INSERT INTO `contract_bonifications` (`id_bonification`, `id_contract`, `bonification_name`, `bonification_rate`, `bonification_date_start`, `bonification_date_end`, `bonification_observations`, `creation_date`, `modification_date`, `deletion_date`) VALUES (20, 4, 'Acuerdo', 1910, '2017-10-01', '2018-04-01', NULL, DEFAULT, DEFAULT, NULL);
INSERT INTO `contract_bonifications` (`id_bonification`, `id_contract`, `bonification_name`, `bonification_rate`, `bonification_date_start`, `bonification_date_end`, `bonification_observations`, `creation_date`, `modification_date`, `deletion_date`) VALUES (21, 4, 'Acuerdo', 1022, '2018-04-01', '2018-10-01', NULL, DEFAULT, DEFAULT, NULL);
INSERT INTO `contract_bonifications` (`id_bonification`, `id_contract`, `bonification_name`, `bonification_rate`, `bonification_date_start`, `bonification_date_end`, `bonification_observations`, `creation_date`, `modification_date`, `deletion_date`) VALUES (23, 5, 'Acuerdo', 7585, '2018-05-01', '2018-11-01', NULL, DEFAULT, DEFAULT, NULL);
INSERT INTO `contract_bonifications` (`id_bonification`, `id_contract`, `bonification_name`, `bonification_rate`, `bonification_date_start`, `bonification_date_end`, `bonification_observations`, `creation_date`, `modification_date`, `deletion_date`) VALUES (24, 5, 'Acuerdo', 6460, '2018-11-01', '2019-05-01', NULL, DEFAULT, DEFAULT, NULL);
INSERT INTO `contract_bonifications` (`id_bonification`, `id_contract`, `bonification_name`, `bonification_rate`, `bonification_date_start`, `bonification_date_end`, `bonification_observations`, `creation_date`, `modification_date`, `deletion_date`) VALUES (25, 5, 'Acuerdo', 5166, '2019-05-01', '2019-11-01', NULL, DEFAULT, DEFAULT, NULL);
INSERT INTO `contract_bonifications` (`id_bonification`, `id_contract`, `bonification_name`, `bonification_rate`, `bonification_date_start`, `bonification_date_end`, `bonification_observations`, `creation_date`, `modification_date`, `deletion_date`) VALUES (27, 6, 'Acuerdo', 3438, '2018-04-01', '2018-10-01', NULL, DEFAULT, DEFAULT, NULL);
INSERT INTO `contract_bonifications` (`id_bonification`, `id_contract`, `bonification_name`, `bonification_rate`, `bonification_date_start`, `bonification_date_end`, `bonification_observations`, `creation_date`, `modification_date`, `deletion_date`) VALUES (28, 6, 'Acuerdo', 2448, '2018-10-01', '2019-04-01', NULL, DEFAULT, DEFAULT, NULL);
INSERT INTO `contract_bonifications` (`id_bonification`, `id_contract`, `bonification_name`, `bonification_rate`, `bonification_date_start`, `bonification_date_end`, `bonification_observations`, `creation_date`, `modification_date`, `deletion_date`) VALUES (29, 6, 'Acuerdo', 1310, '2019-04-01', '2019-10-01', NULL, DEFAULT, DEFAULT, NULL);
INSERT INTO `contract_bonifications` (`id_bonification`, `id_contract`, `bonification_name`, `bonification_rate`, `bonification_date_start`, `bonification_date_end`, `bonification_observations`, `creation_date`, `modification_date`, `deletion_date`) VALUES (31, 7, 'Acuerdo', 6511, '2018-09-01', '2019-03-01', NULL, DEFAULT, DEFAULT, NULL);
INSERT INTO `contract_bonifications` (`id_bonification`, `id_contract`, `bonification_name`, `bonification_rate`, `bonification_date_start`, `bonification_date_end`, `bonification_observations`, `creation_date`, `modification_date`, `deletion_date`) VALUES (32, 7, 'Acuerdo', 4636, '2019-03-01', '2019-09-01', NULL, DEFAULT, DEFAULT, NULL);
INSERT INTO `contract_bonifications` (`id_bonification`, `id_contract`, `bonification_name`, `bonification_rate`, `bonification_date_start`, `bonification_date_end`, `bonification_observations`, `creation_date`, `modification_date`, `deletion_date`) VALUES (33, 7, 'Acuerdo', 2480, '2019-09-01', '2020-03-01', NULL, DEFAULT, DEFAULT, NULL);
INSERT INTO `contract_bonifications` (`id_bonification`, `id_contract`, `bonification_name`, `bonification_rate`, `bonification_date_start`, `bonification_date_end`, `bonification_observations`, `creation_date`, `modification_date`, `deletion_date`) VALUES (35, 8, 'Acuerdo', 5990, '2018-09-01', '2019-03-01', NULL, DEFAULT, DEFAULT, NULL);
INSERT INTO `contract_bonifications` (`id_bonification`, `id_contract`, `bonification_name`, `bonification_rate`, `bonification_date_start`, `bonification_date_end`, `bonification_observations`, `creation_date`, `modification_date`, `deletion_date`) VALUES (36, 8, 'Acuerdo', 4265, '2019-03-01', '2019-09-01', NULL, DEFAULT, DEFAULT, NULL);
INSERT INTO `contract_bonifications` (`id_bonification`, `id_contract`, `bonification_name`, `bonification_rate`, `bonification_date_start`, `bonification_date_end`, `bonification_observations`, `creation_date`, `modification_date`, `deletion_date`) VALUES (37, 8, 'Acuerdo', 2281, '2019-09-01', '2020-03-01', NULL, DEFAULT, DEFAULT, NULL);
INSERT INTO `contract_bonifications` (`id_bonification`, `id_contract`, `bonification_name`, `bonification_rate`, `bonification_date_start`, `bonification_date_end`, `bonification_observations`, `creation_date`, `modification_date`, `deletion_date`) VALUES (39, 9, 'Acuerdo', 3980, '2017-12-01', '2018-06-01', NULL, DEFAULT, DEFAULT, NULL);
INSERT INTO `contract_bonifications` (`id_bonification`, `id_contract`, `bonification_name`, `bonification_rate`, `bonification_date_start`, `bonification_date_end`, `bonification_observations`, `creation_date`, `modification_date`, `deletion_date`) VALUES (40, 9, 'Acuerdo', 3820, '2018-06-01', '2018-12-01', NULL, DEFAULT, DEFAULT, NULL);
INSERT INTO `contract_bonifications` (`id_bonification`, `id_contract`, `bonification_name`, `bonification_rate`, `bonification_date_start`, `bonification_date_end`, `bonification_observations`, `creation_date`, `modification_date`, `deletion_date`) VALUES (41, 9, 'Acuerdo', 1500, '2018-12-01', '2019-06-01', NULL, DEFAULT, DEFAULT, NULL);
INSERT INTO `contract_bonifications` (`id_bonification`, `id_contract`, `bonification_name`, `bonification_rate`, `bonification_date_start`, `bonification_date_end`, `bonification_observations`, `creation_date`, `modification_date`, `deletion_date`) VALUES (43, 10, 'Acuerdo', 4844, '2018-03-01', '2018-09-01', NULL, DEFAULT, DEFAULT, NULL);
INSERT INTO `contract_bonifications` (`id_bonification`, `id_contract`, `bonification_name`, `bonification_rate`, `bonification_date_start`, `bonification_date_end`, `bonification_observations`, `creation_date`, `modification_date`, `deletion_date`) VALUES (44, 10, 'Acuerdo', 3449, '2018-09-01', '2019-03-01', NULL, DEFAULT, DEFAULT, NULL);
INSERT INTO `contract_bonifications` (`id_bonification`, `id_contract`, `bonification_name`, `bonification_rate`, `bonification_date_start`, `bonification_date_end`, `bonification_observations`, `creation_date`, `modification_date`, `deletion_date`) VALUES (45, 10, 'Acuerdo', 1844, '2019-03-01', '2019-09-01', NULL, DEFAULT, DEFAULT, NULL);
INSERT INTO `contract_bonifications` (`id_bonification`, `id_contract`, `bonification_name`, `bonification_rate`, `bonification_date_start`, `bonification_date_end`, `bonification_observations`, `creation_date`, `modification_date`, `deletion_date`) VALUES (47, 11, 'Acuerdo', 3700, '2017-07-01', '2018-01-01', NULL, DEFAULT, DEFAULT, NULL);
INSERT INTO `contract_bonifications` (`id_bonification`, `id_contract`, `bonification_name`, `bonification_rate`, `bonification_date_start`, `bonification_date_end`, `bonification_observations`, `creation_date`, `modification_date`, `deletion_date`) VALUES (48, 11, 'Acuerdo', 2630, '2018-01-01', '2018-07-01', NULL, DEFAULT, DEFAULT, NULL);
INSERT INTO `contract_bonifications` (`id_bonification`, `id_contract`, `bonification_name`, `bonification_rate`, `bonification_date_start`, `bonification_date_end`, `bonification_observations`, `creation_date`, `modification_date`, `deletion_date`) VALUES (49, 11, 'Acuerdo', 1408, '2018-07-01', '2019-01-01', NULL, DEFAULT, DEFAULT, NULL);
INSERT INTO `contract_bonifications` (`id_bonification`, `id_contract`, `bonification_name`, `bonification_rate`, `bonification_date_start`, `bonification_date_end`, `bonification_observations`, `creation_date`, `modification_date`, `deletion_date`) VALUES (51, 12, 'Acuerdo', 3650, '2017-01-01', '2017-07-01', NULL, DEFAULT, DEFAULT, NULL);
INSERT INTO `contract_bonifications` (`id_bonification`, `id_contract`, `bonification_name`, `bonification_rate`, `bonification_date_start`, `bonification_date_end`, `bonification_observations`, `creation_date`, `modification_date`, `deletion_date`) VALUES (52, 12, 'Acuerdo', 2600, '2017-07-01', '2018-01-01', NULL, DEFAULT, DEFAULT, NULL);
INSERT INTO `contract_bonifications` (`id_bonification`, `id_contract`, `bonification_name`, `bonification_rate`, `bonification_date_start`, `bonification_date_end`, `bonification_observations`, `creation_date`, `modification_date`, `deletion_date`) VALUES (53, 12, 'Acuerdo', 1390, '2018-01-01', '2018-07-01', NULL, DEFAULT, DEFAULT, NULL);
INSERT INTO `contract_bonifications` (`id_bonification`, `id_contract`, `bonification_name`, `bonification_rate`, `bonification_date_start`, `bonification_date_end`, `bonification_observations`, `creation_date`, `modification_date`, `deletion_date`) VALUES (55, 14, 'Acuerdo', 8075, '2017-03-01', '2017-11-01', NULL, DEFAULT, DEFAULT, NULL);
INSERT INTO `contract_bonifications` (`id_bonification`, `id_contract`, `bonification_name`, `bonification_rate`, `bonification_date_start`, `bonification_date_end`, `bonification_observations`, `creation_date`, `modification_date`, `deletion_date`) VALUES (56, 14, 'Acuerdo', 5748, '2017-11-01', '2018-03-01', NULL, DEFAULT, DEFAULT, NULL);
INSERT INTO `contract_bonifications` (`id_bonification`, `id_contract`, `bonification_name`, `bonification_rate`, `bonification_date_start`, `bonification_date_end`, `bonification_observations`, `creation_date`, `modification_date`, `deletion_date`) VALUES (57, 14, 'Acuerdo', 3075, '2018-03-01', '2018-11-01', NULL, DEFAULT, DEFAULT, NULL);
INSERT INTO `contract_bonifications` (`id_bonification`, `id_contract`, `bonification_name`, `bonification_rate`, `bonification_date_start`, `bonification_date_end`, `bonification_observations`, `creation_date`, `modification_date`, `deletion_date`) VALUES (59, 16, 'Acuerdo', 8192, '2018-08-01', '2019-02-01', NULL, DEFAULT, DEFAULT, NULL);
INSERT INTO `contract_bonifications` (`id_bonification`, `id_contract`, `bonification_name`, `bonification_rate`, `bonification_date_start`, `bonification_date_end`, `bonification_observations`, `creation_date`, `modification_date`, `deletion_date`) VALUES (60, 16, 'Acuerdo', 6977, '2019-02-01', '2019-08-01', NULL, DEFAULT, DEFAULT, NULL);
INSERT INTO `contract_bonifications` (`id_bonification`, `id_contract`, `bonification_name`, `bonification_rate`, `bonification_date_start`, `bonification_date_end`, `bonification_observations`, `creation_date`, `modification_date`, `deletion_date`) VALUES (61, 16, 'Acuerdo', 5580, '2019-08-01', '2020-02-01', NULL, DEFAULT, DEFAULT, NULL);
INSERT INTO `contract_bonifications` (`id_bonification`, `id_contract`, `bonification_name`, `bonification_rate`, `bonification_date_start`, `bonification_date_end`, `bonification_observations`, `creation_date`, `modification_date`, `deletion_date`) VALUES (62, 16, 'Acuerdo', 3973, '2020-02-01', '2020-08-01', NULL, DEFAULT, DEFAULT, NULL);
INSERT INTO `contract_bonifications` (`id_bonification`, `id_contract`, `bonification_name`, `bonification_rate`, `bonification_date_start`, `bonification_date_end`, `bonification_observations`, `creation_date`, `modification_date`, `deletion_date`) VALUES (63, 16, 'Acuerdo', 2125, '2020-08-01', '2021-02-01', NULL, DEFAULT, DEFAULT, NULL);
INSERT INTO `contract_bonifications` (`id_bonification`, `id_contract`, `bonification_name`, `bonification_rate`, `bonification_date_start`, `bonification_date_end`, `bonification_observations`, `creation_date`, `modification_date`, `deletion_date`) VALUES (65, 15, 'Acuerdo', 3594, '2018-05-01', '2018-11-01', NULL, DEFAULT, DEFAULT, NULL);
INSERT INTO `contract_bonifications` (`id_bonification`, `id_contract`, `bonification_name`, `bonification_rate`, `bonification_date_start`, `bonification_date_end`, `bonification_observations`, `creation_date`, `modification_date`, `deletion_date`) VALUES (66, 15, 'Acuerdo', 2559, '2018-11-01', '2019-05-01', NULL, DEFAULT, DEFAULT, NULL);
INSERT INTO `contract_bonifications` (`id_bonification`, `id_contract`, `bonification_name`, `bonification_rate`, `bonification_date_start`, `bonification_date_end`, `bonification_observations`, `creation_date`, `modification_date`, `deletion_date`) VALUES (67, 15, 'Acuerdo', 1369, '2019-05-01', '2019-11-01', NULL, DEFAULT, DEFAULT, NULL);
INSERT INTO `contract_bonifications` (`id_bonification`, `id_contract`, `bonification_name`, `bonification_rate`, `bonification_date_start`, `bonification_date_end`, `bonification_observations`, `creation_date`, `modification_date`, `deletion_date`) VALUES (69, 17, 'Acuerdo', 3390, '2018-04-01', '2018-10-01', NULL, DEFAULT, DEFAULT, NULL);
INSERT INTO `contract_bonifications` (`id_bonification`, `id_contract`, `bonification_name`, `bonification_rate`, `bonification_date_start`, `bonification_date_end`, `bonification_observations`, `creation_date`, `modification_date`, `deletion_date`) VALUES (70, 17, 'Acuerdo', 2415, '2018-10-01', '2019-04-01', NULL, DEFAULT, DEFAULT, NULL);
INSERT INTO `contract_bonifications` (`id_bonification`, `id_contract`, `bonification_name`, `bonification_rate`, `bonification_date_start`, `bonification_date_end`, `bonification_observations`, `creation_date`, `modification_date`, `deletion_date`) VALUES (71, 17, 'Acuerdo', 1290, '2019-04-01', '2019-10-01', NULL, DEFAULT, DEFAULT, NULL);
INSERT INTO `contract_bonifications` (`id_bonification`, `id_contract`, `bonification_name`, `bonification_rate`, `bonification_date_start`, `bonification_date_end`, `bonification_observations`, `creation_date`, `modification_date`, `deletion_date`) VALUES (73, 18, 'Acuerdo', 5834, '2018-04-01', '2018-10-01', NULL, DEFAULT, DEFAULT, NULL);
INSERT INTO `contract_bonifications` (`id_bonification`, `id_contract`, `bonification_name`, `bonification_rate`, `bonification_date_start`, `bonification_date_end`, `bonification_observations`, `creation_date`, `modification_date`, `deletion_date`) VALUES (74, 18, 'Acuerdo', 4154, '2018-10-01', '2019-04-01', NULL, DEFAULT, DEFAULT, NULL);
INSERT INTO `contract_bonifications` (`id_bonification`, `id_contract`, `bonification_name`, `bonification_rate`, `bonification_date_start`, `bonification_date_end`, `bonification_observations`, `creation_date`, `modification_date`, `deletion_date`) VALUES (75, 18, 'Acuerdo', 2222, '2019-04-01', '2019-10-01', NULL, DEFAULT, DEFAULT, NULL);
INSERT INTO `contract_bonifications` (`id_bonification`, `id_contract`, `bonification_name`, `bonification_rate`, `bonification_date_start`, `bonification_date_end`, `bonification_observations`, `creation_date`, `modification_date`, `deletion_date`) VALUES (77, 19, 'Acuerdo', 15500, '2018-04-01', '2018-10-01', NULL, DEFAULT, DEFAULT, NULL);
INSERT INTO `contract_bonifications` (`id_bonification`, `id_contract`, `bonification_name`, `bonification_rate`, `bonification_date_start`, `bonification_date_end`, `bonification_observations`, `creation_date`, `modification_date`, `deletion_date`) VALUES (78, 19, 'Acuerdo', 13000, '2018-10-01', '2019-04-01', NULL, DEFAULT, DEFAULT, NULL);
INSERT INTO `contract_bonifications` (`id_bonification`, `id_contract`, `bonification_name`, `bonification_rate`, `bonification_date_start`, `bonification_date_end`, `bonification_observations`, `creation_date`, `modification_date`, `deletion_date`) VALUES (79, 19, 'Acuerdo', 10200, '2019-04-01', '2019-10-01', NULL, DEFAULT, DEFAULT, NULL);
INSERT INTO `contract_bonifications` (`id_bonification`, `id_contract`, `bonification_name`, `bonification_rate`, `bonification_date_start`, `bonification_date_end`, `bonification_observations`, `creation_date`, `modification_date`, `deletion_date`) VALUES (80, 19, 'Acuerdo', 7000, '2019-10-01', '2020-04-01', NULL, DEFAULT, DEFAULT, NULL);
INSERT INTO `contract_bonifications` (`id_bonification`, `id_contract`, `bonification_name`, `bonification_rate`, `bonification_date_start`, `bonification_date_end`, `bonification_observations`, `creation_date`, `modification_date`, `deletion_date`) VALUES (81, 19, 'Acuerdo', 4000, '2020-04-01', '2020-10-01', NULL, DEFAULT, DEFAULT, NULL);
INSERT INTO `contract_bonifications` (`id_bonification`, `id_contract`, `bonification_name`, `bonification_rate`, `bonification_date_start`, `bonification_date_end`, `bonification_observations`, `creation_date`, `modification_date`, `deletion_date`) VALUES (83, 20, 'Acuerdo', 2864, '2017-12-01', '2018-06-01', NULL, DEFAULT, DEFAULT, NULL);
INSERT INTO `contract_bonifications` (`id_bonification`, `id_contract`, `bonification_name`, `bonification_rate`, `bonification_date_start`, `bonification_date_end`, `bonification_observations`, `creation_date`, `modification_date`, `deletion_date`) VALUES (84, 20, 'Acuerdo', 2039, '2018-06-01', '2018-12-01', NULL, DEFAULT, DEFAULT, NULL);
INSERT INTO `contract_bonifications` (`id_bonification`, `id_contract`, `bonification_name`, `bonification_rate`, `bonification_date_start`, `bonification_date_end`, `bonification_observations`, `creation_date`, `modification_date`, `deletion_date`) VALUES (85, 20, 'Acuerdo', 1091, '2018-12-01', '2019-06-01', NULL, DEFAULT, DEFAULT, NULL);
INSERT INTO `contract_bonifications` (`id_bonification`, `id_contract`, `bonification_name`, `bonification_rate`, `bonification_date_start`, `bonification_date_end`, `bonification_observations`, `creation_date`, `modification_date`, `deletion_date`) VALUES (87, 21, 'Acuerdo', 2709, '2017-02-01', '2017-08-01', NULL, DEFAULT, DEFAULT, NULL);
INSERT INTO `contract_bonifications` (`id_bonification`, `id_contract`, `bonification_name`, `bonification_rate`, `bonification_date_start`, `bonification_date_end`, `bonification_observations`, `creation_date`, `modification_date`, `deletion_date`) VALUES (88, 21, 'Acuerdo', 1929, '2017-08-01', '2018-02-01', NULL, DEFAULT, DEFAULT, NULL);
INSERT INTO `contract_bonifications` (`id_bonification`, `id_contract`, `bonification_name`, `bonification_rate`, `bonification_date_start`, `bonification_date_end`, `bonification_observations`, `creation_date`, `modification_date`, `deletion_date`) VALUES (89, 21, 'Acuerdo', 1032, '2018-02-01', '2018-08-01', NULL, DEFAULT, DEFAULT, NULL);
INSERT INTO `contract_bonifications` (`id_bonification`, `id_contract`, `bonification_name`, `bonification_rate`, `bonification_date_start`, `bonification_date_end`, `bonification_observations`, `creation_date`, `modification_date`, `deletion_date`) VALUES (91, 23, 'Acuerdo', 7800, '2018-02-01', '2018-10-01', NULL, DEFAULT, DEFAULT, NULL);
INSERT INTO `contract_bonifications` (`id_bonification`, `id_contract`, `bonification_name`, `bonification_rate`, `bonification_date_start`, `bonification_date_end`, `bonification_observations`, `creation_date`, `modification_date`, `deletion_date`) VALUES (92, 23, 'Acuerdo', 3800, '2018-10-01', '2019-06-01', NULL, DEFAULT, DEFAULT, NULL);
INSERT INTO `contract_bonifications` (`id_bonification`, `id_contract`, `bonification_name`, `bonification_rate`, `bonification_date_start`, `bonification_date_end`, `bonification_observations`, `creation_date`, `modification_date`, `deletion_date`) VALUES (94, 25, 'Acuerdo', 9100, '2018-08-01', '2019-02-01', NULL, DEFAULT, DEFAULT, NULL);
INSERT INTO `contract_bonifications` (`id_bonification`, `id_contract`, `bonification_name`, `bonification_rate`, `bonification_date_start`, `bonification_date_end`, `bonification_observations`, `creation_date`, `modification_date`, `deletion_date`) VALUES (95, 25, 'Acuerdo', 6475, '2019-02-01', '2019-08-01', NULL, DEFAULT, DEFAULT, NULL);
INSERT INTO `contract_bonifications` (`id_bonification`, `id_contract`, `bonification_name`, `bonification_rate`, `bonification_date_start`, `bonification_date_end`, `bonification_observations`, `creation_date`, `modification_date`, `deletion_date`) VALUES (96, 25, 'Acuerdo', 3460, '2019-08-01', '2020-02-01', NULL, DEFAULT, DEFAULT, NULL);
INSERT INTO `contract_bonifications` (`id_bonification`, `id_contract`, `bonification_name`, `bonification_rate`, `bonification_date_start`, `bonification_date_end`, `bonification_observations`, `creation_date`, `modification_date`, `deletion_date`) VALUES (98, 26, 'Acuerdo', 5938, '2018-03-01', '2018-09-01', NULL, DEFAULT, DEFAULT, NULL);
INSERT INTO `contract_bonifications` (`id_bonification`, `id_contract`, `bonification_name`, `bonification_rate`, `bonification_date_start`, `bonification_date_end`, `bonification_observations`, `creation_date`, `modification_date`, `deletion_date`) VALUES (99, 26, 'Acuerdo', 4228, '2018-09-01', '2019-03-01', NULL, DEFAULT, DEFAULT, NULL);
INSERT INTO `contract_bonifications` (`id_bonification`, `id_contract`, `bonification_name`, `bonification_rate`, `bonification_date_start`, `bonification_date_end`, `bonification_observations`, `creation_date`, `modification_date`, `deletion_date`) VALUES (100, 26, 'Acuerdo', 2261, '2019-03-01', '2019-09-01', NULL, DEFAULT, DEFAULT, NULL);
INSERT INTO `contract_bonifications` (`id_bonification`, `id_contract`, `bonification_name`, `bonification_rate`, `bonification_date_start`, `bonification_date_end`, `bonification_observations`, `creation_date`, `modification_date`, `deletion_date`) VALUES (102, 28, 'Acuerdo', 2604, '2017-08-01', '2018-02-01', NULL, DEFAULT, DEFAULT, NULL);
INSERT INTO `contract_bonifications` (`id_bonification`, `id_contract`, `bonification_name`, `bonification_rate`, `bonification_date_start`, `bonification_date_end`, `bonification_observations`, `creation_date`, `modification_date`, `deletion_date`) VALUES (103, 28, 'Acuerdo', 1854, '2018-02-01', '2018-08-01', NULL, DEFAULT, DEFAULT, NULL);
INSERT INTO `contract_bonifications` (`id_bonification`, `id_contract`, `bonification_name`, `bonification_rate`, `bonification_date_start`, `bonification_date_end`, `bonification_observations`, `creation_date`, `modification_date`, `deletion_date`) VALUES (104, 28, 'Acuerdo', 991, '2018-08-01', '2019-02-01', NULL, DEFAULT, DEFAULT, NULL);
INSERT INTO `contract_bonifications` (`id_bonification`, `id_contract`, `bonification_name`, `bonification_rate`, `bonification_date_start`, `bonification_date_end`, `bonification_observations`, `creation_date`, `modification_date`, `deletion_date`) VALUES (106, 29, 'Acuerdo', 1667, '2017-02-01', '2017-08-01', NULL, DEFAULT, DEFAULT, NULL);
INSERT INTO `contract_bonifications` (`id_bonification`, `id_contract`, `bonification_name`, `bonification_rate`, `bonification_date_start`, `bonification_date_end`, `bonification_observations`, `creation_date`, `modification_date`, `deletion_date`) VALUES (107, 29, 'Acuerdo', 1187, '2017-08-01', '2018-02-01', NULL, DEFAULT, DEFAULT, NULL);
INSERT INTO `contract_bonifications` (`id_bonification`, `id_contract`, `bonification_name`, `bonification_rate`, `bonification_date_start`, `bonification_date_end`, `bonification_observations`, `creation_date`, `modification_date`, `deletion_date`) VALUES (108, 29, 'Acuerdo', 635, '2018-02-01', '2018-08-01', NULL, DEFAULT, DEFAULT, NULL);
INSERT INTO `contract_bonifications` (`id_bonification`, `id_contract`, `bonification_name`, `bonification_rate`, `bonification_date_start`, `bonification_date_end`, `bonification_observations`, `creation_date`, `modification_date`, `deletion_date`) VALUES (110, 30, 'Acuerdo', 4167, '2018-02-01', '2018-08-01', NULL, DEFAULT, DEFAULT, NULL);
INSERT INTO `contract_bonifications` (`id_bonification`, `id_contract`, `bonification_name`, `bonification_rate`, `bonification_date_start`, `bonification_date_end`, `bonification_observations`, `creation_date`, `modification_date`, `deletion_date`) VALUES (111, 30, 'Acuerdo', 2967, '2019-02-01', '2019-08-01', NULL, DEFAULT, DEFAULT, NULL);
INSERT INTO `contract_bonifications` (`id_bonification`, `id_contract`, `bonification_name`, `bonification_rate`, `bonification_date_start`, `bonification_date_end`, `bonification_observations`, `creation_date`, `modification_date`, `deletion_date`) VALUES (112, 30, 'Acuerdo', 1587, '2020-02-01', '2019-08-01', NULL, DEFAULT, DEFAULT, NULL);
INSERT INTO `contract_bonifications` (`id_bonification`, `id_contract`, `bonification_name`, `bonification_rate`, `bonification_date_start`, `bonification_date_end`, `bonification_observations`, `creation_date`, `modification_date`, `deletion_date`) VALUES (114, 31, 'Acuerdo', 5869, '2018-07-01', '2019-01-01', NULL, DEFAULT, DEFAULT, NULL);
INSERT INTO `contract_bonifications` (`id_bonification`, `id_contract`, `bonification_name`, `bonification_rate`, `bonification_date_start`, `bonification_date_end`, `bonification_observations`, `creation_date`, `modification_date`, `deletion_date`) VALUES (115, 31, 'Acuerdo', 3894, '2019-01-01', '2019-07-01', NULL, DEFAULT, DEFAULT, NULL);
INSERT INTO `contract_bonifications` (`id_bonification`, `id_contract`, `bonification_name`, `bonification_rate`, `bonification_date_start`, `bonification_date_end`, `bonification_observations`, `creation_date`, `modification_date`, `deletion_date`) VALUES (116, 31, 'Acuerdo', 2083, '2019-07-01', '2020-01-01', NULL, DEFAULT, DEFAULT, NULL);
INSERT INTO `contract_bonifications` (`id_bonification`, `id_contract`, `bonification_name`, `bonification_rate`, `bonification_date_start`, `bonification_date_end`, `bonification_observations`, `creation_date`, `modification_date`, `deletion_date`) VALUES (118, 32, 'Acuerdo', 1200, '2017-05-01', '2018-01-01', NULL, DEFAULT, DEFAULT, NULL);
INSERT INTO `contract_bonifications` (`id_bonification`, `id_contract`, `bonification_name`, `bonification_rate`, `bonification_date_start`, `bonification_date_end`, `bonification_observations`, `creation_date`, `modification_date`, `deletion_date`) VALUES (119, 32, 'Acuerdo', 650, '2018-01-01', '2018-09-01', NULL, DEFAULT, DEFAULT, NULL);
INSERT INTO `contract_bonifications` (`id_bonification`, `id_contract`, `bonification_name`, `bonification_rate`, `bonification_date_start`, `bonification_date_end`, `bonification_observations`, `creation_date`, `modification_date`, `deletion_date`) VALUES (121, 33, 'Acuerdo', 3130, '2018-07-01', '2019-01-01', NULL, DEFAULT, DEFAULT, NULL);
INSERT INTO `contract_bonifications` (`id_bonification`, `id_contract`, `bonification_name`, `bonification_rate`, `bonification_date_start`, `bonification_date_end`, `bonification_observations`, `creation_date`, `modification_date`, `deletion_date`) VALUES (122, 33, 'Acuerdo', 2220, '2019-01-01', '2019-07-01', NULL, DEFAULT, DEFAULT, NULL);
INSERT INTO `contract_bonifications` (`id_bonification`, `id_contract`, `bonification_name`, `bonification_rate`, `bonification_date_start`, `bonification_date_end`, `bonification_observations`, `creation_date`, `modification_date`, `deletion_date`) VALUES (123, 33, 'Acuerdo', 1183, '2019-07-01', '2020-01-01', NULL, DEFAULT, DEFAULT, NULL);
INSERT INTO `contract_bonifications` (`id_bonification`, `id_contract`, `bonification_name`, `bonification_rate`, `bonification_date_start`, `bonification_date_end`, `bonification_observations`, `creation_date`, `modification_date`, `deletion_date`) VALUES (125, 34, 'Acuerdo', 3300, '2018-01-01', '2018-07-01', NULL, DEFAULT, DEFAULT, NULL);
INSERT INTO `contract_bonifications` (`id_bonification`, `id_contract`, `bonification_name`, `bonification_rate`, `bonification_date_start`, `bonification_date_end`, `bonification_observations`, `creation_date`, `modification_date`, `deletion_date`) VALUES (126, 34, 'Acuerdo', 2380, '2018-07-01', '2019-01-01', NULL, DEFAULT, DEFAULT, NULL);
INSERT INTO `contract_bonifications` (`id_bonification`, `id_contract`, `bonification_name`, `bonification_rate`, `bonification_date_start`, `bonification_date_end`, `bonification_observations`, `creation_date`, `modification_date`, `deletion_date`) VALUES (127, 34, 'Acuerdo', 1300, '2019-01-01', '2019-07-01', NULL, DEFAULT, DEFAULT, NULL);
INSERT INTO `contract_bonifications` (`id_bonification`, `id_contract`, `bonification_name`, `bonification_rate`, `bonification_date_start`, `bonification_date_end`, `bonification_observations`, `creation_date`, `modification_date`, `deletion_date`) VALUES (129, 35, 'Acuerdo', 4427, '2017-09-01', '2018-03-01', NULL, DEFAULT, DEFAULT, NULL);
INSERT INTO `contract_bonifications` (`id_bonification`, `id_contract`, `bonification_name`, `bonification_rate`, `bonification_date_start`, `bonification_date_end`, `bonification_observations`, `creation_date`, `modification_date`, `deletion_date`) VALUES (130, 35, 'Acuerdo', 3152, '2018-03-01', '2018-09-01', NULL, DEFAULT, DEFAULT, NULL);
INSERT INTO `contract_bonifications` (`id_bonification`, `id_contract`, `bonification_name`, `bonification_rate`, `bonification_date_start`, `bonification_date_end`, `bonification_observations`, `creation_date`, `modification_date`, `deletion_date`) VALUES (131, 35, 'Acuerdo', 1686, '2018-09-01', '2019-03-01', NULL, DEFAULT, DEFAULT, NULL);

COMMIT;


-- -----------------------------------------------------
-- Data for table `expense_types`
-- -----------------------------------------------------
START TRANSACTION;
INSERT INTO `expense_types` (`id_expense_type`, `type_name`, `type_description`, `type_order`, `creation_date`, `modification_date`, `deletion_date`) VALUES (1, 'Administrativo', 'NULL', 1, 'NULL', 'NULL', 'NULL');
INSERT INTO `expense_types` (`id_expense_type`, `type_name`, `type_description`, `type_order`, `creation_date`, `modification_date`, `deletion_date`) VALUES (2, 'Impuestos y Servicios', 'NULL', 2, 'NULL', 'NULL', 'NULL');
INSERT INTO `expense_types` (`id_expense_type`, `type_name`, `type_description`, `type_order`, `creation_date`, `modification_date`, `deletion_date`) VALUES (3, 'Expensa', 'NULL', 3, 'NULL', 'NULL', 'NULL');
INSERT INTO `expense_types` (`id_expense_type`, `type_name`, `type_description`, `type_order`, `creation_date`, `modification_date`, `deletion_date`) VALUES (4, 'Intereses', 'NULL', 4, 'NULL', 'NULL', 'NULL');
INSERT INTO `expense_types` (`id_expense_type`, `type_name`, `type_description`, `type_order`, `creation_date`, `modification_date`, `deletion_date`) VALUES (5, 'Alquiler', 'NULL', 5, 'NULL', 'NULL', 'NULL');
INSERT INTO `expense_types` (`id_expense_type`, `type_name`, `type_description`, `type_order`, `creation_date`, `modification_date`, `deletion_date`) VALUES (6, 'Varios', 'NULL', 6, 'NULL', 'NULL', 'NULL');
INSERT INTO `expense_types` (`id_expense_type`, `type_name`, `type_description`, `type_order`, `creation_date`, `modification_date`, `deletion_date`) VALUES (7, 'Mantenimiento', 'NULL', 7, 'NULL', 'NULL', 'NULL');

COMMIT;


-- -----------------------------------------------------
-- Data for table `expenses`
-- -----------------------------------------------------
START TRANSACTION;
INSERT INTO `expenses` (`id_expense`, `id_expense_type`, `expense_name`, `expense_description`, `expense_website`, `creation_date`, `modification_date`, `deletion_date`) VALUES (1, 2, 'Aguas Cordobesas', NULL, NULL, DEFAULT, DEFAULT, NULL);
INSERT INTO `expenses` (`id_expense`, `id_expense_type`, `expense_name`, `expense_description`, `expense_website`, `creation_date`, `modification_date`, `deletion_date`) VALUES (2, 2, 'Ecogas', NULL, NULL, DEFAULT, DEFAULT, NULL);
INSERT INTO `expenses` (`id_expense`, `id_expense_type`, `expense_name`, `expense_description`, `expense_website`, `creation_date`, `modification_date`, `deletion_date`) VALUES (3, 2, 'EPEC', NULL, NULL, DEFAULT, DEFAULT, NULL);
INSERT INTO `expenses` (`id_expense`, `id_expense_type`, `expense_name`, `expense_description`, `expense_website`, `creation_date`, `modification_date`, `deletion_date`) VALUES (4, 2, 'Municipalidad de Cordoba', NULL, NULL, DEFAULT, DEFAULT, NULL);
INSERT INTO `expenses` (`id_expense`, `id_expense_type`, `expense_name`, `expense_description`, `expense_website`, `creation_date`, `modification_date`, `deletion_date`) VALUES (5, 2, 'Rentas', NULL, NULL, DEFAULT, DEFAULT, NULL);
INSERT INTO `expenses` (`id_expense`, `id_expense_type`, `expense_name`, `expense_description`, `expense_website`, `creation_date`, `modification_date`, `deletion_date`) VALUES (6, 4, 'Intereses', NULL, NULL, DEFAULT, DEFAULT, NULL);
INSERT INTO `expenses` (`id_expense`, `id_expense_type`, `expense_name`, `expense_description`, `expense_website`, `creation_date`, `modification_date`, `deletion_date`) VALUES (7, 1, 'Comisión inmobiliaria', NULL, NULL, DEFAULT, DEFAULT, NULL);
INSERT INTO `expenses` (`id_expense`, `id_expense_type`, `expense_name`, `expense_description`, `expense_website`, `creation_date`, `modification_date`, `deletion_date`) VALUES (8, 7, 'Plomeria', NULL, NULL, DEFAULT, DEFAULT, NULL);
INSERT INTO `expenses` (`id_expense`, `id_expense_type`, `expense_name`, `expense_description`, `expense_website`, `creation_date`, `modification_date`, `deletion_date`) VALUES (9, 7, 'Electricidad', NULL, NULL, DEFAULT, DEFAULT, NULL);
INSERT INTO `expenses` (`id_expense`, `id_expense_type`, `expense_name`, `expense_description`, `expense_website`, `creation_date`, `modification_date`, `deletion_date`) VALUES (10, 7, 'Albañileria', NULL, NULL, DEFAULT, DEFAULT, NULL);
INSERT INTO `expenses` (`id_expense`, `id_expense_type`, `expense_name`, `expense_description`, `expense_website`, `creation_date`, `modification_date`, `deletion_date`) VALUES (11, 2, 'Gas', NULL, NULL, DEFAULT, DEFAULT, NULL);
INSERT INTO `expenses` (`id_expense`, `id_expense_type`, `expense_name`, `expense_description`, `expense_website`, `creation_date`, `modification_date`, `deletion_date`) VALUES (12, 6, 'De todo un poco', NULL, NULL, DEFAULT, DEFAULT, NULL);
INSERT INTO `expenses` (`id_expense`, `id_expense_type`, `expense_name`, `expense_description`, `expense_website`, `creation_date`, `modification_date`, `deletion_date`) VALUES (13, 1, 'Multa', NULL, NULL, DEFAULT, DEFAULT, NULL);
INSERT INTO `expenses` (`id_expense`, `id_expense_type`, `expense_name`, `expense_description`, `expense_website`, `creation_date`, `modification_date`, `deletion_date`) VALUES (14, 3, 'Expensas Ordinarias', NULL, NULL, DEFAULT, DEFAULT, NULL);
INSERT INTO `expenses` (`id_expense`, `id_expense_type`, `expense_name`, `expense_description`, `expense_website`, `creation_date`, `modification_date`, `deletion_date`) VALUES (15, 3, 'Expensas Extraordinarias', NULL, NULL, DEFAULT, DEFAULT, NULL);
INSERT INTO `expenses` (`id_expense`, `id_expense_type`, `expense_name`, `expense_description`, `expense_website`, `creation_date`, `modification_date`, `deletion_date`) VALUES (16, 7, 'Pintura', NULL, NULL, DEFAULT, DEFAULT, NULL);

COMMIT;


-- -----------------------------------------------------
-- Data for table `property_expenses`
-- -----------------------------------------------------
START TRANSACTION;
INSERT INTO `property_expenses` (`id_property_expense`, `id_property`, `id_expense`, `expense_identification`, `expense_payable`, `expense_chargeable`, `expense_checkable`, `expense_periodicity`, `expense_date_start`, `expense_observations`, `creation_date`, `modification_date`, `deletion_date`) VALUES (1, 1, 1, NULL, 1, 1, 1, 1, NULL, NULL, '2018-07-18 16:07:46', '2018-07-18 16:07:46', 'NULL');
INSERT INTO `property_expenses` (`id_property_expense`, `id_property`, `id_expense`, `expense_identification`, `expense_payable`, `expense_chargeable`, `expense_checkable`, `expense_periodicity`, `expense_date_start`, `expense_observations`, `creation_date`, `modification_date`, `deletion_date`) VALUES (2, 1, 4, NULL, 1, 1, 1, 1, NULL, NULL, '2018-07-18 16:07:54', '2018-07-18 16:07:54', 'NULL');
INSERT INTO `property_expenses` (`id_property_expense`, `id_property`, `id_expense`, `expense_identification`, `expense_payable`, `expense_chargeable`, `expense_checkable`, `expense_periodicity`, `expense_date_start`, `expense_observations`, `creation_date`, `modification_date`, `deletion_date`) VALUES (3, 1, 5, NULL, 1, 1, 1, 1, NULL, NULL, '2018-07-18 16:08:03', '2018-07-18 16:08:03', 'NULL');
INSERT INTO `property_expenses` (`id_property_expense`, `id_property`, `id_expense`, `expense_identification`, `expense_payable`, `expense_chargeable`, `expense_checkable`, `expense_periodicity`, `expense_date_start`, `expense_observations`, `creation_date`, `modification_date`, `deletion_date`) VALUES (4, 2, 1, NULL, 1, 1, 1, 1, NULL, NULL, '2018-07-18 16:08:13', '2018-07-18 16:08:13', 'NULL');
INSERT INTO `property_expenses` (`id_property_expense`, `id_property`, `id_expense`, `expense_identification`, `expense_payable`, `expense_chargeable`, `expense_checkable`, `expense_periodicity`, `expense_date_start`, `expense_observations`, `creation_date`, `modification_date`, `deletion_date`) VALUES (5, 2, 4, NULL, 1, 1, 1, 1, NULL, NULL, '2018-07-18 16:08:21', '2018-07-18 16:08:21', 'NULL');
INSERT INTO `property_expenses` (`id_property_expense`, `id_property`, `id_expense`, `expense_identification`, `expense_payable`, `expense_chargeable`, `expense_checkable`, `expense_periodicity`, `expense_date_start`, `expense_observations`, `creation_date`, `modification_date`, `deletion_date`) VALUES (6, 2, 5, NULL, 1, 1, 1, 1, NULL, NULL, '2018-07-18 16:08:28', '2018-07-18 16:08:28', 'NULL');
INSERT INTO `property_expenses` (`id_property_expense`, `id_property`, `id_expense`, `expense_identification`, `expense_payable`, `expense_chargeable`, `expense_checkable`, `expense_periodicity`, `expense_date_start`, `expense_observations`, `creation_date`, `modification_date`, `deletion_date`) VALUES (7, 3, 1, NULL, 1, 1, 1, 1, NULL, NULL, '2018-07-18 16:08:43', '2018-07-18 16:08:43', 'NULL');
INSERT INTO `property_expenses` (`id_property_expense`, `id_property`, `id_expense`, `expense_identification`, `expense_payable`, `expense_chargeable`, `expense_checkable`, `expense_periodicity`, `expense_date_start`, `expense_observations`, `creation_date`, `modification_date`, `deletion_date`) VALUES (8, 3, 4, NULL, 1, 1, 1, 1, NULL, NULL, '2018-07-18 16:08:22', '2018-07-18 16:08:22', 'NULL');
INSERT INTO `property_expenses` (`id_property_expense`, `id_property`, `id_expense`, `expense_identification`, `expense_payable`, `expense_chargeable`, `expense_checkable`, `expense_periodicity`, `expense_date_start`, `expense_observations`, `creation_date`, `modification_date`, `deletion_date`) VALUES (9, 3, 5, NULL, 1, 1, 1, 1, NULL, NULL, '2018-07-18 16:08:29', '2018-07-18 16:08:29', 'NULL');
INSERT INTO `property_expenses` (`id_property_expense`, `id_property`, `id_expense`, `expense_identification`, `expense_payable`, `expense_chargeable`, `expense_checkable`, `expense_periodicity`, `expense_date_start`, `expense_observations`, `creation_date`, `modification_date`, `deletion_date`) VALUES (10, 4, 1, NULL, 1, 1, 1, 1, NULL, NULL, '2018-07-18 16:08:44', '2018-07-18 16:08:44', 'NULL');
INSERT INTO `property_expenses` (`id_property_expense`, `id_property`, `id_expense`, `expense_identification`, `expense_payable`, `expense_chargeable`, `expense_checkable`, `expense_periodicity`, `expense_date_start`, `expense_observations`, `creation_date`, `modification_date`, `deletion_date`) VALUES (11, 4, 4, '41202303000006', 1, 1, 1, 1, NULL, NULL, '2018-07-18 16:08:23', '2018-07-18 16:08:23', 'NULL');
INSERT INTO `property_expenses` (`id_property_expense`, `id_property`, `id_expense`, `expense_identification`, `expense_payable`, `expense_chargeable`, `expense_checkable`, `expense_periodicity`, `expense_date_start`, `expense_observations`, `creation_date`, `modification_date`, `deletion_date`) VALUES (12, 4, 5, NULL, 1, 1, 1, 1, NULL, NULL, '2018-07-18 16:08:30', '2018-07-18 16:08:30', 'NULL');
INSERT INTO `property_expenses` (`id_property_expense`, `id_property`, `id_expense`, `expense_identification`, `expense_payable`, `expense_chargeable`, `expense_checkable`, `expense_periodicity`, `expense_date_start`, `expense_observations`, `creation_date`, `modification_date`, `deletion_date`) VALUES (13, 5, 1, NULL, 1, 1, 1, 1, NULL, NULL, '2018-07-18 16:08:45', '2018-07-18 16:08:45', 'NULL');
INSERT INTO `property_expenses` (`id_property_expense`, `id_property`, `id_expense`, `expense_identification`, `expense_payable`, `expense_chargeable`, `expense_checkable`, `expense_periodicity`, `expense_date_start`, `expense_observations`, `creation_date`, `modification_date`, `deletion_date`) VALUES (14, 5, 4, '41202303000011', 1, 1, 1, 1, NULL, NULL, '2018-07-18 16:08:24', '2018-07-18 16:08:24', 'NULL');
INSERT INTO `property_expenses` (`id_property_expense`, `id_property`, `id_expense`, `expense_identification`, `expense_payable`, `expense_chargeable`, `expense_checkable`, `expense_periodicity`, `expense_date_start`, `expense_observations`, `creation_date`, `modification_date`, `deletion_date`) VALUES (15, 5, 5, NULL, 1, 1, 1, 1, NULL, NULL, '2018-07-18 16:08:31', '2018-07-18 16:08:31', 'NULL');
INSERT INTO `property_expenses` (`id_property_expense`, `id_property`, `id_expense`, `expense_identification`, `expense_payable`, `expense_chargeable`, `expense_checkable`, `expense_periodicity`, `expense_date_start`, `expense_observations`, `creation_date`, `modification_date`, `deletion_date`) VALUES (16, 6, 1, NULL, 1, 1, 1, 1, NULL, NULL, '2018-07-18 16:08:46', '2018-07-18 16:08:46', 'NULL');
INSERT INTO `property_expenses` (`id_property_expense`, `id_property`, `id_expense`, `expense_identification`, `expense_payable`, `expense_chargeable`, `expense_checkable`, `expense_periodicity`, `expense_date_start`, `expense_observations`, `creation_date`, `modification_date`, `deletion_date`) VALUES (17, 6, 4, '41202303000009', 1, 1, 1, 1, NULL, NULL, '2018-07-18 16:08:25', '2018-07-18 16:08:25', 'NULL');
INSERT INTO `property_expenses` (`id_property_expense`, `id_property`, `id_expense`, `expense_identification`, `expense_payable`, `expense_chargeable`, `expense_checkable`, `expense_periodicity`, `expense_date_start`, `expense_observations`, `creation_date`, `modification_date`, `deletion_date`) VALUES (18, 6, 5, NULL, 1, 1, 1, 1, NULL, NULL, '2018-07-18 16:08:32', '2018-07-18 16:08:32', 'NULL');
INSERT INTO `property_expenses` (`id_property_expense`, `id_property`, `id_expense`, `expense_identification`, `expense_payable`, `expense_chargeable`, `expense_checkable`, `expense_periodicity`, `expense_date_start`, `expense_observations`, `creation_date`, `modification_date`, `deletion_date`) VALUES (19, 7, 1, NULL, 1, 1, 1, 1, NULL, NULL, '2018-07-18 16:08:47', '2018-07-18 16:08:47', 'NULL');
INSERT INTO `property_expenses` (`id_property_expense`, `id_property`, `id_expense`, `expense_identification`, `expense_payable`, `expense_chargeable`, `expense_checkable`, `expense_periodicity`, `expense_date_start`, `expense_observations`, `creation_date`, `modification_date`, `deletion_date`) VALUES (20, 7, 4, '412023030000', 1, 1, 1, 1, NULL, NULL, '2018-07-18 16:08:26', '2018-07-18 16:08:26', 'NULL');
INSERT INTO `property_expenses` (`id_property_expense`, `id_property`, `id_expense`, `expense_identification`, `expense_payable`, `expense_chargeable`, `expense_checkable`, `expense_periodicity`, `expense_date_start`, `expense_observations`, `creation_date`, `modification_date`, `deletion_date`) VALUES (21, 7, 5, NULL, 1, 1, 1, 1, NULL, NULL, '2018-07-18 16:08:33', '2018-07-18 16:08:33', 'NULL');
INSERT INTO `property_expenses` (`id_property_expense`, `id_property`, `id_expense`, `expense_identification`, `expense_payable`, `expense_chargeable`, `expense_checkable`, `expense_periodicity`, `expense_date_start`, `expense_observations`, `creation_date`, `modification_date`, `deletion_date`) VALUES (22, 8, 1, NULL, 1, 1, 1, 1, NULL, NULL, '2018-07-18 16:08:48', '2018-07-18 16:08:48', 'NULL');
INSERT INTO `property_expenses` (`id_property_expense`, `id_property`, `id_expense`, `expense_identification`, `expense_payable`, `expense_chargeable`, `expense_checkable`, `expense_periodicity`, `expense_date_start`, `expense_observations`, `creation_date`, `modification_date`, `deletion_date`) VALUES (23, 8, 4, '41202303000015', 1, 1, 1, 1, NULL, NULL, '2018-07-18 16:08:27', '2018-07-18 16:08:27', 'NULL');
INSERT INTO `property_expenses` (`id_property_expense`, `id_property`, `id_expense`, `expense_identification`, `expense_payable`, `expense_chargeable`, `expense_checkable`, `expense_periodicity`, `expense_date_start`, `expense_observations`, `creation_date`, `modification_date`, `deletion_date`) VALUES (24, 8, 5, NULL, 1, 1, 1, 1, NULL, NULL, '2018-07-18 16:08:34', '2018-07-18 16:08:34', 'NULL');
INSERT INTO `property_expenses` (`id_property_expense`, `id_property`, `id_expense`, `expense_identification`, `expense_payable`, `expense_chargeable`, `expense_checkable`, `expense_periodicity`, `expense_date_start`, `expense_observations`, `creation_date`, `modification_date`, `deletion_date`) VALUES (25, 9, 1, NULL, 1, 1, 1, 1, NULL, NULL, '2018-07-18 16:08:49', '2018-07-18 16:08:49', 'NULL');
INSERT INTO `property_expenses` (`id_property_expense`, `id_property`, `id_expense`, `expense_identification`, `expense_payable`, `expense_chargeable`, `expense_checkable`, `expense_periodicity`, `expense_date_start`, `expense_observations`, `creation_date`, `modification_date`, `deletion_date`) VALUES (26, 9, 4, '41202303000019', 1, 1, 1, 1, NULL, NULL, '2018-07-18 16:08:28', '2018-07-18 16:08:28', 'NULL');
INSERT INTO `property_expenses` (`id_property_expense`, `id_property`, `id_expense`, `expense_identification`, `expense_payable`, `expense_chargeable`, `expense_checkable`, `expense_periodicity`, `expense_date_start`, `expense_observations`, `creation_date`, `modification_date`, `deletion_date`) VALUES (27, 9, 5, NULL, 1, 1, 1, 1, NULL, NULL, '2018-07-18 16:08:35', '2018-07-18 16:08:35', 'NULL');
INSERT INTO `property_expenses` (`id_property_expense`, `id_property`, `id_expense`, `expense_identification`, `expense_payable`, `expense_chargeable`, `expense_checkable`, `expense_periodicity`, `expense_date_start`, `expense_observations`, `creation_date`, `modification_date`, `deletion_date`) VALUES (28, 10, 1, NULL, 1, 1, 1, 1, NULL, NULL, '2018-07-18 16:08:50', '2018-07-18 16:08:50', 'NULL');
INSERT INTO `property_expenses` (`id_property_expense`, `id_property`, `id_expense`, `expense_identification`, `expense_payable`, `expense_chargeable`, `expense_checkable`, `expense_periodicity`, `expense_date_start`, `expense_observations`, `creation_date`, `modification_date`, `deletion_date`) VALUES (29, 10, 4, '41202303000018', 1, 1, 1, 1, NULL, NULL, '2018-07-18 16:08:29', '2018-07-18 16:08:29', 'NULL');
INSERT INTO `property_expenses` (`id_property_expense`, `id_property`, `id_expense`, `expense_identification`, `expense_payable`, `expense_chargeable`, `expense_checkable`, `expense_periodicity`, `expense_date_start`, `expense_observations`, `creation_date`, `modification_date`, `deletion_date`) VALUES (30, 10, 5, NULL, 1, 1, 1, 1, NULL, NULL, '2018-07-18 16:08:36', '2018-07-18 16:08:36', 'NULL');
INSERT INTO `property_expenses` (`id_property_expense`, `id_property`, `id_expense`, `expense_identification`, `expense_payable`, `expense_chargeable`, `expense_checkable`, `expense_periodicity`, `expense_date_start`, `expense_observations`, `creation_date`, `modification_date`, `deletion_date`) VALUES (31, 11, 1, NULL, 1, 1, 1, 1, NULL, NULL, '2018-07-18 16:08:51', '2018-07-18 16:08:51', 'NULL');
INSERT INTO `property_expenses` (`id_property_expense`, `id_property`, `id_expense`, `expense_identification`, `expense_payable`, `expense_chargeable`, `expense_checkable`, `expense_periodicity`, `expense_date_start`, `expense_observations`, `creation_date`, `modification_date`, `deletion_date`) VALUES (32, 11, 4, '41202303000023', 1, 1, 1, 1, NULL, NULL, '2018-07-18 16:08:30', '2018-07-18 16:08:30', 'NULL');
INSERT INTO `property_expenses` (`id_property_expense`, `id_property`, `id_expense`, `expense_identification`, `expense_payable`, `expense_chargeable`, `expense_checkable`, `expense_periodicity`, `expense_date_start`, `expense_observations`, `creation_date`, `modification_date`, `deletion_date`) VALUES (33, 11, 5, NULL, 1, 1, 1, 1, NULL, NULL, '2018-07-18 16:08:37', '2018-07-18 16:08:37', 'NULL');
INSERT INTO `property_expenses` (`id_property_expense`, `id_property`, `id_expense`, `expense_identification`, `expense_payable`, `expense_chargeable`, `expense_checkable`, `expense_periodicity`, `expense_date_start`, `expense_observations`, `creation_date`, `modification_date`, `deletion_date`) VALUES (34, 12, 1, NULL, 1, 1, 1, 1, NULL, NULL, '2018-07-18 16:08:52', '2018-07-18 16:08:52', 'NULL');
INSERT INTO `property_expenses` (`id_property_expense`, `id_property`, `id_expense`, `expense_identification`, `expense_payable`, `expense_chargeable`, `expense_checkable`, `expense_periodicity`, `expense_date_start`, `expense_observations`, `creation_date`, `modification_date`, `deletion_date`) VALUES (35, 12, 4, NULL, 1, 1, 1, 1, NULL, NULL, '2018-07-18 16:08:31', '2018-07-18 16:08:31', 'NULL');
INSERT INTO `property_expenses` (`id_property_expense`, `id_property`, `id_expense`, `expense_identification`, `expense_payable`, `expense_chargeable`, `expense_checkable`, `expense_periodicity`, `expense_date_start`, `expense_observations`, `creation_date`, `modification_date`, `deletion_date`) VALUES (36, 12, 5, NULL, 1, 1, 1, 1, NULL, NULL, '2018-07-18 16:08:38', '2018-07-18 16:08:38', 'NULL');
INSERT INTO `property_expenses` (`id_property_expense`, `id_property`, `id_expense`, `expense_identification`, `expense_payable`, `expense_chargeable`, `expense_checkable`, `expense_periodicity`, `expense_date_start`, `expense_observations`, `creation_date`, `modification_date`, `deletion_date`) VALUES (37, 13, 1, NULL, 1, 1, 1, 1, NULL, NULL, '2018-07-18 16:08:53', '2018-07-18 16:08:53', 'NULL');
INSERT INTO `property_expenses` (`id_property_expense`, `id_property`, `id_expense`, `expense_identification`, `expense_payable`, `expense_chargeable`, `expense_checkable`, `expense_periodicity`, `expense_date_start`, `expense_observations`, `creation_date`, `modification_date`, `deletion_date`) VALUES (38, 13, 4, NULL, 1, 1, 1, 1, NULL, NULL, '2018-07-18 16:08:32', '2018-07-18 16:08:32', 'NULL');
INSERT INTO `property_expenses` (`id_property_expense`, `id_property`, `id_expense`, `expense_identification`, `expense_payable`, `expense_chargeable`, `expense_checkable`, `expense_periodicity`, `expense_date_start`, `expense_observations`, `creation_date`, `modification_date`, `deletion_date`) VALUES (39, 13, 5, NULL, 1, 1, 1, 1, NULL, NULL, '2018-07-18 16:08:39', '2018-07-18 16:08:39', 'NULL');
INSERT INTO `property_expenses` (`id_property_expense`, `id_property`, `id_expense`, `expense_identification`, `expense_payable`, `expense_chargeable`, `expense_checkable`, `expense_periodicity`, `expense_date_start`, `expense_observations`, `creation_date`, `modification_date`, `deletion_date`) VALUES (40, 14, 1, NULL, 1, 1, 1, 1, NULL, NULL, '2018-07-18 16:08:54', '2018-07-18 16:08:54', 'NULL');
INSERT INTO `property_expenses` (`id_property_expense`, `id_property`, `id_expense`, `expense_identification`, `expense_payable`, `expense_chargeable`, `expense_checkable`, `expense_periodicity`, `expense_date_start`, `expense_observations`, `creation_date`, `modification_date`, `deletion_date`) VALUES (41, 14, 4, NULL, 1, 1, 1, 1, NULL, NULL, '2018-07-18 16:08:33', '2018-07-18 16:08:33', 'NULL');
INSERT INTO `property_expenses` (`id_property_expense`, `id_property`, `id_expense`, `expense_identification`, `expense_payable`, `expense_chargeable`, `expense_checkable`, `expense_periodicity`, `expense_date_start`, `expense_observations`, `creation_date`, `modification_date`, `deletion_date`) VALUES (42, 14, 5, NULL, 1, 1, 1, 1, NULL, NULL, '2018-07-18 16:08:40', '2018-07-18 16:08:40', 'NULL');
INSERT INTO `property_expenses` (`id_property_expense`, `id_property`, `id_expense`, `expense_identification`, `expense_payable`, `expense_chargeable`, `expense_checkable`, `expense_periodicity`, `expense_date_start`, `expense_observations`, `creation_date`, `modification_date`, `deletion_date`) VALUES (43, 15, 1, NULL, 1, 1, 1, 1, NULL, NULL, '2018-07-18 16:08:55', '2018-07-18 16:08:55', 'NULL');
INSERT INTO `property_expenses` (`id_property_expense`, `id_property`, `id_expense`, `expense_identification`, `expense_payable`, `expense_chargeable`, `expense_checkable`, `expense_periodicity`, `expense_date_start`, `expense_observations`, `creation_date`, `modification_date`, `deletion_date`) VALUES (44, 15, 4, NULL, 1, 1, 1, 1, NULL, NULL, '2018-07-18 16:08:34', '2018-07-18 16:08:34', 'NULL');
INSERT INTO `property_expenses` (`id_property_expense`, `id_property`, `id_expense`, `expense_identification`, `expense_payable`, `expense_chargeable`, `expense_checkable`, `expense_periodicity`, `expense_date_start`, `expense_observations`, `creation_date`, `modification_date`, `deletion_date`) VALUES (45, 15, 5, NULL, 1, 1, 1, 1, NULL, NULL, '2018-07-18 16:08:41', '2018-07-18 16:08:41', 'NULL');
INSERT INTO `property_expenses` (`id_property_expense`, `id_property`, `id_expense`, `expense_identification`, `expense_payable`, `expense_chargeable`, `expense_checkable`, `expense_periodicity`, `expense_date_start`, `expense_observations`, `creation_date`, `modification_date`, `deletion_date`) VALUES (46, 16, 1, NULL, 1, 1, 1, 1, NULL, NULL, '2018-07-18 16:08:56', '2018-07-18 16:08:56', 'NULL');
INSERT INTO `property_expenses` (`id_property_expense`, `id_property`, `id_expense`, `expense_identification`, `expense_payable`, `expense_chargeable`, `expense_checkable`, `expense_periodicity`, `expense_date_start`, `expense_observations`, `creation_date`, `modification_date`, `deletion_date`) VALUES (47, 16, 4, NULL, 1, 1, 1, 1, NULL, NULL, '2018-07-18 16:08:35', '2018-07-18 16:08:35', 'NULL');
INSERT INTO `property_expenses` (`id_property_expense`, `id_property`, `id_expense`, `expense_identification`, `expense_payable`, `expense_chargeable`, `expense_checkable`, `expense_periodicity`, `expense_date_start`, `expense_observations`, `creation_date`, `modification_date`, `deletion_date`) VALUES (48, 16, 5, NULL, 1, 1, 1, 1, NULL, NULL, '2018-07-18 16:08:42', '2018-07-18 16:08:42', 'NULL');
INSERT INTO `property_expenses` (`id_property_expense`, `id_property`, `id_expense`, `expense_identification`, `expense_payable`, `expense_chargeable`, `expense_checkable`, `expense_periodicity`, `expense_date_start`, `expense_observations`, `creation_date`, `modification_date`, `deletion_date`) VALUES (49, 17, 1, NULL, 1, 1, 1, 1, NULL, NULL, '2018-07-18 16:08:57', '2018-07-18 16:08:57', 'NULL');
INSERT INTO `property_expenses` (`id_property_expense`, `id_property`, `id_expense`, `expense_identification`, `expense_payable`, `expense_chargeable`, `expense_checkable`, `expense_periodicity`, `expense_date_start`, `expense_observations`, `creation_date`, `modification_date`, `deletion_date`) VALUES (50, 17, 4, '412023030000', 1, 1, 1, 1, NULL, NULL, '2018-07-18 16:08:36', '2018-07-18 16:08:36', 'NULL');
INSERT INTO `property_expenses` (`id_property_expense`, `id_property`, `id_expense`, `expense_identification`, `expense_payable`, `expense_chargeable`, `expense_checkable`, `expense_periodicity`, `expense_date_start`, `expense_observations`, `creation_date`, `modification_date`, `deletion_date`) VALUES (51, 17, 5, NULL, 1, 1, 1, 1, NULL, NULL, '2018-07-18 16:08:43', '2018-07-18 16:08:43', 'NULL');
INSERT INTO `property_expenses` (`id_property_expense`, `id_property`, `id_expense`, `expense_identification`, `expense_payable`, `expense_chargeable`, `expense_checkable`, `expense_periodicity`, `expense_date_start`, `expense_observations`, `creation_date`, `modification_date`, `deletion_date`) VALUES (52, 18, 1, NULL, 1, 1, 1, 1, NULL, NULL, '2018-07-18 16:08:58', '2018-07-18 16:08:58', 'NULL');
INSERT INTO `property_expenses` (`id_property_expense`, `id_property`, `id_expense`, `expense_identification`, `expense_payable`, `expense_chargeable`, `expense_checkable`, `expense_periodicity`, `expense_date_start`, `expense_observations`, `creation_date`, `modification_date`, `deletion_date`) VALUES (53, 18, 4, '41202303000003', 1, 1, 1, 1, NULL, NULL, '2018-07-18 16:08:37', '2018-07-18 16:08:37', 'NULL');
INSERT INTO `property_expenses` (`id_property_expense`, `id_property`, `id_expense`, `expense_identification`, `expense_payable`, `expense_chargeable`, `expense_checkable`, `expense_periodicity`, `expense_date_start`, `expense_observations`, `creation_date`, `modification_date`, `deletion_date`) VALUES (54, 18, 5, NULL, 1, 1, 1, 1, NULL, NULL, '2018-07-18 16:08:44', '2018-07-18 16:08:44', 'NULL');
INSERT INTO `property_expenses` (`id_property_expense`, `id_property`, `id_expense`, `expense_identification`, `expense_payable`, `expense_chargeable`, `expense_checkable`, `expense_periodicity`, `expense_date_start`, `expense_observations`, `creation_date`, `modification_date`, `deletion_date`) VALUES (55, 19, 1, NULL, 1, 1, 1, 1, NULL, NULL, '2018-07-18 16:08:59', '2018-07-18 16:08:59', 'NULL');
INSERT INTO `property_expenses` (`id_property_expense`, `id_property`, `id_expense`, `expense_identification`, `expense_payable`, `expense_chargeable`, `expense_checkable`, `expense_periodicity`, `expense_date_start`, `expense_observations`, `creation_date`, `modification_date`, `deletion_date`) VALUES (56, 19, 4, NULL, 1, 1, 1, 1, NULL, NULL, '2018-07-18 16:08:38', '2018-07-18 16:08:38', 'NULL');
INSERT INTO `property_expenses` (`id_property_expense`, `id_property`, `id_expense`, `expense_identification`, `expense_payable`, `expense_chargeable`, `expense_checkable`, `expense_periodicity`, `expense_date_start`, `expense_observations`, `creation_date`, `modification_date`, `deletion_date`) VALUES (57, 19, 5, NULL, 1, 1, 1, 1, NULL, NULL, '2018-07-18 16:08:45', '2018-07-18 16:08:45', 'NULL');
INSERT INTO `property_expenses` (`id_property_expense`, `id_property`, `id_expense`, `expense_identification`, `expense_payable`, `expense_chargeable`, `expense_checkable`, `expense_periodicity`, `expense_date_start`, `expense_observations`, `creation_date`, `modification_date`, `deletion_date`) VALUES (58, 20, 1, NULL, 1, 1, 1, 1, NULL, NULL, '2018-07-18 16:08:60', '2018-07-18 16:08:60', 'NULL');
INSERT INTO `property_expenses` (`id_property_expense`, `id_property`, `id_expense`, `expense_identification`, `expense_payable`, `expense_chargeable`, `expense_checkable`, `expense_periodicity`, `expense_date_start`, `expense_observations`, `creation_date`, `modification_date`, `deletion_date`) VALUES (59, 20, 4, NULL, 1, 1, 1, 1, NULL, NULL, '2018-07-18 16:08:39', '2018-07-18 16:08:39', 'NULL');
INSERT INTO `property_expenses` (`id_property_expense`, `id_property`, `id_expense`, `expense_identification`, `expense_payable`, `expense_chargeable`, `expense_checkable`, `expense_periodicity`, `expense_date_start`, `expense_observations`, `creation_date`, `modification_date`, `deletion_date`) VALUES (60, 20, 5, NULL, 1, 1, 1, 1, NULL, NULL, '2018-07-18 16:08:46', '2018-07-18 16:08:46', 'NULL');
INSERT INTO `property_expenses` (`id_property_expense`, `id_property`, `id_expense`, `expense_identification`, `expense_payable`, `expense_chargeable`, `expense_checkable`, `expense_periodicity`, `expense_date_start`, `expense_observations`, `creation_date`, `modification_date`, `deletion_date`) VALUES (61, 21, 1, NULL, 1, 1, 1, 1, NULL, NULL, '2018-07-18 16:08:61', '2018-07-18 16:08:61', 'NULL');
INSERT INTO `property_expenses` (`id_property_expense`, `id_property`, `id_expense`, `expense_identification`, `expense_payable`, `expense_chargeable`, `expense_checkable`, `expense_periodicity`, `expense_date_start`, `expense_observations`, `creation_date`, `modification_date`, `deletion_date`) VALUES (62, 21, 4, NULL, 1, 1, 1, 1, NULL, NULL, '2018-07-18 16:08:40', '2018-07-18 16:08:40', 'NULL');
INSERT INTO `property_expenses` (`id_property_expense`, `id_property`, `id_expense`, `expense_identification`, `expense_payable`, `expense_chargeable`, `expense_checkable`, `expense_periodicity`, `expense_date_start`, `expense_observations`, `creation_date`, `modification_date`, `deletion_date`) VALUES (63, 21, 5, NULL, 1, 1, 1, 1, NULL, NULL, '2018-07-18 16:08:47', '2018-07-18 16:08:47', 'NULL');
INSERT INTO `property_expenses` (`id_property_expense`, `id_property`, `id_expense`, `expense_identification`, `expense_payable`, `expense_chargeable`, `expense_checkable`, `expense_periodicity`, `expense_date_start`, `expense_observations`, `creation_date`, `modification_date`, `deletion_date`) VALUES (64, 22, 1, NULL, 1, 1, 1, 1, NULL, NULL, '2018-07-18 16:08:62', '2018-07-18 16:08:62', 'NULL');
INSERT INTO `property_expenses` (`id_property_expense`, `id_property`, `id_expense`, `expense_identification`, `expense_payable`, `expense_chargeable`, `expense_checkable`, `expense_periodicity`, `expense_date_start`, `expense_observations`, `creation_date`, `modification_date`, `deletion_date`) VALUES (65, 22, 4, NULL, 1, 1, 1, 1, NULL, NULL, '2018-07-18 16:08:41', '2018-07-18 16:08:41', 'NULL');
INSERT INTO `property_expenses` (`id_property_expense`, `id_property`, `id_expense`, `expense_identification`, `expense_payable`, `expense_chargeable`, `expense_checkable`, `expense_periodicity`, `expense_date_start`, `expense_observations`, `creation_date`, `modification_date`, `deletion_date`) VALUES (66, 22, 5, NULL, 1, 1, 1, 1, NULL, NULL, '2018-07-18 16:08:48', '2018-07-18 16:08:48', 'NULL');
INSERT INTO `property_expenses` (`id_property_expense`, `id_property`, `id_expense`, `expense_identification`, `expense_payable`, `expense_chargeable`, `expense_checkable`, `expense_periodicity`, `expense_date_start`, `expense_observations`, `creation_date`, `modification_date`, `deletion_date`) VALUES (67, 23, 1, NULL, 1, 1, 1, 1, NULL, NULL, '2018-07-18 16:08:63', '2018-07-18 16:08:63', 'NULL');
INSERT INTO `property_expenses` (`id_property_expense`, `id_property`, `id_expense`, `expense_identification`, `expense_payable`, `expense_chargeable`, `expense_checkable`, `expense_periodicity`, `expense_date_start`, `expense_observations`, `creation_date`, `modification_date`, `deletion_date`) VALUES (68, 23, 4, NULL, 1, 1, 1, 1, NULL, NULL, '2018-07-18 16:08:42', '2018-07-18 16:08:42', 'NULL');
INSERT INTO `property_expenses` (`id_property_expense`, `id_property`, `id_expense`, `expense_identification`, `expense_payable`, `expense_chargeable`, `expense_checkable`, `expense_periodicity`, `expense_date_start`, `expense_observations`, `creation_date`, `modification_date`, `deletion_date`) VALUES (69, 23, 5, NULL, 1, 1, 1, 1, NULL, NULL, '2018-07-18 16:08:49', '2018-07-18 16:08:49', 'NULL');
INSERT INTO `property_expenses` (`id_property_expense`, `id_property`, `id_expense`, `expense_identification`, `expense_payable`, `expense_chargeable`, `expense_checkable`, `expense_periodicity`, `expense_date_start`, `expense_observations`, `creation_date`, `modification_date`, `deletion_date`) VALUES (70, 24, 1, NULL, 1, 1, 1, 1, NULL, NULL, '2018-07-18 16:08:64', '2018-07-18 16:08:64', 'NULL');
INSERT INTO `property_expenses` (`id_property_expense`, `id_property`, `id_expense`, `expense_identification`, `expense_payable`, `expense_chargeable`, `expense_checkable`, `expense_periodicity`, `expense_date_start`, `expense_observations`, `creation_date`, `modification_date`, `deletion_date`) VALUES (71, 24, 4, NULL, 1, 1, 1, 1, NULL, NULL, '2018-07-18 16:08:43', '2018-07-18 16:08:43', 'NULL');
INSERT INTO `property_expenses` (`id_property_expense`, `id_property`, `id_expense`, `expense_identification`, `expense_payable`, `expense_chargeable`, `expense_checkable`, `expense_periodicity`, `expense_date_start`, `expense_observations`, `creation_date`, `modification_date`, `deletion_date`) VALUES (72, 24, 5, NULL, 1, 1, 1, 1, NULL, NULL, '2018-07-18 16:08:50', '2018-07-18 16:08:50', 'NULL');
INSERT INTO `property_expenses` (`id_property_expense`, `id_property`, `id_expense`, `expense_identification`, `expense_payable`, `expense_chargeable`, `expense_checkable`, `expense_periodicity`, `expense_date_start`, `expense_observations`, `creation_date`, `modification_date`, `deletion_date`) VALUES (73, 25, 1, NULL, 1, 1, 1, 1, NULL, NULL, '2018-07-18 16:08:65', '2018-07-18 16:08:65', 'NULL');
INSERT INTO `property_expenses` (`id_property_expense`, `id_property`, `id_expense`, `expense_identification`, `expense_payable`, `expense_chargeable`, `expense_checkable`, `expense_periodicity`, `expense_date_start`, `expense_observations`, `creation_date`, `modification_date`, `deletion_date`) VALUES (74, 25, 4, NULL, 1, 1, 1, 1, NULL, NULL, '2018-07-18 16:08:44', '2018-07-18 16:08:44', 'NULL');
INSERT INTO `property_expenses` (`id_property_expense`, `id_property`, `id_expense`, `expense_identification`, `expense_payable`, `expense_chargeable`, `expense_checkable`, `expense_periodicity`, `expense_date_start`, `expense_observations`, `creation_date`, `modification_date`, `deletion_date`) VALUES (75, 25, 5, NULL, 1, 1, 1, 1, NULL, NULL, '2018-07-18 16:08:51', '2018-07-18 16:08:51', 'NULL');
INSERT INTO `property_expenses` (`id_property_expense`, `id_property`, `id_expense`, `expense_identification`, `expense_payable`, `expense_chargeable`, `expense_checkable`, `expense_periodicity`, `expense_date_start`, `expense_observations`, `creation_date`, `modification_date`, `deletion_date`) VALUES (76, 26, 1, NULL, 1, 1, 1, 1, NULL, NULL, '2018-07-18 16:08:66', '2018-07-18 16:08:66', 'NULL');
INSERT INTO `property_expenses` (`id_property_expense`, `id_property`, `id_expense`, `expense_identification`, `expense_payable`, `expense_chargeable`, `expense_checkable`, `expense_periodicity`, `expense_date_start`, `expense_observations`, `creation_date`, `modification_date`, `deletion_date`) VALUES (77, 26, 4, NULL, 1, 1, 1, 1, NULL, NULL, '2018-07-18 16:08:45', '2018-07-18 16:08:45', 'NULL');
INSERT INTO `property_expenses` (`id_property_expense`, `id_property`, `id_expense`, `expense_identification`, `expense_payable`, `expense_chargeable`, `expense_checkable`, `expense_periodicity`, `expense_date_start`, `expense_observations`, `creation_date`, `modification_date`, `deletion_date`) VALUES (78, 26, 5, NULL, 1, 1, 1, 1, NULL, NULL, '2018-07-18 16:08:52', '2018-07-18 16:08:52', 'NULL');
INSERT INTO `property_expenses` (`id_property_expense`, `id_property`, `id_expense`, `expense_identification`, `expense_payable`, `expense_chargeable`, `expense_checkable`, `expense_periodicity`, `expense_date_start`, `expense_observations`, `creation_date`, `modification_date`, `deletion_date`) VALUES (79, 27, 1, NULL, 1, 1, 1, 1, NULL, NULL, '2018-07-18 16:08:67', '2018-07-18 16:08:67', 'NULL');
INSERT INTO `property_expenses` (`id_property_expense`, `id_property`, `id_expense`, `expense_identification`, `expense_payable`, `expense_chargeable`, `expense_checkable`, `expense_periodicity`, `expense_date_start`, `expense_observations`, `creation_date`, `modification_date`, `deletion_date`) VALUES (80, 27, 4, NULL, 1, 1, 1, 1, NULL, NULL, '2018-07-18 16:08:46', '2018-07-18 16:08:46', 'NULL');
INSERT INTO `property_expenses` (`id_property_expense`, `id_property`, `id_expense`, `expense_identification`, `expense_payable`, `expense_chargeable`, `expense_checkable`, `expense_periodicity`, `expense_date_start`, `expense_observations`, `creation_date`, `modification_date`, `deletion_date`) VALUES (81, 27, 5, NULL, 1, 1, 1, 1, NULL, NULL, '2018-07-18 16:08:53', '2018-07-18 16:08:53', 'NULL');
INSERT INTO `property_expenses` (`id_property_expense`, `id_property`, `id_expense`, `expense_identification`, `expense_payable`, `expense_chargeable`, `expense_checkable`, `expense_periodicity`, `expense_date_start`, `expense_observations`, `creation_date`, `modification_date`, `deletion_date`) VALUES (82, 28, 1, NULL, 1, 1, 1, 1, NULL, NULL, '2018-07-18 16:08:68', '2018-07-18 16:08:68', 'NULL');
INSERT INTO `property_expenses` (`id_property_expense`, `id_property`, `id_expense`, `expense_identification`, `expense_payable`, `expense_chargeable`, `expense_checkable`, `expense_periodicity`, `expense_date_start`, `expense_observations`, `creation_date`, `modification_date`, `deletion_date`) VALUES (83, 28, 4, NULL, 1, 1, 1, 1, NULL, NULL, '2018-07-18 16:08:47', '2018-07-18 16:08:47', 'NULL');
INSERT INTO `property_expenses` (`id_property_expense`, `id_property`, `id_expense`, `expense_identification`, `expense_payable`, `expense_chargeable`, `expense_checkable`, `expense_periodicity`, `expense_date_start`, `expense_observations`, `creation_date`, `modification_date`, `deletion_date`) VALUES (84, 28, 5, NULL, 1, 1, 1, 1, NULL, NULL, '2018-07-18 16:08:54', '2018-07-18 16:08:54', 'NULL');
INSERT INTO `property_expenses` (`id_property_expense`, `id_property`, `id_expense`, `expense_identification`, `expense_payable`, `expense_chargeable`, `expense_checkable`, `expense_periodicity`, `expense_date_start`, `expense_observations`, `creation_date`, `modification_date`, `deletion_date`) VALUES (85, 29, 1, NULL, 1, 1, 1, 1, NULL, NULL, '2018-07-18 16:08:69', '2018-07-18 16:08:69', 'NULL');
INSERT INTO `property_expenses` (`id_property_expense`, `id_property`, `id_expense`, `expense_identification`, `expense_payable`, `expense_chargeable`, `expense_checkable`, `expense_periodicity`, `expense_date_start`, `expense_observations`, `creation_date`, `modification_date`, `deletion_date`) VALUES (86, 29, 4, NULL, 1, 1, 1, 1, NULL, NULL, '2018-07-18 16:08:48', '2018-07-18 16:08:48', 'NULL');
INSERT INTO `property_expenses` (`id_property_expense`, `id_property`, `id_expense`, `expense_identification`, `expense_payable`, `expense_chargeable`, `expense_checkable`, `expense_periodicity`, `expense_date_start`, `expense_observations`, `creation_date`, `modification_date`, `deletion_date`) VALUES (87, 29, 5, NULL, 1, 1, 1, 1, NULL, NULL, '2018-07-18 16:08:55', '2018-07-18 16:08:55', 'NULL');
INSERT INTO `property_expenses` (`id_property_expense`, `id_property`, `id_expense`, `expense_identification`, `expense_payable`, `expense_chargeable`, `expense_checkable`, `expense_periodicity`, `expense_date_start`, `expense_observations`, `creation_date`, `modification_date`, `deletion_date`) VALUES (88, 30, 1, NULL, 1, 1, 1, 1, NULL, NULL, '2018-07-18 16:08:70', '2018-07-18 16:08:70', 'NULL');
INSERT INTO `property_expenses` (`id_property_expense`, `id_property`, `id_expense`, `expense_identification`, `expense_payable`, `expense_chargeable`, `expense_checkable`, `expense_periodicity`, `expense_date_start`, `expense_observations`, `creation_date`, `modification_date`, `deletion_date`) VALUES (89, 30, 4, NULL, 1, 1, 1, 1, NULL, NULL, '2018-07-18 16:08:49', '2018-07-18 16:08:49', 'NULL');
INSERT INTO `property_expenses` (`id_property_expense`, `id_property`, `id_expense`, `expense_identification`, `expense_payable`, `expense_chargeable`, `expense_checkable`, `expense_periodicity`, `expense_date_start`, `expense_observations`, `creation_date`, `modification_date`, `deletion_date`) VALUES (90, 30, 5, NULL, 1, 1, 1, 1, NULL, NULL, '2018-07-18 16:08:56', '2018-07-18 16:08:56', 'NULL');
INSERT INTO `property_expenses` (`id_property_expense`, `id_property`, `id_expense`, `expense_identification`, `expense_payable`, `expense_chargeable`, `expense_checkable`, `expense_periodicity`, `expense_date_start`, `expense_observations`, `creation_date`, `modification_date`, `deletion_date`) VALUES (91, 31, 1, NULL, 1, 1, 1, 1, NULL, NULL, '2018-07-18 16:08:71', '2018-07-18 16:08:71', 'NULL');
INSERT INTO `property_expenses` (`id_property_expense`, `id_property`, `id_expense`, `expense_identification`, `expense_payable`, `expense_chargeable`, `expense_checkable`, `expense_periodicity`, `expense_date_start`, `expense_observations`, `creation_date`, `modification_date`, `deletion_date`) VALUES (92, 31, 4, NULL, 1, 1, 1, 1, NULL, NULL, '2018-07-18 16:08:50', '2018-07-18 16:08:50', 'NULL');
INSERT INTO `property_expenses` (`id_property_expense`, `id_property`, `id_expense`, `expense_identification`, `expense_payable`, `expense_chargeable`, `expense_checkable`, `expense_periodicity`, `expense_date_start`, `expense_observations`, `creation_date`, `modification_date`, `deletion_date`) VALUES (93, 31, 5, NULL, 1, 1, 1, 1, NULL, NULL, '2018-07-18 16:08:57', '2018-07-18 16:08:57', 'NULL');
INSERT INTO `property_expenses` (`id_property_expense`, `id_property`, `id_expense`, `expense_identification`, `expense_payable`, `expense_chargeable`, `expense_checkable`, `expense_periodicity`, `expense_date_start`, `expense_observations`, `creation_date`, `modification_date`, `deletion_date`) VALUES (94, 32, 1, NULL, 1, 1, 1, 1, NULL, NULL, '2018-07-18 16:08:72', '2018-07-18 16:08:72', 'NULL');
INSERT INTO `property_expenses` (`id_property_expense`, `id_property`, `id_expense`, `expense_identification`, `expense_payable`, `expense_chargeable`, `expense_checkable`, `expense_periodicity`, `expense_date_start`, `expense_observations`, `creation_date`, `modification_date`, `deletion_date`) VALUES (95, 32, 4, NULL, 1, 1, 1, 1, NULL, NULL, '2018-07-18 16:08:51', '2018-07-18 16:08:51', 'NULL');
INSERT INTO `property_expenses` (`id_property_expense`, `id_property`, `id_expense`, `expense_identification`, `expense_payable`, `expense_chargeable`, `expense_checkable`, `expense_periodicity`, `expense_date_start`, `expense_observations`, `creation_date`, `modification_date`, `deletion_date`) VALUES (96, 32, 5, NULL, 1, 1, 1, 1, NULL, NULL, '2018-07-18 16:08:58', '2018-07-18 16:08:58', 'NULL');
INSERT INTO `property_expenses` (`id_property_expense`, `id_property`, `id_expense`, `expense_identification`, `expense_payable`, `expense_chargeable`, `expense_checkable`, `expense_periodicity`, `expense_date_start`, `expense_observations`, `creation_date`, `modification_date`, `deletion_date`) VALUES (97, 33, 1, NULL, 1, 1, 1, 1, NULL, NULL, '2018-07-18 16:08:73', '2018-07-18 16:08:73', 'NULL');
INSERT INTO `property_expenses` (`id_property_expense`, `id_property`, `id_expense`, `expense_identification`, `expense_payable`, `expense_chargeable`, `expense_checkable`, `expense_periodicity`, `expense_date_start`, `expense_observations`, `creation_date`, `modification_date`, `deletion_date`) VALUES (98, 33, 4, NULL, 1, 1, 1, 1, NULL, NULL, '2018-07-18 16:08:52', '2018-07-18 16:08:52', 'NULL');
INSERT INTO `property_expenses` (`id_property_expense`, `id_property`, `id_expense`, `expense_identification`, `expense_payable`, `expense_chargeable`, `expense_checkable`, `expense_periodicity`, `expense_date_start`, `expense_observations`, `creation_date`, `modification_date`, `deletion_date`) VALUES (99, 33, 5, NULL, 1, 1, 1, 1, NULL, NULL, '2018-07-18 16:08:59', '2018-07-18 16:08:59', 'NULL');
INSERT INTO `property_expenses` (`id_property_expense`, `id_property`, `id_expense`, `expense_identification`, `expense_payable`, `expense_chargeable`, `expense_checkable`, `expense_periodicity`, `expense_date_start`, `expense_observations`, `creation_date`, `modification_date`, `deletion_date`) VALUES (100, 34, 1, NULL, 1, 1, 1, 1, NULL, NULL, '2018-07-18 16:08:74', '2018-07-18 16:08:74', 'NULL');
INSERT INTO `property_expenses` (`id_property_expense`, `id_property`, `id_expense`, `expense_identification`, `expense_payable`, `expense_chargeable`, `expense_checkable`, `expense_periodicity`, `expense_date_start`, `expense_observations`, `creation_date`, `modification_date`, `deletion_date`) VALUES (101, 34, 4, NULL, 1, 1, 1, 1, NULL, NULL, '2018-07-18 16:08:53', '2018-07-18 16:08:53', 'NULL');
INSERT INTO `property_expenses` (`id_property_expense`, `id_property`, `id_expense`, `expense_identification`, `expense_payable`, `expense_chargeable`, `expense_checkable`, `expense_periodicity`, `expense_date_start`, `expense_observations`, `creation_date`, `modification_date`, `deletion_date`) VALUES (102, 34, 5, NULL, 1, 1, 1, 1, NULL, NULL, '2018-07-18 16:08:60', '2018-07-18 16:08:60', 'NULL');
INSERT INTO `property_expenses` (`id_property_expense`, `id_property`, `id_expense`, `expense_identification`, `expense_payable`, `expense_chargeable`, `expense_checkable`, `expense_periodicity`, `expense_date_start`, `expense_observations`, `creation_date`, `modification_date`, `deletion_date`) VALUES (103, 35, 1, NULL, 1, 1, 1, 1, NULL, NULL, '2018-07-18 16:08:75', '2018-07-18 16:08:75', 'NULL');
INSERT INTO `property_expenses` (`id_property_expense`, `id_property`, `id_expense`, `expense_identification`, `expense_payable`, `expense_chargeable`, `expense_checkable`, `expense_periodicity`, `expense_date_start`, `expense_observations`, `creation_date`, `modification_date`, `deletion_date`) VALUES (104, 35, 4, NULL, 1, 1, 1, 1, NULL, NULL, '2018-07-18 16:08:54', '2018-07-18 16:08:54', 'NULL');
INSERT INTO `property_expenses` (`id_property_expense`, `id_property`, `id_expense`, `expense_identification`, `expense_payable`, `expense_chargeable`, `expense_checkable`, `expense_periodicity`, `expense_date_start`, `expense_observations`, `creation_date`, `modification_date`, `deletion_date`) VALUES (105, 35, 5, NULL, 1, 1, 1, 1, NULL, NULL, '2018-07-18 16:08:61', '2018-07-18 16:08:61', 'NULL');
INSERT INTO `property_expenses` (`id_property_expense`, `id_property`, `id_expense`, `expense_identification`, `expense_payable`, `expense_chargeable`, `expense_checkable`, `expense_periodicity`, `expense_date_start`, `expense_observations`, `creation_date`, `modification_date`, `deletion_date`) VALUES (106, 36, 1, NULL, 1, 1, 1, 1, NULL, NULL, '2018-07-18 16:08:76', '2018-07-18 16:08:76', 'NULL');
INSERT INTO `property_expenses` (`id_property_expense`, `id_property`, `id_expense`, `expense_identification`, `expense_payable`, `expense_chargeable`, `expense_checkable`, `expense_periodicity`, `expense_date_start`, `expense_observations`, `creation_date`, `modification_date`, `deletion_date`) VALUES (107, 36, 4, NULL, 1, 1, 1, 1, NULL, NULL, '2018-07-18 16:08:55', '2018-07-18 16:08:55', 'NULL');
INSERT INTO `property_expenses` (`id_property_expense`, `id_property`, `id_expense`, `expense_identification`, `expense_payable`, `expense_chargeable`, `expense_checkable`, `expense_periodicity`, `expense_date_start`, `expense_observations`, `creation_date`, `modification_date`, `deletion_date`) VALUES (108, 36, 5, NULL, 1, 1, 1, 1, NULL, NULL, '2018-07-18 16:08:62', '2018-07-18 16:08:62', 'NULL');
INSERT INTO `property_expenses` (`id_property_expense`, `id_property`, `id_expense`, `expense_identification`, `expense_payable`, `expense_chargeable`, `expense_checkable`, `expense_periodicity`, `expense_date_start`, `expense_observations`, `creation_date`, `modification_date`, `deletion_date`) VALUES (109, 37, 1, NULL, 1, 1, 1, 1, NULL, NULL, '2018-07-18 16:08:77', '2018-07-18 16:08:77', 'NULL');
INSERT INTO `property_expenses` (`id_property_expense`, `id_property`, `id_expense`, `expense_identification`, `expense_payable`, `expense_chargeable`, `expense_checkable`, `expense_periodicity`, `expense_date_start`, `expense_observations`, `creation_date`, `modification_date`, `deletion_date`) VALUES (110, 37, 4, NULL, 1, 1, 1, 1, NULL, NULL, '2018-07-18 16:08:56', '2018-07-18 16:08:56', 'NULL');
INSERT INTO `property_expenses` (`id_property_expense`, `id_property`, `id_expense`, `expense_identification`, `expense_payable`, `expense_chargeable`, `expense_checkable`, `expense_periodicity`, `expense_date_start`, `expense_observations`, `creation_date`, `modification_date`, `deletion_date`) VALUES (111, 37, 5, NULL, 1, 1, 1, 1, NULL, NULL, '2018-07-18 16:08:63', '2018-07-18 16:08:63', 'NULL');
INSERT INTO `property_expenses` (`id_property_expense`, `id_property`, `id_expense`, `expense_identification`, `expense_payable`, `expense_chargeable`, `expense_checkable`, `expense_periodicity`, `expense_date_start`, `expense_observations`, `creation_date`, `modification_date`, `deletion_date`) VALUES (112, 38, 1, NULL, 1, 1, 1, 1, NULL, NULL, '2018-07-18 16:08:78', '2018-07-18 16:08:78', 'NULL');
INSERT INTO `property_expenses` (`id_property_expense`, `id_property`, `id_expense`, `expense_identification`, `expense_payable`, `expense_chargeable`, `expense_checkable`, `expense_periodicity`, `expense_date_start`, `expense_observations`, `creation_date`, `modification_date`, `deletion_date`) VALUES (113, 38, 4, NULL, 1, 1, 1, 1, NULL, NULL, '2018-07-18 16:08:57', '2018-07-18 16:08:57', 'NULL');
INSERT INTO `property_expenses` (`id_property_expense`, `id_property`, `id_expense`, `expense_identification`, `expense_payable`, `expense_chargeable`, `expense_checkable`, `expense_periodicity`, `expense_date_start`, `expense_observations`, `creation_date`, `modification_date`, `deletion_date`) VALUES (114, 38, 5, NULL, 1, 1, 1, 1, NULL, NULL, '2018-07-18 16:08:64', '2018-07-18 16:08:64', 'NULL');
INSERT INTO `property_expenses` (`id_property_expense`, `id_property`, `id_expense`, `expense_identification`, `expense_payable`, `expense_chargeable`, `expense_checkable`, `expense_periodicity`, `expense_date_start`, `expense_observations`, `creation_date`, `modification_date`, `deletion_date`) VALUES (115, 39, 1, NULL, 1, 1, 1, 1, NULL, NULL, '2018-07-18 16:08:79', '2018-07-18 16:08:79', 'NULL');
INSERT INTO `property_expenses` (`id_property_expense`, `id_property`, `id_expense`, `expense_identification`, `expense_payable`, `expense_chargeable`, `expense_checkable`, `expense_periodicity`, `expense_date_start`, `expense_observations`, `creation_date`, `modification_date`, `deletion_date`) VALUES (116, 39, 4, NULL, 1, 1, 1, 1, NULL, NULL, '2018-07-18 16:08:58', '2018-07-18 16:08:58', 'NULL');
INSERT INTO `property_expenses` (`id_property_expense`, `id_property`, `id_expense`, `expense_identification`, `expense_payable`, `expense_chargeable`, `expense_checkable`, `expense_periodicity`, `expense_date_start`, `expense_observations`, `creation_date`, `modification_date`, `deletion_date`) VALUES (117, 39, 5, NULL, 1, 1, 1, 1, NULL, NULL, '2018-07-18 16:08:65', '2018-07-18 16:08:65', 'NULL');
INSERT INTO `property_expenses` (`id_property_expense`, `id_property`, `id_expense`, `expense_identification`, `expense_payable`, `expense_chargeable`, `expense_checkable`, `expense_periodicity`, `expense_date_start`, `expense_observations`, `creation_date`, `modification_date`, `deletion_date`) VALUES (118, 40, 1, NULL, 1, 1, 1, 1, NULL, NULL, '2018-07-18 16:08:80', '2018-07-18 16:08:80', 'NULL');
INSERT INTO `property_expenses` (`id_property_expense`, `id_property`, `id_expense`, `expense_identification`, `expense_payable`, `expense_chargeable`, `expense_checkable`, `expense_periodicity`, `expense_date_start`, `expense_observations`, `creation_date`, `modification_date`, `deletion_date`) VALUES (119, 40, 4, NULL, 1, 1, 1, 1, NULL, NULL, '2018-07-18 16:08:59', '2018-07-18 16:08:59', 'NULL');
INSERT INTO `property_expenses` (`id_property_expense`, `id_property`, `id_expense`, `expense_identification`, `expense_payable`, `expense_chargeable`, `expense_checkable`, `expense_periodicity`, `expense_date_start`, `expense_observations`, `creation_date`, `modification_date`, `deletion_date`) VALUES (120, 40, 5, NULL, 1, 1, 1, 1, NULL, NULL, '2018-07-18 16:08:66', '2018-07-18 16:08:66', 'NULL');

COMMIT;


-- -----------------------------------------------------
-- Data for table `ownerships`
-- -----------------------------------------------------
START TRANSACTION;
INSERT INTO `ownerships` (`id_ownership`, `id_property`, `id_user_owner`, `ownership_date_start`, `ownership_date_end`, `ownership_administrative_rate`, `creation_date`, `modification_date`, `deletion_date`) VALUES (1, 1, 90, '2018-01-01', NULL, 0.0500, DEFAULT, DEFAULT, NULL);
INSERT INTO `ownerships` (`id_ownership`, `id_property`, `id_user_owner`, `ownership_date_start`, `ownership_date_end`, `ownership_administrative_rate`, `creation_date`, `modification_date`, `deletion_date`) VALUES (2, 2, 90, '2018-01-01', NULL, 0.0500, DEFAULT, DEFAULT, NULL);
INSERT INTO `ownerships` (`id_ownership`, `id_property`, `id_user_owner`, `ownership_date_start`, `ownership_date_end`, `ownership_administrative_rate`, `creation_date`, `modification_date`, `deletion_date`) VALUES (3, 3, 90, '2018-01-01', NULL, 0.0500, DEFAULT, DEFAULT, NULL);
INSERT INTO `ownerships` (`id_ownership`, `id_property`, `id_user_owner`, `ownership_date_start`, `ownership_date_end`, `ownership_administrative_rate`, `creation_date`, `modification_date`, `deletion_date`) VALUES (4, 4, 90, '2018-01-01', NULL, 0.0500, DEFAULT, DEFAULT, NULL);
INSERT INTO `ownerships` (`id_ownership`, `id_property`, `id_user_owner`, `ownership_date_start`, `ownership_date_end`, `ownership_administrative_rate`, `creation_date`, `modification_date`, `deletion_date`) VALUES (5, 5, 90, '2018-01-01', NULL, 0.0500, DEFAULT, DEFAULT, NULL);
INSERT INTO `ownerships` (`id_ownership`, `id_property`, `id_user_owner`, `ownership_date_start`, `ownership_date_end`, `ownership_administrative_rate`, `creation_date`, `modification_date`, `deletion_date`) VALUES (6, 6, 90, '2018-01-01', NULL, 0.0500, DEFAULT, DEFAULT, NULL);
INSERT INTO `ownerships` (`id_ownership`, `id_property`, `id_user_owner`, `ownership_date_start`, `ownership_date_end`, `ownership_administrative_rate`, `creation_date`, `modification_date`, `deletion_date`) VALUES (7, 7, 90, '2018-01-01', NULL, 0.0500, DEFAULT, DEFAULT, NULL);
INSERT INTO `ownerships` (`id_ownership`, `id_property`, `id_user_owner`, `ownership_date_start`, `ownership_date_end`, `ownership_administrative_rate`, `creation_date`, `modification_date`, `deletion_date`) VALUES (8, 8, 90, '2018-01-01', NULL, 0.0500, DEFAULT, DEFAULT, NULL);
INSERT INTO `ownerships` (`id_ownership`, `id_property`, `id_user_owner`, `ownership_date_start`, `ownership_date_end`, `ownership_administrative_rate`, `creation_date`, `modification_date`, `deletion_date`) VALUES (9, 9, 90, '2018-01-01', NULL, 0.0500, DEFAULT, DEFAULT, NULL);
INSERT INTO `ownerships` (`id_ownership`, `id_property`, `id_user_owner`, `ownership_date_start`, `ownership_date_end`, `ownership_administrative_rate`, `creation_date`, `modification_date`, `deletion_date`) VALUES (10, 10, 90, '2018-01-01', NULL, 0.0500, DEFAULT, DEFAULT, NULL);
INSERT INTO `ownerships` (`id_ownership`, `id_property`, `id_user_owner`, `ownership_date_start`, `ownership_date_end`, `ownership_administrative_rate`, `creation_date`, `modification_date`, `deletion_date`) VALUES (11, 11, 90, '2018-01-01', NULL, 0.0500, DEFAULT, DEFAULT, NULL);
INSERT INTO `ownerships` (`id_ownership`, `id_property`, `id_user_owner`, `ownership_date_start`, `ownership_date_end`, `ownership_administrative_rate`, `creation_date`, `modification_date`, `deletion_date`) VALUES (12, 12, 90, '2018-01-01', NULL, 0.0500, DEFAULT, DEFAULT, NULL);
INSERT INTO `ownerships` (`id_ownership`, `id_property`, `id_user_owner`, `ownership_date_start`, `ownership_date_end`, `ownership_administrative_rate`, `creation_date`, `modification_date`, `deletion_date`) VALUES (13, 13, 90, '2018-01-01', NULL, 0.0500, DEFAULT, DEFAULT, NULL);
INSERT INTO `ownerships` (`id_ownership`, `id_property`, `id_user_owner`, `ownership_date_start`, `ownership_date_end`, `ownership_administrative_rate`, `creation_date`, `modification_date`, `deletion_date`) VALUES (14, 14, 90, '2018-01-01', NULL, 0.0500, DEFAULT, DEFAULT, NULL);
INSERT INTO `ownerships` (`id_ownership`, `id_property`, `id_user_owner`, `ownership_date_start`, `ownership_date_end`, `ownership_administrative_rate`, `creation_date`, `modification_date`, `deletion_date`) VALUES (15, 15, 90, '2018-01-01', NULL, 0.0500, DEFAULT, DEFAULT, NULL);
INSERT INTO `ownerships` (`id_ownership`, `id_property`, `id_user_owner`, `ownership_date_start`, `ownership_date_end`, `ownership_administrative_rate`, `creation_date`, `modification_date`, `deletion_date`) VALUES (16, 16, 90, '2018-01-01', NULL, 0.0500, DEFAULT, DEFAULT, NULL);

COMMIT;


-- -----------------------------------------------------
-- Data for table `contract_guarantors`
-- -----------------------------------------------------
START TRANSACTION;
INSERT INTO `contract_guarantors` (`id_guarantor`, `id_user_guarantor`, `id_contract`, `guarantor_attachments`, `guarantor_observations`, `creation_date`, `modification_date`, `deletion_date`) VALUES (1, 28, 1, NULL, NULL, DEFAULT, DEFAULT, NULL);
INSERT INTO `contract_guarantors` (`id_guarantor`, `id_user_guarantor`, `id_contract`, `guarantor_attachments`, `guarantor_observations`, `creation_date`, `modification_date`, `deletion_date`) VALUES (2, 89, 1, NULL, NULL, DEFAULT, DEFAULT, NULL);
INSERT INTO `contract_guarantors` (`id_guarantor`, `id_user_guarantor`, `id_contract`, `guarantor_attachments`, `guarantor_observations`, `creation_date`, `modification_date`, `deletion_date`) VALUES (5, 21, 4, NULL, NULL, DEFAULT, DEFAULT, NULL);
INSERT INTO `contract_guarantors` (`id_guarantor`, `id_user_guarantor`, `id_contract`, `guarantor_attachments`, `guarantor_observations`, `creation_date`, `modification_date`, `deletion_date`) VALUES (6, 117, 4, NULL, NULL, DEFAULT, DEFAULT, NULL);
INSERT INTO `contract_guarantors` (`id_guarantor`, `id_user_guarantor`, `id_contract`, `guarantor_attachments`, `guarantor_observations`, `creation_date`, `modification_date`, `deletion_date`) VALUES (8, 22, 6, NULL, NULL, DEFAULT, DEFAULT, NULL);
INSERT INTO `contract_guarantors` (`id_guarantor`, `id_user_guarantor`, `id_contract`, `guarantor_attachments`, `guarantor_observations`, `creation_date`, `modification_date`, `deletion_date`) VALUES (9, 62, 6, NULL, NULL, DEFAULT, DEFAULT, NULL);
INSERT INTO `contract_guarantors` (`id_guarantor`, `id_user_guarantor`, `id_contract`, `guarantor_attachments`, `guarantor_observations`, `creation_date`, `modification_date`, `deletion_date`) VALUES (10, 98, 6, NULL, NULL, DEFAULT, DEFAULT, NULL);
INSERT INTO `contract_guarantors` (`id_guarantor`, `id_user_guarantor`, `id_contract`, `guarantor_attachments`, `guarantor_observations`, `creation_date`, `modification_date`, `deletion_date`) VALUES (11, 131, 7, NULL, NULL, DEFAULT, DEFAULT, NULL);
INSERT INTO `contract_guarantors` (`id_guarantor`, `id_user_guarantor`, `id_contract`, `guarantor_attachments`, `guarantor_observations`, `creation_date`, `modification_date`, `deletion_date`) VALUES (12, 134, 7, NULL, NULL, DEFAULT, DEFAULT, NULL);
INSERT INTO `contract_guarantors` (`id_guarantor`, `id_user_guarantor`, `id_contract`, `guarantor_attachments`, `guarantor_observations`, `creation_date`, `modification_date`, `deletion_date`) VALUES (13, 132, 7, NULL, NULL, DEFAULT, DEFAULT, NULL);
INSERT INTO `contract_guarantors` (`id_guarantor`, `id_user_guarantor`, `id_contract`, `guarantor_attachments`, `guarantor_observations`, `creation_date`, `modification_date`, `deletion_date`) VALUES (14, 11, 8, NULL, NULL, DEFAULT, DEFAULT, NULL);
INSERT INTO `contract_guarantors` (`id_guarantor`, `id_user_guarantor`, `id_contract`, `guarantor_attachments`, `guarantor_observations`, `creation_date`, `modification_date`, `deletion_date`) VALUES (15, 96, 8, NULL, NULL, DEFAULT, DEFAULT, NULL);
INSERT INTO `contract_guarantors` (`id_guarantor`, `id_user_guarantor`, `id_contract`, `guarantor_attachments`, `guarantor_observations`, `creation_date`, `modification_date`, `deletion_date`) VALUES (16, 36, 8, NULL, NULL, DEFAULT, DEFAULT, NULL);
INSERT INTO `contract_guarantors` (`id_guarantor`, `id_user_guarantor`, `id_contract`, `guarantor_attachments`, `guarantor_observations`, `creation_date`, `modification_date`, `deletion_date`) VALUES (17, 102, 9, NULL, NULL, DEFAULT, DEFAULT, NULL);
INSERT INTO `contract_guarantors` (`id_guarantor`, `id_user_guarantor`, `id_contract`, `guarantor_attachments`, `guarantor_observations`, `creation_date`, `modification_date`, `deletion_date`) VALUES (18, 63, 9, NULL, NULL, DEFAULT, DEFAULT, NULL);
INSERT INTO `contract_guarantors` (`id_guarantor`, `id_user_guarantor`, `id_contract`, `guarantor_attachments`, `guarantor_observations`, `creation_date`, `modification_date`, `deletion_date`) VALUES (19, 78, 10, NULL, NULL, DEFAULT, DEFAULT, NULL);
INSERT INTO `contract_guarantors` (`id_guarantor`, `id_user_guarantor`, `id_contract`, `guarantor_attachments`, `guarantor_observations`, `creation_date`, `modification_date`, `deletion_date`) VALUES (20, 77, 10, NULL, NULL, DEFAULT, DEFAULT, NULL);
INSERT INTO `contract_guarantors` (`id_guarantor`, `id_user_guarantor`, `id_contract`, `guarantor_attachments`, `guarantor_observations`, `creation_date`, `modification_date`, `deletion_date`) VALUES (21, 139, 11, NULL, NULL, DEFAULT, DEFAULT, NULL);
INSERT INTO `contract_guarantors` (`id_guarantor`, `id_user_guarantor`, `id_contract`, `guarantor_attachments`, `guarantor_observations`, `creation_date`, `modification_date`, `deletion_date`) VALUES (22, 84, 12, NULL, NULL, DEFAULT, DEFAULT, NULL);
INSERT INTO `contract_guarantors` (`id_guarantor`, `id_user_guarantor`, `id_contract`, `guarantor_attachments`, `guarantor_observations`, `creation_date`, `modification_date`, `deletion_date`) VALUES (23, 92, 12, NULL, NULL, DEFAULT, DEFAULT, NULL);
INSERT INTO `contract_guarantors` (`id_guarantor`, `id_user_guarantor`, `id_contract`, `guarantor_attachments`, `guarantor_observations`, `creation_date`, `modification_date`, `deletion_date`) VALUES (24, 93, 12, NULL, NULL, DEFAULT, DEFAULT, NULL);
INSERT INTO `contract_guarantors` (`id_guarantor`, `id_user_guarantor`, `id_contract`, `guarantor_attachments`, `guarantor_observations`, `creation_date`, `modification_date`, `deletion_date`) VALUES (25, 51, 12, NULL, NULL, DEFAULT, DEFAULT, NULL);
INSERT INTO `contract_guarantors` (`id_guarantor`, `id_user_guarantor`, `id_contract`, `guarantor_attachments`, `guarantor_observations`, `creation_date`, `modification_date`, `deletion_date`) VALUES (26, 42, 12, NULL, NULL, DEFAULT, DEFAULT, NULL);
INSERT INTO `contract_guarantors` (`id_guarantor`, `id_user_guarantor`, `id_contract`, `guarantor_attachments`, `guarantor_observations`, `creation_date`, `modification_date`, `deletion_date`) VALUES (27, 25, 13, NULL, NULL, DEFAULT, DEFAULT, NULL);
INSERT INTO `contract_guarantors` (`id_guarantor`, `id_user_guarantor`, `id_contract`, `guarantor_attachments`, `guarantor_observations`, `creation_date`, `modification_date`, `deletion_date`) VALUES (28, 32, 13, NULL, NULL, DEFAULT, DEFAULT, NULL);
INSERT INTO `contract_guarantors` (`id_guarantor`, `id_user_guarantor`, `id_contract`, `guarantor_attachments`, `guarantor_observations`, `creation_date`, `modification_date`, `deletion_date`) VALUES (29, 26, 14, NULL, NULL, DEFAULT, DEFAULT, NULL);
INSERT INTO `contract_guarantors` (`id_guarantor`, `id_user_guarantor`, `id_contract`, `guarantor_attachments`, `guarantor_observations`, `creation_date`, `modification_date`, `deletion_date`) VALUES (30, 9, 14, NULL, NULL, DEFAULT, DEFAULT, NULL);
INSERT INTO `contract_guarantors` (`id_guarantor`, `id_user_guarantor`, `id_contract`, `guarantor_attachments`, `guarantor_observations`, `creation_date`, `modification_date`, `deletion_date`) VALUES (31, 68, 15, NULL, NULL, DEFAULT, DEFAULT, NULL);
INSERT INTO `contract_guarantors` (`id_guarantor`, `id_user_guarantor`, `id_contract`, `guarantor_attachments`, `guarantor_observations`, `creation_date`, `modification_date`, `deletion_date`) VALUES (32, 66, 15, NULL, NULL, DEFAULT, DEFAULT, NULL);
INSERT INTO `contract_guarantors` (`id_guarantor`, `id_user_guarantor`, `id_contract`, `guarantor_attachments`, `guarantor_observations`, `creation_date`, `modification_date`, `deletion_date`) VALUES (35, 114, 17, NULL, NULL, DEFAULT, DEFAULT, NULL);
INSERT INTO `contract_guarantors` (`id_guarantor`, `id_user_guarantor`, `id_contract`, `guarantor_attachments`, `guarantor_observations`, `creation_date`, `modification_date`, `deletion_date`) VALUES (36, 136, 17, NULL, NULL, DEFAULT, DEFAULT, NULL);
INSERT INTO `contract_guarantors` (`id_guarantor`, `id_user_guarantor`, `id_contract`, `guarantor_attachments`, `guarantor_observations`, `creation_date`, `modification_date`, `deletion_date`) VALUES (37, 85, 18, NULL, NULL, DEFAULT, DEFAULT, NULL);
INSERT INTO `contract_guarantors` (`id_guarantor`, `id_user_guarantor`, `id_contract`, `guarantor_attachments`, `guarantor_observations`, `creation_date`, `modification_date`, `deletion_date`) VALUES (38, 76, 18, NULL, NULL, DEFAULT, DEFAULT, NULL);
INSERT INTO `contract_guarantors` (`id_guarantor`, `id_user_guarantor`, `id_contract`, `guarantor_attachments`, `guarantor_observations`, `creation_date`, `modification_date`, `deletion_date`) VALUES (39, 17, 18, NULL, NULL, DEFAULT, DEFAULT, NULL);
INSERT INTO `contract_guarantors` (`id_guarantor`, `id_user_guarantor`, `id_contract`, `guarantor_attachments`, `guarantor_observations`, `creation_date`, `modification_date`, `deletion_date`) VALUES (40, 115, 19, NULL, NULL, DEFAULT, DEFAULT, NULL);
INSERT INTO `contract_guarantors` (`id_guarantor`, `id_user_guarantor`, `id_contract`, `guarantor_attachments`, `guarantor_observations`, `creation_date`, `modification_date`, `deletion_date`) VALUES (41, 71, 19, NULL, NULL, DEFAULT, DEFAULT, NULL);
INSERT INTO `contract_guarantors` (`id_guarantor`, `id_user_guarantor`, `id_contract`, `guarantor_attachments`, `guarantor_observations`, `creation_date`, `modification_date`, `deletion_date`) VALUES (42, 27, 19, NULL, NULL, DEFAULT, DEFAULT, NULL);
INSERT INTO `contract_guarantors` (`id_guarantor`, `id_user_guarantor`, `id_contract`, `guarantor_attachments`, `guarantor_observations`, `creation_date`, `modification_date`, `deletion_date`) VALUES (43, 74, 20, NULL, NULL, DEFAULT, DEFAULT, NULL);
INSERT INTO `contract_guarantors` (`id_guarantor`, `id_user_guarantor`, `id_contract`, `guarantor_attachments`, `guarantor_observations`, `creation_date`, `modification_date`, `deletion_date`) VALUES (44, 126, 20, NULL, NULL, DEFAULT, DEFAULT, NULL);
INSERT INTO `contract_guarantors` (`id_guarantor`, `id_user_guarantor`, `id_contract`, `guarantor_attachments`, `guarantor_observations`, `creation_date`, `modification_date`, `deletion_date`) VALUES (45, 16, 21, NULL, NULL, DEFAULT, DEFAULT, NULL);
INSERT INTO `contract_guarantors` (`id_guarantor`, `id_user_guarantor`, `id_contract`, `guarantor_attachments`, `guarantor_observations`, `creation_date`, `modification_date`, `deletion_date`) VALUES (46, 15, 21, NULL, NULL, DEFAULT, DEFAULT, NULL);
INSERT INTO `contract_guarantors` (`id_guarantor`, `id_user_guarantor`, `id_contract`, `guarantor_attachments`, `guarantor_observations`, `creation_date`, `modification_date`, `deletion_date`) VALUES (47, 13, 21, NULL, NULL, DEFAULT, DEFAULT, NULL);
INSERT INTO `contract_guarantors` (`id_guarantor`, `id_user_guarantor`, `id_contract`, `guarantor_attachments`, `guarantor_observations`, `creation_date`, `modification_date`, `deletion_date`) VALUES (48, 140, 22, NULL, NULL, DEFAULT, DEFAULT, NULL);
INSERT INTO `contract_guarantors` (`id_guarantor`, `id_user_guarantor`, `id_contract`, `guarantor_attachments`, `guarantor_observations`, `creation_date`, `modification_date`, `deletion_date`) VALUES (49, 110, 23, NULL, NULL, DEFAULT, DEFAULT, NULL);
INSERT INTO `contract_guarantors` (`id_guarantor`, `id_user_guarantor`, `id_contract`, `guarantor_attachments`, `guarantor_observations`, `creation_date`, `modification_date`, `deletion_date`) VALUES (50, 123, 23, NULL, NULL, DEFAULT, DEFAULT, NULL);
INSERT INTO `contract_guarantors` (`id_guarantor`, `id_user_guarantor`, `id_contract`, `guarantor_attachments`, `guarantor_observations`, `creation_date`, `modification_date`, `deletion_date`) VALUES (51, 18, 25, NULL, NULL, DEFAULT, DEFAULT, NULL);
INSERT INTO `contract_guarantors` (`id_guarantor`, `id_user_guarantor`, `id_contract`, `guarantor_attachments`, `guarantor_observations`, `creation_date`, `modification_date`, `deletion_date`) VALUES (52, 19, 25, NULL, NULL, DEFAULT, DEFAULT, NULL);
INSERT INTO `contract_guarantors` (`id_guarantor`, `id_user_guarantor`, `id_contract`, `guarantor_attachments`, `guarantor_observations`, `creation_date`, `modification_date`, `deletion_date`) VALUES (53, 46, 25, NULL, NULL, DEFAULT, DEFAULT, NULL);
INSERT INTO `contract_guarantors` (`id_guarantor`, `id_user_guarantor`, `id_contract`, `guarantor_attachments`, `guarantor_observations`, `creation_date`, `modification_date`, `deletion_date`) VALUES (54, 44, 25, NULL, NULL, DEFAULT, DEFAULT, NULL);
INSERT INTO `contract_guarantors` (`id_guarantor`, `id_user_guarantor`, `id_contract`, `guarantor_attachments`, `guarantor_observations`, `creation_date`, `modification_date`, `deletion_date`) VALUES (55, 121, 25, NULL, NULL, DEFAULT, DEFAULT, NULL);
INSERT INTO `contract_guarantors` (`id_guarantor`, `id_user_guarantor`, `id_contract`, `guarantor_attachments`, `guarantor_observations`, `creation_date`, `modification_date`, `deletion_date`) VALUES (56, 91, 26, NULL, NULL, DEFAULT, DEFAULT, NULL);
INSERT INTO `contract_guarantors` (`id_guarantor`, `id_user_guarantor`, `id_contract`, `guarantor_attachments`, `guarantor_observations`, `creation_date`, `modification_date`, `deletion_date`) VALUES (57, 54, 26, NULL, NULL, DEFAULT, DEFAULT, NULL);
INSERT INTO `contract_guarantors` (`id_guarantor`, `id_user_guarantor`, `id_contract`, `guarantor_attachments`, `guarantor_observations`, `creation_date`, `modification_date`, `deletion_date`) VALUES (58, 106, 27, NULL, NULL, DEFAULT, DEFAULT, NULL);
INSERT INTO `contract_guarantors` (`id_guarantor`, `id_user_guarantor`, `id_contract`, `guarantor_attachments`, `guarantor_observations`, `creation_date`, `modification_date`, `deletion_date`) VALUES (59, 75, 28, NULL, NULL, DEFAULT, DEFAULT, NULL);
INSERT INTO `contract_guarantors` (`id_guarantor`, `id_user_guarantor`, `id_contract`, `guarantor_attachments`, `guarantor_observations`, `creation_date`, `modification_date`, `deletion_date`) VALUES (60, 60, 28, NULL, NULL, DEFAULT, DEFAULT, NULL);
INSERT INTO `contract_guarantors` (`id_guarantor`, `id_user_guarantor`, `id_contract`, `guarantor_attachments`, `guarantor_observations`, `creation_date`, `modification_date`, `deletion_date`) VALUES (61, 50, 29, NULL, NULL, DEFAULT, DEFAULT, NULL);
INSERT INTO `contract_guarantors` (`id_guarantor`, `id_user_guarantor`, `id_contract`, `guarantor_attachments`, `guarantor_observations`, `creation_date`, `modification_date`, `deletion_date`) VALUES (62, 49, 29, NULL, NULL, DEFAULT, DEFAULT, NULL);
INSERT INTO `contract_guarantors` (`id_guarantor`, `id_user_guarantor`, `id_contract`, `guarantor_attachments`, `guarantor_observations`, `creation_date`, `modification_date`, `deletion_date`) VALUES (63, 64, 29, NULL, NULL, DEFAULT, DEFAULT, NULL);
INSERT INTO `contract_guarantors` (`id_guarantor`, `id_user_guarantor`, `id_contract`, `guarantor_attachments`, `guarantor_observations`, `creation_date`, `modification_date`, `deletion_date`) VALUES (64, 10, 30, NULL, NULL, DEFAULT, DEFAULT, NULL);
INSERT INTO `contract_guarantors` (`id_guarantor`, `id_user_guarantor`, `id_contract`, `guarantor_attachments`, `guarantor_observations`, `creation_date`, `modification_date`, `deletion_date`) VALUES (65, 127, 30, NULL, NULL, DEFAULT, DEFAULT, NULL);
INSERT INTO `contract_guarantors` (`id_guarantor`, `id_user_guarantor`, `id_contract`, `guarantor_attachments`, `guarantor_observations`, `creation_date`, `modification_date`, `deletion_date`) VALUES (66, 122, 31, NULL, NULL, DEFAULT, DEFAULT, NULL);
INSERT INTO `contract_guarantors` (`id_guarantor`, `id_user_guarantor`, `id_contract`, `guarantor_attachments`, `guarantor_observations`, `creation_date`, `modification_date`, `deletion_date`) VALUES (67, 142, 31, NULL, NULL, DEFAULT, DEFAULT, NULL);
INSERT INTO `contract_guarantors` (`id_guarantor`, `id_user_guarantor`, `id_contract`, `guarantor_attachments`, `guarantor_observations`, `creation_date`, `modification_date`, `deletion_date`) VALUES (68, 87, 32, NULL, NULL, DEFAULT, DEFAULT, NULL);
INSERT INTO `contract_guarantors` (`id_guarantor`, `id_user_guarantor`, `id_contract`, `guarantor_attachments`, `guarantor_observations`, `creation_date`, `modification_date`, `deletion_date`) VALUES (69, 61, 32, NULL, NULL, DEFAULT, DEFAULT, NULL);
INSERT INTO `contract_guarantors` (`id_guarantor`, `id_user_guarantor`, `id_contract`, `guarantor_attachments`, `guarantor_observations`, `creation_date`, `modification_date`, `deletion_date`) VALUES (70, 8, 32, NULL, NULL, DEFAULT, DEFAULT, NULL);
INSERT INTO `contract_guarantors` (`id_guarantor`, `id_user_guarantor`, `id_contract`, `guarantor_attachments`, `guarantor_observations`, `creation_date`, `modification_date`, `deletion_date`) VALUES (71, 100, 33, NULL, NULL, DEFAULT, DEFAULT, NULL);
INSERT INTO `contract_guarantors` (`id_guarantor`, `id_user_guarantor`, `id_contract`, `guarantor_attachments`, `guarantor_observations`, `creation_date`, `modification_date`, `deletion_date`) VALUES (72, 33, 33, NULL, NULL, DEFAULT, DEFAULT, NULL);
INSERT INTO `contract_guarantors` (`id_guarantor`, `id_user_guarantor`, `id_contract`, `guarantor_attachments`, `guarantor_observations`, `creation_date`, `modification_date`, `deletion_date`) VALUES (74, 57, 34, NULL, NULL, DEFAULT, DEFAULT, NULL);
INSERT INTO `contract_guarantors` (`id_guarantor`, `id_user_guarantor`, `id_contract`, `guarantor_attachments`, `guarantor_observations`, `creation_date`, `modification_date`, `deletion_date`) VALUES (75, 31, 34, NULL, NULL, DEFAULT, DEFAULT, NULL);
INSERT INTO `contract_guarantors` (`id_guarantor`, `id_user_guarantor`, `id_contract`, `guarantor_attachments`, `guarantor_observations`, `creation_date`, `modification_date`, `deletion_date`) VALUES (77, 94, 35, NULL, NULL, DEFAULT, DEFAULT, NULL);
INSERT INTO `contract_guarantors` (`id_guarantor`, `id_user_guarantor`, `id_contract`, `guarantor_attachments`, `guarantor_observations`, `creation_date`, `modification_date`, `deletion_date`) VALUES (78, 130, 35, NULL, NULL, DEFAULT, DEFAULT, NULL);
INSERT INTO `contract_guarantors` (`id_guarantor`, `id_user_guarantor`, `id_contract`, `guarantor_attachments`, `guarantor_observations`, `creation_date`, `modification_date`, `deletion_date`) VALUES (79, 35, 35, NULL, NULL, DEFAULT, DEFAULT, NULL);
INSERT INTO `contract_guarantors` (`id_guarantor`, `id_user_guarantor`, `id_contract`, `guarantor_attachments`, `guarantor_observations`, `creation_date`, `modification_date`, `deletion_date`) VALUES (80, 97, 35, NULL, NULL, DEFAULT, DEFAULT, NULL);
INSERT INTO `contract_guarantors` (`id_guarantor`, `id_user_guarantor`, `id_contract`, `guarantor_attachments`, `guarantor_observations`, `creation_date`, `modification_date`, `deletion_date`) VALUES (81, 69, 36, NULL, NULL, DEFAULT, DEFAULT, NULL);
INSERT INTO `contract_guarantors` (`id_guarantor`, `id_user_guarantor`, `id_contract`, `guarantor_attachments`, `guarantor_observations`, `creation_date`, `modification_date`, `deletion_date`) VALUES (82, 23, 36, NULL, NULL, DEFAULT, DEFAULT, NULL);

COMMIT;


-- -----------------------------------------------------
-- Data for table `accounts`
-- -----------------------------------------------------
START TRANSACTION;
INSERT INTO `accounts` (`id_account`, `id_user_owner`, `account_name`, `account_balance`) VALUES (1, NULL, 'Admnistracion', 0);
INSERT INTO `accounts` (`id_account`, `id_user_owner`, `account_name`, `account_balance`) VALUES (2, NULL, 'Alquileres', 0);
INSERT INTO `accounts` (`id_account`, `id_user_owner`, `account_name`, `account_balance`) VALUES (3, NULL, 'Mantenimientos', 0);
INSERT INTO `accounts` (`id_account`, `id_user_owner`, `account_name`, `account_balance`) VALUES (4, NULL, 'Expensas', 0);
INSERT INTO `accounts` (`id_account`, `id_user_owner`, `account_name`, `account_balance`) VALUES (5, NULL, 'Impuestos y Servicios', 0);
INSERT INTO `accounts` (`id_account`, `id_user_owner`, `account_name`, `account_balance`) VALUES (6, 4, 'Pagos de Imp & Servicios', 0);

COMMIT;


-- -----------------------------------------------------
-- Data for table `_periods`
-- -----------------------------------------------------
START TRANSACTION;
INSERT INTO `_periods` (`id_period`, `period_year`, `period_month`, `period_code`) VALUES (1, 2018, 08, '08-2018');
INSERT INTO `_periods` (`id_period`, `period_year`, `period_month`, `period_code`) VALUES (2, 2018, 09, '09-2018');

COMMIT;

