-- phpMyAdmin SQL Dump
-- version 4.6.6
-- https://www.phpmyadmin.net/
--
-- Servidor: localhost
-- Tiempo de generación: 18-01-2019 a las 20:21:04
-- Versión del servidor: 5.7.17-log
-- Versión de PHP: 5.6.30

SET SQL_MODE = "NO_AUTO_VALUE_ON_ZERO";
SET time_zone = "+00:00";


/*!40101 SET @OLD_CHARACTER_SET_CLIENT=@@CHARACTER_SET_CLIENT */;
/*!40101 SET @OLD_CHARACTER_SET_RESULTS=@@CHARACTER_SET_RESULTS */;
/*!40101 SET @OLD_COLLATION_CONNECTION=@@COLLATION_CONNECTION */;
/*!40101 SET NAMES utf8mb4 */;

--
-- Base de datos: `baseapp_contreras_test`
--

-- --------------------------------------------------------

--
-- Estructura de tabla para la tabla `accounts`
--

CREATE TABLE `accounts` (
  `id_account` int(10) UNSIGNED NOT NULL,
  `id_user_owner` int(10) UNSIGNED DEFAULT NULL,
  `account_name` varchar(100) NOT NULL,
  `account_balance` double(12,4) DEFAULT '0.0000'
) ENGINE=InnoDB DEFAULT CHARSET=utf8;

--
-- Volcado de datos para la tabla `accounts`
--

INSERT INTO `accounts` (`id_account`, `id_user_owner`, `account_name`, `account_balance`) VALUES
(1, NULL, 'Admnistracion', 55615.8000),
(2, NULL, 'Alquileres', -19401.9495),
(3, NULL, 'Mantenimientos', 0.0000),
(4, NULL, 'Expensas', 10.0000),
(5, NULL, 'Impuestos y Servicios', 450.0000),
(6, 4, 'Pagos de Imp & Servicios', 500.0000),
(7, 7, 'Sebastian gustavo Abelleira', -12858.3520),
(8, 120, 'I.G.T Argentina S.A', -44376.0500),
(9, 83, 'Humberto Fabian Mammoli', -38963.1500),
(10, 116, 'Luca Mauricio Rios', -35287.6260),
(11, 38, 'Juan martin Contreras', -19197.0150),
(12, 72, 'Sergio alberto Kalaz', -33265.6200),
(13, 133, 'Santiago Uez', -25000.0000),
(14, 12, 'Pilar Alvarez ojeda', -47380.0000),
(15, 101, 'Joaquin sebastian Perez', -40636.2800),
(16, 79, 'Sofia Lorca', 0.0000),
(17, 30, 'Santiago Loc Campodonico', 0.0000),
(18, 41, 'Carolina Andrea Corradi', -22263.8250),
(19, 82, 'Monica Ruth Lukasiewicz', -23575.0000),
(20, 141, 'Jose Ignacio Gregorio Viel', -33682.6975),
(21, 125, 'Karina fernanda Simon', -32400.0000),
(22, 113, 'Paula andrea Ramirez bejarano', 0.0000),
(23, 86, 'Melanie andrea Merida', 0.0000),
(24, 104, 'Franco emanuel Piatti', -78376.0000),
(25, 55, 'Isolda mercedes Erk', 0.0000),
(26, 14, 'Maria florencia Araez', -7909.0000),
(27, 109, 'Fernando david Poma', 0.0000),
(28, 45, 'Juan pablo Cura', 0.0000),
(29, 53, 'Federica Duran', -13221.4350),
(30, 105, 'Facundo nicolas Picotto', 0.0000),
(31, 73, 'Mariana Kesler', 0.0000),
(32, 47, 'Jazmin daniela Davico', 0.0000),
(33, 128, 'Cristian Damian Stadler alainez', 0.0000),
(34, 143, 'Yesica elizabeth Yornet', 0.0000),
(35, 144, 'Federico german Yovino', 0.0000),
(36, 34, 'Valeria veronica Carrizo', 0.0000),
(37, 56, 'Jeremias ezequiel Fabbro', -8300.0000),
(38, 95, 'Luana agostina Ojeda', 0.0000),
(39, 52, 'Amanda Dos anjos da silva', 0.0000),
(40, 90, 'María del Carmen Montironi', 479018.2000),
(41, 6, 'Joaquin Sebastian Perez', 0.0000),
(42, 37, 'Santiago Prop Compodonico', 0.0000),
(43, 5, 'Jeremías Ezequiel Fabbro', 0.0000),
(44, 107, 'Mariano Pignata', 0.0000),
(45, 137, 'Patricia Vazques', 0.0000),
(46, 149, 'carlos carlos', 0.0000),
(47, 29, 'Andrés Campodonico', 0.0000),
(48, 108, 'Eleonora Plomer', 0.0000),
(49, 119, 'Doly Ramona Rosa', 0.0000),
(50, 65, 'María Verónica Goris', 0.0000),
(51, 151, 'Cardozo ', 0.0000),
(52, 43, 'Analia Cruchiani', 0.0000),
(53, 135, 'Vanina Elisabeth Valle', 0.0000),
(54, 153, 'Fabricio Fachinetti', 0.0000),
(55, 154, 'Ma. Antonia Antequera', 0.0000),
(56, 155, 'Benito Iciksonas', 0.0000),
(57, 156, 'Beatriz Brunello', 0.0000),
(58, 157, 'Lidia Beatriz Mottin', 0.0000),
(59, 159, 'Veronica Cendon', 0.0000);

-- --------------------------------------------------------

--
-- Estructura de tabla para la tabla `account_transactions`
--

CREATE TABLE `account_transactions` (
  `id_transaction` int(10) UNSIGNED NOT NULL,
  `id_account` int(10) UNSIGNED NOT NULL,
  `transaction_ammount` double(12,4) DEFAULT NULL,
  `transaction_id` varchar(32) DEFAULT NULL,
  `transaction_date` timestamp NOT NULL DEFAULT CURRENT_TIMESTAMP,
  `id_receipt_detail` int(10) UNSIGNED DEFAULT NULL,
  `id_user` int(10) UNSIGNED DEFAULT NULL,
  `transaction_observations` text,
  `transaction_type` int(11) DEFAULT NULL COMMENT '1=extracciones,2=pagos',
  `transaction_attachments` varchar(100) DEFAULT NULL
) ENGINE=InnoDB DEFAULT CHARSET=utf8;

--
-- Volcado de datos para la tabla `account_transactions`
--

INSERT INTO `account_transactions` (`id_transaction`, `id_account`, `transaction_ammount`, `transaction_id`, `transaction_date`, `id_receipt_detail`, `id_user`, `transaction_observations`, `transaction_type`, `transaction_attachments`) VALUES
(1, 7, -100.0000, '733fa6bcf9494b57ce81c70092547cf4', '2018-10-30 15:54:39', 295, NULL, NULL, NULL, NULL),
(2, 1, 100.0000, '658a143ffa946a5c7afca16d15627351', '2018-10-30 15:54:39', 295, NULL, NULL, NULL, NULL),
(3, 7, 0.0000, '5d355794a1db154c1dc0bef6deae5ad8', '2018-10-30 15:54:39', 70, NULL, NULL, NULL, NULL),
(4, 5, 0.0000, 'ff8ff89dae41fb5ab01de4a4d1255135', '2018-10-30 15:54:39', 70, NULL, NULL, NULL, NULL),
(5, 7, 0.0000, '48b34e7aa440554d9057daa2221e8de4', '2018-10-30 15:54:39', 72, NULL, NULL, NULL, NULL),
(6, 5, 0.0000, '3cc22265b5718ca31d18a232d0b57405', '2018-10-30 15:54:39', 72, NULL, NULL, NULL, NULL),
(7, 7, 0.0000, 'a16365de91e3c1da0e393f4976d2d6f4', '2018-10-30 15:54:39', 74, NULL, NULL, NULL, NULL),
(8, 5, 0.0000, '2b091de6465af4513ec87e9c0ba803d3', '2018-10-30 15:54:39', 74, NULL, NULL, NULL, NULL),
(9, 7, -182.3520, '671d11dcbfa0c9a420b5ac2fcf52733b', '2018-10-30 15:54:39', 262, NULL, NULL, NULL, NULL),
(10, 2, 182.3520, '9fe5287b2eb069414bdcdfa3490153bf', '2018-10-30 15:54:39', 262, NULL, NULL, NULL, NULL),
(11, 7, -12576.0000, '44d6995b0682a2ee8cfd0f40febaeb28', '2018-10-30 15:54:39', 1, NULL, NULL, NULL, NULL),
(12, 2, 12576.0000, 'e81a49fffdabb88f31dd0099a354306f', '2018-10-30 15:54:39', 1, NULL, NULL, NULL, NULL),
(13, 37, -8300.0000, 'e2b56a5dc1c5a69681187a4c85598a5d', '2019-01-09 18:38:22', 900, NULL, NULL, NULL, NULL),
(14, 2, 8300.0000, 'b7e61a34fa6411ad03459345bd37a7dd', '2019-01-09 18:38:22', 900, NULL, NULL, NULL, NULL),
(15, 9, -500.0000, '37d5b9de931ec74f8cbc625e88cdae65', '2019-01-09 18:44:58', 76, NULL, NULL, NULL, NULL),
(16, 5, 500.0000, 'b96684f2678b934d6dc8140988061551', '2019-01-09 18:44:58', 76, NULL, NULL, NULL, NULL),
(17, 9, -200.0000, 'b6d3eb07a9229db3735f4a4b3824a2d4', '2019-01-09 18:44:58', 78, NULL, NULL, NULL, NULL),
(18, 5, 200.0000, '060ecb5529088d894c73a9b5cac98dd9', '2019-01-09 18:44:58', 78, NULL, NULL, NULL, NULL),
(19, 9, -250.0000, 'c17bb3ee638b2ba111b0979a54fd2de9', '2019-01-09 18:44:58', 80, NULL, NULL, NULL, NULL),
(20, 5, 250.0000, 'd8906ca3f9e959640a6788817d0f5601', '2019-01-09 18:44:58', 80, NULL, NULL, NULL, NULL),
(21, 9, -1810.1500, 'baaf558b0a37f3ea059452bd6e1542c7', '2019-01-09 18:44:58', 264, NULL, NULL, NULL, NULL),
(22, 2, 1810.1500, '269ff78752945e09d20eff6c90315c03', '2019-01-09 18:44:58', 264, NULL, NULL, NULL, NULL),
(23, 9, -36203.0000, 'a2d07ddb92810d96fb1cb670a7cf44ca', '2019-01-09 18:44:58', 3, NULL, NULL, NULL, NULL),
(24, 2, 36203.0000, 'ca68ec01b8ba3f6e9fb6e1b8213685bb', '2019-01-09 18:44:58', 3, NULL, NULL, NULL, NULL),
(25, 21, 0.0000, '8ac9c76d89861ebfcd1f05606bc18d45', '2019-01-09 18:51:58', 148, NULL, NULL, NULL, NULL),
(26, 5, 0.0000, 'd764a6d8400f0cc26b6533285c424bb7', '2019-01-09 18:51:58', 148, NULL, NULL, NULL, NULL),
(27, 21, -8100.0000, '1d39cf809ce1131e936e255c673178d3', '2019-01-09 18:51:58', 884, NULL, NULL, NULL, NULL),
(28, 2, 8100.0000, '9088248ec59818c7c6bd4fda6fdabaaf', '2019-01-09 18:51:58', 884, NULL, NULL, NULL, NULL),
(29, 26, 0.0000, '4d70cc867b806fce1621d7fa048e2923', '2019-01-09 19:05:22', 765, NULL, NULL, NULL, NULL),
(30, 5, 0.0000, 'b940dcd2a7f2c2797ecebe34e95d3dd9', '2019-01-09 19:05:22', 765, NULL, NULL, NULL, NULL),
(31, 26, 0.0000, '7b38a3bdda146cf14bfdc0ac4363fab9', '2019-01-09 19:05:22', 767, NULL, NULL, NULL, NULL),
(32, 5, 0.0000, '091c48342d40dfafbf7aa1f189ad2810', '2019-01-09 19:05:23', 767, NULL, NULL, NULL, NULL),
(33, 26, 0.0000, '24cc76ce69fe702f9a516c1a49b483f8', '2019-01-09 19:05:23', 1049, NULL, NULL, NULL, NULL),
(34, 5, 0.0000, '44eb34bd3794664779d7fe1601dbbf07', '2019-01-09 19:05:23', 1049, NULL, NULL, NULL, NULL),
(35, 26, 0.0000, 'a688204ebfcb8554d8ebf49bebb1c22b', '2019-01-09 19:05:23', 1051, NULL, NULL, NULL, NULL),
(36, 5, 0.0000, '97c4e653af85251bc24051806d6e47b4', '2019-01-09 19:05:23', 1051, NULL, NULL, NULL, NULL),
(37, 26, 0.0000, '6b88d8f6f1c7cef568c78edb21e5d8ad', '2019-01-09 19:05:23', 1053, NULL, NULL, NULL, NULL),
(38, 5, 0.0000, 'e53ba70e82cf96ac8bb214fdbbf59861', '2019-01-09 19:05:23', 1053, NULL, NULL, NULL, NULL),
(39, 26, -7909.0000, '0d1c0679a267d03427e9aa7421224dab', '2019-01-09 19:05:23', 889, NULL, NULL, NULL, NULL),
(40, 2, 7909.0000, '9f24e5a925dc494c9cae633c3b3c87fd', '2019-01-09 19:05:23', 889, NULL, NULL, NULL, NULL),
(41, 24, -400.0000, '3711ccbb8b3e785536e726babf8a1a3f', '2019-01-09 19:10:02', 1133, NULL, NULL, NULL, NULL),
(42, 1, 400.0000, 'a6e69df4526c4886f262277b75aab4a8', '2019-01-09 19:10:02', 1133, NULL, NULL, NULL, NULL),
(43, 24, 0.0000, 'b39949c1d6b8bcacd2a0d8a79435f775', '2019-01-09 19:10:02', 172, NULL, NULL, NULL, NULL),
(44, 5, 0.0000, '6fddb3708aaa99622028dab9ff792255', '2019-01-09 19:10:02', 172, NULL, NULL, NULL, NULL),
(45, 24, 0.0000, 'a917f976e5646e670d62d55a90613c0a', '2019-01-09 19:10:02', 174, NULL, NULL, NULL, NULL),
(46, 5, 0.0000, 'c5db9beeffb16aeacfd5fd475190796a', '2019-01-09 19:10:02', 174, NULL, NULL, NULL, NULL),
(47, 24, 0.0000, 'e14d1f6c7ae5ce395cd758638b83fd6c', '2019-01-09 19:10:02', 176, NULL, NULL, NULL, NULL),
(48, 5, 0.0000, '4bed158d802c3b40c6bcf2451f4df3d8', '2019-01-09 19:10:02', 176, NULL, NULL, NULL, NULL),
(49, 24, 0.0000, 'ebef3b7fa2be0b62ad6b88e538e3c4c0', '2019-01-09 19:10:02', 464, NULL, NULL, NULL, NULL),
(50, 5, 0.0000, 'e717a2881dac70eb4f71045235056b93', '2019-01-09 19:10:02', 464, NULL, NULL, NULL, NULL),
(51, 24, 0.0000, '6c7377f6aa7e66d6ba21f4fcb58af4bd', '2019-01-09 19:10:02', 466, NULL, NULL, NULL, NULL),
(52, 5, 0.0000, '5ffb3e745deb20dee25f3bf076374d9b', '2019-01-09 19:10:02', 466, NULL, NULL, NULL, NULL),
(53, 24, 0.0000, 'ae886ce239b38fc5d150c3bb23676cc5', '2019-01-09 19:10:02', 468, NULL, NULL, NULL, NULL),
(54, 5, 0.0000, '543534b0e95ac10cafaf21a015536062', '2019-01-09 19:10:02', 468, NULL, NULL, NULL, NULL),
(55, 24, 0.0000, '1231b8822959c2a190ed88b3313426f1', '2019-01-09 19:10:02', 751, NULL, NULL, NULL, NULL),
(56, 5, 0.0000, '49ddfa10af7a4e9e110c2e17568fdf64', '2019-01-09 19:10:02', 751, NULL, NULL, NULL, NULL),
(57, 24, 0.0000, '1ea625dfe19755e948214278a7cd4ebd', '2019-01-09 19:10:02', 753, NULL, NULL, NULL, NULL),
(58, 5, 0.0000, 'e7c6c0ec42f02892f0c1dd6ecdfb7c63', '2019-01-09 19:10:02', 753, NULL, NULL, NULL, NULL),
(59, 24, 0.0000, '67d899ebaf1c66e7e40362b067933d12', '2019-01-09 19:10:02', 755, NULL, NULL, NULL, NULL),
(60, 5, 0.0000, '1ddb98d97862caacf1fd76b8aa34700d', '2019-01-09 19:10:02', 755, NULL, NULL, NULL, NULL),
(61, 24, 0.0000, '1137ded428645694d7892b6ea2260186', '2019-01-09 19:10:02', 1037, NULL, NULL, NULL, NULL),
(62, 5, 0.0000, '21318c25c899b12cef1bd247d3f816e2', '2019-01-09 19:10:02', 1037, NULL, NULL, NULL, NULL),
(63, 24, 0.0000, '922fa67006f5d19638e85569c273c88e', '2019-01-09 19:10:02', 1039, NULL, NULL, NULL, NULL),
(64, 5, 0.0000, '10893bb54b0569dfe7b9d6d6c7a7bf78', '2019-01-09 19:10:02', 1039, NULL, NULL, NULL, NULL),
(65, 24, 0.0000, 'beda128e0b9f08359097bc4f530d6e31', '2019-01-09 19:10:02', 1041, NULL, NULL, NULL, NULL),
(66, 5, 0.0000, '2cb5424067aefb7339db2a9788b39b94', '2019-01-09 19:10:02', 1041, NULL, NULL, NULL, NULL),
(67, 24, -950.0000, '8c30e5390fda9b23510839dba88e7a8b', '2019-01-09 19:10:02', 279, NULL, NULL, NULL, NULL),
(68, 2, 950.0000, 'b9fa54723aab9621a5ce499ec41bdd02', '2019-01-09 19:10:02', 279, NULL, NULL, NULL, NULL),
(69, 24, -655.5000, '23e566f39ec4432371e6276d3f975635', '2019-01-09 19:10:02', 570, NULL, NULL, NULL, NULL),
(70, 2, 655.5000, 'a30ec2018f4e39e7a81810c1e3ac62a8', '2019-01-09 19:10:02', 570, NULL, NULL, NULL, NULL),
(71, 24, -370.5000, '9f3b8380cea92c005bcf6e33e4a47ba4', '2019-01-09 19:10:02', 856, NULL, NULL, NULL, NULL),
(72, 2, 370.5000, 'ccb12f4a2f496644e377b1444d233f22', '2019-01-09 19:10:02', 856, NULL, NULL, NULL, NULL),
(73, 24, -19000.0000, '8c8d4352857314456cc87331e0b37ef2', '2019-01-09 19:10:02', 18, NULL, NULL, NULL, NULL),
(74, 2, 19000.0000, 'cdc4b3ae1981997498ea9a28198c47e8', '2019-01-09 19:10:02', 18, NULL, NULL, NULL, NULL),
(75, 24, -19000.0000, 'bdf44bd206c079f6c0fbc3e6350f6ae1', '2019-01-09 19:10:02', 312, NULL, NULL, NULL, NULL),
(76, 2, 19000.0000, 'dc370b59799915c90b4074590b4aeeec', '2019-01-09 19:10:02', 312, NULL, NULL, NULL, NULL),
(77, 24, -19000.0000, 'f804513f3e4618ee9e2388182194a0cd', '2019-01-09 19:10:02', 601, NULL, NULL, NULL, NULL),
(78, 2, 19000.0000, '9c69aa9235f010887664833fc803b87b', '2019-01-09 19:10:02', 601, NULL, NULL, NULL, NULL),
(79, 24, -19000.0000, 'ccb8234c794a8fe8c32ab36f6dea8eb2', '2019-01-09 19:10:02', 887, NULL, NULL, NULL, NULL),
(80, 2, 19000.0000, 'b5a553337dddad9785271232f80e53c2', '2019-01-09 19:10:02', 887, NULL, NULL, NULL, NULL),
(81, 15, 0.0000, '502161d14c33fe7aa676ff153a3bd50e', '2019-01-09 19:13:38', 112, NULL, NULL, NULL, NULL),
(82, 5, 0.0000, '93feb7115ff22930741487e6a5ad5b66', '2019-01-09 19:13:38', 112, NULL, NULL, NULL, NULL),
(83, 15, 0.0000, '511209b2d65ee0b6856f2edeb46b6899', '2019-01-09 19:13:38', 114, NULL, NULL, NULL, NULL),
(84, 5, 0.0000, '63fc4cc78f46fad68c5592372714b0ce', '2019-01-09 19:13:38', 114, NULL, NULL, NULL, NULL),
(85, 15, 0.0000, 'fba992d2b3a7b47d9f42b8e5a37b6dea', '2019-01-09 19:13:38', 116, NULL, NULL, NULL, NULL),
(86, 5, 0.0000, '99dc4b1cd103aaf834b67b140ad1d58f', '2019-01-09 19:13:38', 116, NULL, NULL, NULL, NULL),
(87, 15, 0.0000, '0ee30e5246d25b109ec4bbd204b1bf85', '2019-01-09 19:13:38', 404, NULL, NULL, NULL, NULL),
(88, 5, 0.0000, 'e7c532012c58b558cde105be8c9110dc', '2019-01-09 19:13:38', 404, NULL, NULL, NULL, NULL),
(89, 15, 0.0000, 'e05a6f059e96a05e5875d040c35fcc50', '2019-01-09 19:13:38', 406, NULL, NULL, NULL, NULL),
(90, 5, 0.0000, '1423cb44723649aa5d94d3ce7f29c0d7', '2019-01-09 19:13:38', 406, NULL, NULL, NULL, NULL),
(91, 15, 0.0000, '4fb669c755d73a3c36afeaf8d4c35b80', '2019-01-09 19:13:38', 408, NULL, NULL, NULL, NULL),
(92, 5, 0.0000, '88e0412975b8d1b36a8f9d7f81691837', '2019-01-09 19:13:38', 408, NULL, NULL, NULL, NULL),
(93, 15, 0.0000, '3c11926db528ed945e0fc9381ffa9b3d', '2019-01-09 19:13:38', 691, NULL, NULL, NULL, NULL),
(94, 5, 0.0000, '505dd10d80982cf5a80474960fb55c9e', '2019-01-09 19:13:38', 691, NULL, NULL, NULL, NULL),
(95, 15, 0.0000, '0ddfc88fe5a8d14fce5bb389f6106ae2', '2019-01-09 19:13:38', 693, NULL, NULL, NULL, NULL),
(96, 5, 0.0000, '1d721a855ab0625b093302d32f2a1c94', '2019-01-09 19:13:38', 693, NULL, NULL, NULL, NULL),
(97, 15, 0.0000, '1a4227749a94f75186df871abd61799e', '2019-01-09 19:13:38', 695, NULL, NULL, NULL, NULL),
(98, 5, 0.0000, '3ce71cd1a1e8c76f29f6b55a758e8fa5', '2019-01-09 19:13:38', 695, NULL, NULL, NULL, NULL),
(99, 15, 0.0000, 'f8970b8e426f2307b280eb0312c67125', '2019-01-09 19:13:38', 977, NULL, NULL, NULL, NULL),
(100, 5, 0.0000, '0cd3a1cb50fbe175adbc2a02df8069ea', '2019-01-09 19:13:38', 977, NULL, NULL, NULL, NULL),
(101, 15, 0.0000, '64fbc6b85c9513bf93eb536c87403331', '2019-01-09 19:13:38', 979, NULL, NULL, NULL, NULL),
(102, 5, 0.0000, 'f7cb1c3f4b15cb5c2a5aa1819edc988e', '2019-01-09 19:13:38', 979, NULL, NULL, NULL, NULL),
(103, 15, 0.0000, 'bee1994d9585a9ca0d0ff380dfa34ea5', '2019-01-09 19:13:38', 981, NULL, NULL, NULL, NULL),
(104, 5, 0.0000, 'bb69aa6543ef0989c335ab04254ca795', '2019-01-09 19:13:38', 981, NULL, NULL, NULL, NULL),
(105, 15, -438.0000, '09df28cd47be53098506f33324dd1766', '2019-01-09 19:13:38', 270, NULL, NULL, NULL, NULL),
(106, 2, 438.0000, 'ad54a3b16caf4a2fff65cbe878a059b0', '2019-01-09 19:13:38', 270, NULL, NULL, NULL, NULL),
(107, 15, -302.2200, 'f169f96e37f8dd2aed1a17a6c23f0d41', '2019-01-09 19:13:38', 561, NULL, NULL, NULL, NULL),
(108, 2, 302.2200, '4ce978e6efd5918ad6e0b59b4880570f', '2019-01-09 19:13:38', 561, NULL, NULL, NULL, NULL),
(109, 15, -216.0600, 'a799b92995af42f8d28caa8305794621', '2019-01-09 19:13:38', 848, NULL, NULL, NULL, NULL),
(110, 2, 216.0600, 'a55df1b0af4fcb579733a04122564652', '2019-01-09 19:13:38', 848, NULL, NULL, NULL, NULL),
(111, 15, -8760.0000, '93ad9fb8811dc154d5e1348d65dbb28d', '2019-01-09 19:13:39', 9, NULL, NULL, NULL, NULL),
(112, 2, 8760.0000, '357479f6cabf4f893d717c638ea673b5', '2019-01-09 19:13:39', 9, NULL, NULL, NULL, NULL),
(113, 15, -8760.0000, '51dcdca13ef34e762b2d6b9336b27dcd', '2019-01-09 19:13:39', 303, NULL, NULL, NULL, NULL),
(114, 2, 8760.0000, '49f7b29848bcfd01f9d74b1ebf619226', '2019-01-09 19:13:39', 303, NULL, NULL, NULL, NULL),
(115, 15, -11080.0000, 'ad6c9540598dace8d0eafcca1c4ba537', '2019-01-09 19:13:39', 593, NULL, NULL, NULL, NULL),
(116, 2, 11080.0000, 'ad9d6c065d414f5540c9b3ccf2ef6c51', '2019-01-09 19:13:39', 593, NULL, NULL, NULL, NULL),
(117, 15, -11080.0000, '0b8f5574734e3c5d981cb38cee49d350', '2019-01-09 19:13:39', 879, NULL, NULL, NULL, NULL),
(118, 2, 11080.0000, 'eb75e8d97b0733967287fbe7306d32fe', '2019-01-09 19:13:39', 879, NULL, NULL, NULL, NULL),
(119, 1, -500.0000, '4286f3a7ac288e768990aec25c20c5c8', '2019-01-09 19:19:10', NULL, 146, 'Extracción', 1, NULL),
(120, 5, -500.0000, 'f7931fc98802ba0092f35a55dbed2e07', '2019-01-09 19:20:04', 77, NULL, NULL, NULL, NULL),
(121, 6, 500.0000, 'd0da6a686aa61067b420120859f7c696', '2019-01-09 19:20:04', 77, NULL, NULL, NULL, NULL),
(122, 40, -628.8000, 'c05bad539725d6f55d28e75389305702', '2019-01-09 19:34:33', 35, NULL, NULL, NULL, NULL),
(123, 1, 628.8000, '31b538381ff667e7e3f9a6c4ed38b3ec', '2019-01-09 19:34:33', 35, NULL, NULL, NULL, NULL),
(124, 40, -405.0000, '7ed8517702c873806096d2dc733edc3d', '2019-01-09 19:34:33', 37, NULL, NULL, NULL, NULL),
(125, 1, 405.0000, '07bf3f913e8b41264be9d57f5113627b', '2019-01-09 19:34:33', 37, NULL, NULL, NULL, NULL),
(126, 40, -1810.1500, '6651ea4493816c6028ee62f06f3b3bcc', '2019-01-09 19:34:33', 39, NULL, NULL, NULL, NULL),
(127, 1, 1810.1500, 'e1b9869b984cbb70602d008767491aa1', '2019-01-09 19:34:34', 39, NULL, NULL, NULL, NULL),
(128, 40, -391.6500, 'cb336ab73565537939cb7139ac6510e4', '2019-01-09 19:34:34', 41, NULL, NULL, NULL, NULL),
(129, 1, 391.6500, 'c91b295948ddf97dd4243da323034dcb', '2019-01-09 19:34:34', 41, NULL, NULL, NULL, NULL),
(130, 40, -191.1000, 'b20805c4456d19abebd0063bfaa41f3f', '2019-01-09 19:34:34', 43, NULL, NULL, NULL, NULL),
(131, 1, 191.1000, '815bc66b31ef09776b0e619ed3b85460', '2019-01-09 19:34:34', 43, NULL, NULL, NULL, NULL),
(132, 40, -379.5000, 'fcd9f8bd8dc57e3698ebc6d26904ea46', '2019-01-09 19:34:34', 45, NULL, NULL, NULL, NULL),
(133, 1, 379.5000, '7a2d45a59a9f6d945aa527309a9ebf6f', '2019-01-09 19:34:34', 45, NULL, NULL, NULL, NULL),
(134, 40, -625.0000, '5c41a0de05675dd8cb6ecc4d1ded01c9', '2019-01-09 19:34:34', 47, NULL, NULL, NULL, NULL),
(135, 1, 625.0000, '562b8a8b67b53a0ce9767bed6c4748a0', '2019-01-09 19:34:34', 47, NULL, NULL, NULL, NULL),
(136, 40, -575.0000, 'a7ed386571faece680d321db86389ff5', '2019-01-09 19:34:34', 49, NULL, NULL, NULL, NULL),
(137, 1, 575.0000, '308a87c8ae86ab5be16ddb1bd6ab1e37', '2019-01-09 19:34:34', 49, NULL, NULL, NULL, NULL),
(138, 40, -438.0000, '20247ee4998910be8ec8fb598ac4bc4e', '2019-01-09 19:34:34', 51, NULL, NULL, NULL, NULL),
(139, 1, 438.0000, 'f56bb47f714fc03f3c7de44a4ce546b2', '2019-01-09 19:34:34', 51, NULL, NULL, NULL, NULL),
(140, 40, -534.7500, '3be0ebfff3acdd25e0d17d93c187a462', '2019-01-09 19:34:34', 53, NULL, NULL, NULL, NULL),
(141, 1, 534.7500, '1934f54f49bf01ec9ced054d36d0b3f1', '2019-01-09 19:34:34', 53, NULL, NULL, NULL, NULL),
(142, 40, -469.4500, '6f7546ae2f5d3f14148f9c5bae4615da', '2019-01-09 19:34:34', 55, NULL, NULL, NULL, NULL),
(143, 1, 469.4500, 'b3b9c6e023e122659d648485a7ef766e', '2019-01-09 19:34:34', 55, NULL, NULL, NULL, NULL),
(144, 40, -532.5000, '9cf17da221e6742194dd7cceb32f986b', '2019-01-09 19:34:34', 57, NULL, NULL, NULL, NULL),
(145, 1, 532.5000, 'e3d35240fed8045e15209d63decd76c5', '2019-01-09 19:34:34', 57, NULL, NULL, NULL, NULL),
(146, 40, -1025.0000, '9c39f288bb2362e94aec11f916eeb057', '2019-01-09 19:34:34', 59, NULL, NULL, NULL, NULL),
(147, 1, 1025.0000, '8979ea140cd81d7be6ca93f48cb7b26b', '2019-01-09 19:34:34', 59, NULL, NULL, NULL, NULL),
(148, 40, -345.0000, 'cb00ce623cc80651d33e2ee2ee844e6b', '2019-01-09 19:34:34', 61, NULL, NULL, NULL, NULL),
(149, 1, 345.0000, '059d888998f6f150d4ffd485d244b8a5', '2019-01-09 19:34:34', 61, NULL, NULL, NULL, NULL),
(150, 40, -405.0000, '9f446d0470973676c435e1f30d16f22a', '2019-01-09 19:34:34', 63, NULL, NULL, NULL, NULL),
(151, 1, 405.0000, '8ac19b9f2ba7e04c77a0f12ce60dc129', '2019-01-09 19:34:34', 63, NULL, NULL, NULL, NULL),
(152, 40, -628.8000, '8f2e0234cf17793188839f2afc86b3ea', '2019-01-09 19:34:34', 329, NULL, NULL, NULL, NULL),
(153, 1, 628.8000, '2e7374122ca9935b691369510ade994a', '2019-01-09 19:34:34', 329, NULL, NULL, NULL, NULL),
(154, 40, -405.0000, 'bc3dd5cb00d1fed7faf8076bd047ef64', '2019-01-09 19:34:34', 331, NULL, NULL, NULL, NULL),
(155, 1, 405.0000, 'ccb42d4edb27df1577dfcb97fde72423', '2019-01-09 19:34:34', 331, NULL, NULL, NULL, NULL),
(156, 40, -391.6500, '9e74bcca183cd5fc9821677951bdf311', '2019-01-09 19:34:34', 333, NULL, NULL, NULL, NULL),
(157, 1, 391.6500, '1be5df1727e9480cbede8ab3d74d4dd8', '2019-01-09 19:34:34', 333, NULL, NULL, NULL, NULL),
(158, 40, -247.3500, 'bfd344fa9499eac82587521a8b4cf700', '2019-01-09 19:34:34', 335, NULL, NULL, NULL, NULL),
(159, 1, 247.3500, '97cd81de146b644d932720df6f76002b', '2019-01-09 19:34:34', 335, NULL, NULL, NULL, NULL),
(160, 40, -379.5000, 'b52a3d4d61e7f16d12b85d115802d182', '2019-01-09 19:34:34', 337, NULL, NULL, NULL, NULL),
(161, 1, 379.5000, '31e0ea08f8517f051ce9114c78bc37bb', '2019-01-09 19:34:34', 337, NULL, NULL, NULL, NULL),
(162, 40, -625.0000, 'ae6dbe12592e2044f6f3986c250c788f', '2019-01-09 19:34:34', 339, NULL, NULL, NULL, NULL),
(163, 1, 625.0000, '3472e83b584790b624b1bc0711fa6f0d', '2019-01-09 19:34:34', 339, NULL, NULL, NULL, NULL),
(164, 40, -575.0000, '32d47edd4959c3251fc8a8c4474e9313', '2019-01-09 19:34:34', 341, NULL, NULL, NULL, NULL),
(165, 1, 575.0000, '6a60e1ada3e8d66715e3a2f6c10a9be7', '2019-01-09 19:34:34', 341, NULL, NULL, NULL, NULL),
(166, 40, -438.0000, '78d04af778221dc874639ac781a48042', '2019-01-09 19:34:34', 343, NULL, NULL, NULL, NULL),
(167, 1, 438.0000, '18cd1f6c04731dc8ded4141c061ea172', '2019-01-09 19:34:34', 343, NULL, NULL, NULL, NULL),
(168, 40, -534.7500, '978d0cc0b1eaa1b09f331c23f1f884ff', '2019-01-09 19:34:34', 345, NULL, NULL, NULL, NULL),
(169, 1, 534.7500, 'b87d5b075282ce026a693d598ab76937', '2019-01-09 19:34:34', 345, NULL, NULL, NULL, NULL),
(170, 40, -469.4500, 'cfc922b290cc59e48f99a98c1ab52023', '2019-01-09 19:34:34', 347, NULL, NULL, NULL, NULL),
(171, 1, 469.4500, 'b9b0935477ea93ba43e698c96aa60835', '2019-01-09 19:34:34', 347, NULL, NULL, NULL, NULL),
(172, 40, -532.5000, '68d7b438a6d4cbc6f62963ad20d85b18', '2019-01-09 19:34:34', 349, NULL, NULL, NULL, NULL),
(173, 1, 532.5000, '6d8d9399290da67e1e5d49b12a92328b', '2019-01-09 19:34:34', 349, NULL, NULL, NULL, NULL),
(174, 40, -1178.7500, 'd89d1c664b17ba2554507c334f884b77', '2019-01-09 19:34:34', 351, NULL, NULL, NULL, NULL),
(175, 1, 1178.7500, 'c8c8715704f57b6b0fb96c43f1ce80fe', '2019-01-09 19:34:34', 351, NULL, NULL, NULL, NULL),
(176, 40, -396.7500, '4d7f64921fcf44f4189de7205a7a95a8', '2019-01-09 19:34:34', 353, NULL, NULL, NULL, NULL),
(177, 1, 396.7500, '227cadd95f22fd315754af6481b86308', '2019-01-09 19:34:34', 353, NULL, NULL, NULL, NULL),
(178, 40, -405.0000, 'c0b5be18c566800095a57038fba2a055', '2019-01-09 19:34:34', 355, NULL, NULL, NULL, NULL),
(179, 1, 405.0000, '0905eac20a24a09fa3af94ee8d0b456e', '2019-01-09 19:34:34', 355, NULL, NULL, NULL, NULL),
(180, 40, -628.8000, 'e26039b853c751223e835c9af22e0abb', '2019-01-09 19:34:34', 618, NULL, NULL, NULL, NULL),
(181, 1, 628.8000, 'a51e41b12b1a8e72d514c0b06d20733e', '2019-01-09 19:34:34', 618, NULL, NULL, NULL, NULL),
(182, 40, -405.0000, 'bdec2ab11d3b147afaecd7d35175b6f4', '2019-01-09 19:34:34', 620, NULL, NULL, NULL, NULL),
(183, 1, 405.0000, 'ae0c6b8d5c8cea195bb47a5627802b82', '2019-01-09 19:34:34', 620, NULL, NULL, NULL, NULL),
(184, 40, -391.6500, '9f7944f8f16a425ab9bbf0405be4db0a', '2019-01-09 19:34:34', 622, NULL, NULL, NULL, NULL),
(185, 1, 391.6500, '19c0994cc310463a0385d5e4e4303c53', '2019-01-09 19:34:34', 622, NULL, NULL, NULL, NULL),
(186, 40, -247.3500, 'add46a814aacb8b9f3149a335606db37', '2019-01-09 19:34:34', 624, NULL, NULL, NULL, NULL),
(187, 1, 247.3500, 'c64baca6a86dd62b25c8b2b15a088608', '2019-01-09 19:34:34', 624, NULL, NULL, NULL, NULL),
(188, 40, -379.5000, 'cc3c04dce0a19d5573653e9130c20422', '2019-01-09 19:34:34', 626, NULL, NULL, NULL, NULL),
(189, 1, 379.5000, 'b4cb51de2f354fca5a84ff0064c80bd8', '2019-01-09 19:34:34', 626, NULL, NULL, NULL, NULL),
(190, 40, -625.0000, 'f563fc4a0b4c7fd7099615fe8e84d8e8', '2019-01-09 19:34:34', 628, NULL, NULL, NULL, NULL),
(191, 1, 625.0000, '941c1b43cda6cf31d783a8979d5b03ce', '2019-01-09 19:34:34', 628, NULL, NULL, NULL, NULL),
(192, 40, -575.0000, '78c5afa63edf634ffbc089ed03341be2', '2019-01-09 19:34:34', 630, NULL, NULL, NULL, NULL),
(193, 1, 575.0000, '8e68d21d5624c7face9a816418b4371f', '2019-01-09 19:34:34', 630, NULL, NULL, NULL, NULL),
(194, 40, -554.0000, '0b01bb9753e7e67a8d54b9183881ecb5', '2019-01-09 19:34:34', 632, NULL, NULL, NULL, NULL),
(195, 1, 554.0000, '93d471a8728a06ab8b0e1b76d9fbb82a', '2019-01-09 19:34:34', 632, NULL, NULL, NULL, NULL),
(196, 40, -534.7500, '3db740fdf1bb9bab1b5a5d89d79e1ac9', '2019-01-09 19:34:34', 634, NULL, NULL, NULL, NULL),
(197, 1, 534.7500, '949d1dd9cba6fd1bc207a857514bf2d9', '2019-01-09 19:34:34', 634, NULL, NULL, NULL, NULL),
(198, 40, -469.4500, 'c260871e47e7d7bdd5e0e58a7226db63', '2019-01-09 19:34:34', 636, NULL, NULL, NULL, NULL),
(199, 1, 469.4500, 'b23f4aac6add230aede524260e56a304', '2019-01-09 19:34:34', 636, NULL, NULL, NULL, NULL),
(200, 40, -1178.7500, '495ccad0649671fe02725aa23025fe65', '2019-01-09 19:34:34', 638, NULL, NULL, NULL, NULL),
(201, 1, 1178.7500, 'ec52d46bf1c9430c2db4dbbfbdc8da8d', '2019-01-09 19:34:34', 638, NULL, NULL, NULL, NULL),
(202, 40, -396.7500, '40bd80c556a67dda5981fb01cd5766e6', '2019-01-09 19:34:34', 640, NULL, NULL, NULL, NULL),
(203, 1, 396.7500, '3249c34f6de479c3ab650d66cbcaaa94', '2019-01-09 19:34:34', 640, NULL, NULL, NULL, NULL),
(204, 40, -405.0000, '8c1ae6c6b0278269aca3885adfef2752', '2019-01-09 19:34:34', 642, NULL, NULL, NULL, NULL),
(205, 1, 405.0000, '08c414b1b5dad3ec6f064b373941a2a4', '2019-01-09 19:34:34', 642, NULL, NULL, NULL, NULL),
(206, 40, -628.8000, '281259152cb36a0e5c64bff2fb7dfde1', '2019-01-09 19:34:34', 904, NULL, NULL, NULL, NULL),
(207, 1, 628.8000, '2f16bae17ae6b7f7e0b6a6f780ec419b', '2019-01-09 19:34:34', 904, NULL, NULL, NULL, NULL),
(208, 40, -405.0000, '10360c64579ef503068ab689cb44dd56', '2019-01-09 19:34:34', 906, NULL, NULL, NULL, NULL),
(209, 1, 405.0000, '0a39beb705889ee85c0c9fbcaaec28d8', '2019-01-09 19:34:34', 906, NULL, NULL, NULL, NULL),
(210, 40, -391.6500, 'cf1aa7d0425ffaeefa3384594dcf2a53', '2019-01-09 19:34:34', 908, NULL, NULL, NULL, NULL),
(211, 1, 391.6500, '576d2e8ee4cbf7732f226ac34c4f2493', '2019-01-09 19:34:34', 908, NULL, NULL, NULL, NULL),
(212, 40, -247.3500, '3441e8ccc1893de3a0ff5b86284a4bb3', '2019-01-09 19:34:34', 910, NULL, NULL, NULL, NULL),
(213, 1, 247.3500, '4851af02fc210a7abaa78ce7cffa2808', '2019-01-09 19:34:34', 910, NULL, NULL, NULL, NULL),
(214, 40, -379.5000, 'b89d73f8e99da9259ab350e8b93e354f', '2019-01-09 19:34:34', 912, NULL, NULL, NULL, NULL),
(215, 1, 379.5000, 'd7611e4ec699830c7b3e65de543e2705', '2019-01-09 19:34:34', 912, NULL, NULL, NULL, NULL),
(216, 40, -625.0000, 'a55c1cec1b7c35a90441df5116cf06a9', '2019-01-09 19:34:34', 914, NULL, NULL, NULL, NULL),
(217, 1, 625.0000, '2b44ddaa632ce4d58a6019f46ec2c7fb', '2019-01-09 19:34:34', 914, NULL, NULL, NULL, NULL),
(218, 40, -575.0000, '63877d04288b1925bdbdd0bfce419430', '2019-01-09 19:34:34', 916, NULL, NULL, NULL, NULL),
(219, 1, 575.0000, 'f95b52c38f924a8fda96ab4431e81049', '2019-01-09 19:34:34', 916, NULL, NULL, NULL, NULL),
(220, 40, -554.0000, '6d773328a73c40393c8c419d0e51bd65', '2019-01-09 19:34:34', 918, NULL, NULL, NULL, NULL),
(221, 1, 554.0000, 'c50ee83e336879fcde35eb7dea0866aa', '2019-01-09 19:34:34', 918, NULL, NULL, NULL, NULL),
(222, 40, -534.7500, '9ee4f1be6f847f34968826dfbf2fce33', '2019-01-09 19:34:34', 920, NULL, NULL, NULL, NULL),
(223, 1, 534.7500, '07447ee485634c65adb974b674cc3081', '2019-01-09 19:34:34', 920, NULL, NULL, NULL, NULL),
(224, 40, -539.8500, '1f85ea67533c2cc28eb4043a3f2bdae7', '2019-01-09 19:34:34', 922, NULL, NULL, NULL, NULL),
(225, 1, 539.8500, '910e33466fa702f4a1901e5daac45b61', '2019-01-09 19:34:34', 922, NULL, NULL, NULL, NULL),
(226, 40, -1178.7500, '3be48b47afea81598c78a0256f2d15bd', '2019-01-09 19:34:34', 924, NULL, NULL, NULL, NULL),
(227, 1, 1178.7500, '5472ec32be17a8fc1dec5ccd889b39bc', '2019-01-09 19:34:34', 924, NULL, NULL, NULL, NULL),
(228, 40, -396.7500, '95af8670870968e5cc0dc609cb1657af', '2019-01-09 19:34:34', 926, NULL, NULL, NULL, NULL),
(229, 1, 396.7500, '58ff3746542509c843e36fe65cde5341', '2019-01-09 19:34:34', 926, NULL, NULL, NULL, NULL),
(230, 40, -405.0000, '07aeabe876396f180dbb90e310b657cf', '2019-01-09 19:34:34', 928, NULL, NULL, NULL, NULL),
(231, 1, 405.0000, '974ccb2edc8134ec5dc08f29ce6f216c', '2019-01-09 19:34:34', 928, NULL, NULL, NULL, NULL),
(232, 40, 0.0000, '265dac9766b37749066fe290b4167c9d', '2019-01-09 19:34:34', 136, NULL, NULL, NULL, NULL),
(233, 5, 0.0000, 'fb514b5f6ed2eb2850cf02c2a8b85c64', '2019-01-09 19:34:34', 136, NULL, NULL, NULL, NULL),
(234, 40, 0.0000, '411f56a2f25c019d4e611b701c40afb2', '2019-01-09 19:34:34', 138, NULL, NULL, NULL, NULL),
(235, 5, 0.0000, '82e12060a4b88c345712256c7aa2c80c', '2019-01-09 19:34:34', 138, NULL, NULL, NULL, NULL),
(236, 40, 0.0000, '1171c60ce98014db511ddc719c4cac57', '2019-01-09 19:34:34', 140, NULL, NULL, NULL, NULL),
(237, 5, 0.0000, 'b54e8ee9fe82707f01268bff76c102ed', '2019-01-09 19:34:34', 140, NULL, NULL, NULL, NULL),
(238, 40, 0.0000, 'a86efd04e293551b2f8b24ead93d1c05', '2019-01-09 19:34:34', 368, NULL, NULL, NULL, NULL),
(239, 5, 0.0000, 'fe50eedbb1a0704c5921651bdd80e249', '2019-01-09 19:34:34', 368, NULL, NULL, NULL, NULL),
(240, 40, 0.0000, 'a08f13a44049e569a1649e4c1a9a1c36', '2019-01-09 19:34:34', 370, NULL, NULL, NULL, NULL),
(241, 5, 0.0000, 'e441f8dfdfbbbc46ec1e6aa8c7c1c65c', '2019-01-09 19:34:34', 370, NULL, NULL, NULL, NULL),
(242, 40, 0.0000, 'e3fb8d895cbd8190b6db5f5f57ddf0e3', '2019-01-09 19:34:34', 372, NULL, NULL, NULL, NULL),
(243, 5, 0.0000, 'ff7ec356b77b1c76fa072eb343662667', '2019-01-09 19:34:34', 372, NULL, NULL, NULL, NULL),
(244, 40, 0.0000, '352b0527eba5e7305e4fa9ae8e8e9ae9', '2019-01-09 19:34:34', 428, NULL, NULL, NULL, NULL),
(245, 5, 0.0000, '3e869ab0ddd07b29c903165eef20a8a8', '2019-01-09 19:34:34', 428, NULL, NULL, NULL, NULL),
(246, 40, 0.0000, '3a217ff667d4aac2358f291313d54e04', '2019-01-09 19:34:34', 430, NULL, NULL, NULL, NULL),
(247, 5, 0.0000, 'b03dcd92a51d01adcf7867d163def177', '2019-01-09 19:34:34', 430, NULL, NULL, NULL, NULL),
(248, 40, 0.0000, '128b70a1d634debacc2d7f332d1414d5', '2019-01-09 19:34:34', 432, NULL, NULL, NULL, NULL),
(249, 5, 0.0000, '9ac07e7dc05b0ed8cf0486d3e4ed8c72', '2019-01-09 19:34:34', 432, NULL, NULL, NULL, NULL),
(250, 40, 0.0000, '280895843c953b6e9fe3fe76e93243cd', '2019-01-09 19:34:34', 655, NULL, NULL, NULL, NULL),
(251, 5, 0.0000, '7c0bce5db26e3e2e40c62c67093d735e', '2019-01-09 19:34:34', 655, NULL, NULL, NULL, NULL),
(252, 40, 0.0000, '45e47c0c8732a9dce668da263cac30c7', '2019-01-09 19:34:34', 657, NULL, NULL, NULL, NULL),
(253, 5, 0.0000, '5b76df6f0190274cb75cbf485ff39ffc', '2019-01-09 19:34:34', 657, NULL, NULL, NULL, NULL),
(254, 40, 0.0000, 'd97a5de92c8ad0cff10d3093747c4459', '2019-01-09 19:34:34', 659, NULL, NULL, NULL, NULL),
(255, 5, 0.0000, '240955428f507c2bcde712785d95e24c', '2019-01-09 19:34:34', 659, NULL, NULL, NULL, NULL),
(256, 40, 0.0000, 'ad69f35e059e6e0800c78fe306813b76', '2019-01-09 19:34:34', 709, NULL, NULL, NULL, NULL),
(257, 5, 0.0000, '7cd3e9270df6888a1f65d509231fcd2c', '2019-01-09 19:34:34', 709, NULL, NULL, NULL, NULL),
(258, 40, 0.0000, '157a24a831d9934a3f4fee414ae7e841', '2019-01-09 19:34:34', 711, NULL, NULL, NULL, NULL),
(259, 5, 0.0000, '2acdaf7e2d92957f9a9d4c3fe368c49c', '2019-01-09 19:34:34', 711, NULL, NULL, NULL, NULL),
(260, 40, 0.0000, '138241cb6b268c1118558a80e014cf18', '2019-01-09 19:34:34', 713, NULL, NULL, NULL, NULL),
(261, 5, 0.0000, '3589f02f598551061b4c226baa1e935c', '2019-01-09 19:34:34', 713, NULL, NULL, NULL, NULL),
(262, 40, 0.0000, 'd596a5458139bfad6d32e90a3c212307', '2019-01-09 19:34:34', 715, NULL, NULL, NULL, NULL),
(263, 5, 0.0000, '3a1b08dce44bd65639ef943c3096ce04', '2019-01-09 19:34:34', 715, NULL, NULL, NULL, NULL),
(264, 40, 0.0000, '32d5b44b8592b3327ce93c0210ea5e83', '2019-01-09 19:34:34', 717, NULL, NULL, NULL, NULL),
(265, 5, 0.0000, 'c6c8bc08ffdcaa0c1971393b01aab231', '2019-01-09 19:34:34', 717, NULL, NULL, NULL, NULL),
(266, 40, 0.0000, '250dadef8c1a1a7651572cf5d05a7624', '2019-01-09 19:34:34', 719, NULL, NULL, NULL, NULL),
(267, 5, 0.0000, '1ffc7430042200e97c79d1b0bd4728d9', '2019-01-09 19:34:34', 719, NULL, NULL, NULL, NULL),
(268, 40, 0.0000, '8e234d0b845ddecef28c81a0ea932120', '2019-01-09 19:34:35', 941, NULL, NULL, NULL, NULL),
(269, 5, 0.0000, 'd0512e1d504867274bed3a4226389c5e', '2019-01-09 19:34:35', 941, NULL, NULL, NULL, NULL),
(270, 40, 0.0000, 'eb915df6c91e7bd6fdacdc8daf7aac8e', '2019-01-09 19:34:35', 943, NULL, NULL, NULL, NULL),
(271, 5, 0.0000, '5101babd7c65c37f90ea828a9901b0dd', '2019-01-09 19:34:35', 943, NULL, NULL, NULL, NULL),
(272, 40, 0.0000, '11ac84db188bf857be0b49eb7b920454', '2019-01-09 19:34:35', 945, NULL, NULL, NULL, NULL),
(273, 5, 0.0000, '6cd40242829deb4820e7c671938fce27', '2019-01-09 19:34:35', 945, NULL, NULL, NULL, NULL),
(274, 40, 0.0000, 'b1f54544ee1a2b01479ce560ac40bef1', '2019-01-09 19:34:35', 995, NULL, NULL, NULL, NULL),
(275, 5, 0.0000, '6b354de95536788e88ada9dade3e11b9', '2019-01-09 19:34:35', 995, NULL, NULL, NULL, NULL),
(276, 40, 0.0000, '9901154c90498f17c9e041d59ed646eb', '2019-01-09 19:34:35', 997, NULL, NULL, NULL, NULL),
(277, 5, 0.0000, '20145ba4d0764d031bfde98523543d46', '2019-01-09 19:34:35', 997, NULL, NULL, NULL, NULL),
(278, 40, 0.0000, 'e6f6fd270ac571a2727c840b8c1925aa', '2019-01-09 19:34:35', 999, NULL, NULL, NULL, NULL),
(279, 5, 0.0000, 'e9c7d9a026a178eca596406c6b669221', '2019-01-09 19:34:35', 999, NULL, NULL, NULL, NULL),
(280, 40, 0.0000, '66768e3b9f34077e0435ccc8aba70f46', '2019-01-09 19:34:35', 1001, NULL, NULL, NULL, NULL),
(281, 5, 0.0000, 'aa219cbd7ffb24c2b55a5e64c6f1cf92', '2019-01-09 19:34:35', 1001, NULL, NULL, NULL, NULL),
(282, 40, 0.0000, '3355b2f4d05427f0910892c2789dbcc1', '2019-01-09 19:34:35', 1003, NULL, NULL, NULL, NULL),
(283, 5, 0.0000, '7d857ebc89a507859bcfe492ae29a0f8', '2019-01-09 19:34:35', 1003, NULL, NULL, NULL, NULL),
(284, 40, 0.0000, '37c78a0dad759ae5f91da9742424c443', '2019-01-09 19:34:35', 1005, NULL, NULL, NULL, NULL),
(285, 5, 0.0000, 'bc655e3042376be7b475c024b98fcb27', '2019-01-09 19:34:35', 1005, NULL, NULL, NULL, NULL),
(286, 2, -12576.0000, '0a9bb9704dd72b59cae1a08f1a7962ac', '2019-01-09 19:34:35', 34, NULL, NULL, NULL, NULL),
(287, 40, 12576.0000, '0a3fa58ee152a0d528dd39a46ce9aa3a', '2019-01-09 19:34:35', 34, NULL, NULL, NULL, NULL),
(288, 2, -8100.0000, 'f8e1a4c555cacbac18c8a414d70a2fa3', '2019-01-09 19:34:35', 36, NULL, NULL, NULL, NULL),
(289, 40, 8100.0000, '6c870f76c01be8fe9300d1dcc32feab7', '2019-01-09 19:34:35', 36, NULL, NULL, NULL, NULL),
(290, 2, -36203.0000, '393e2c76e96fa93a39dba5f5f014ef8c', '2019-01-09 19:34:35', 38, NULL, NULL, NULL, NULL),
(291, 40, 36203.0000, '24509d66a4c4571286ad229525d0e5e4', '2019-01-09 19:34:35', 38, NULL, NULL, NULL, NULL),
(292, 2, -7833.0000, 'e0f72bf69515edf3a2f277276c710b6b', '2019-01-09 19:34:35', 40, NULL, NULL, NULL, NULL),
(293, 40, 7833.0000, '835fbb8675aa896c38fe942d8169c2fd', '2019-01-09 19:34:35', 40, NULL, NULL, NULL, NULL),
(294, 2, -3822.0000, '156de415c43cf97e94d107fb4213a524', '2019-01-09 19:34:35', 42, NULL, NULL, NULL, NULL),
(295, 40, 3822.0000, '75abbe3b25f6487961c27bbadaf64d7b', '2019-01-09 19:34:35', 42, NULL, NULL, NULL, NULL),
(296, 2, -7590.0000, 'f0b84c82e0cc4220d9e56bb4b0ee32f0', '2019-01-09 19:34:35', 44, NULL, NULL, NULL, NULL),
(297, 40, 7590.0000, 'ce56c031ed9c9090b30706c5f70c84c7', '2019-01-09 19:34:35', 44, NULL, NULL, NULL, NULL),
(298, 2, -12500.0000, '1c46277f3c69ab0dcdd76791bd8d2225', '2019-01-09 19:34:35', 46, NULL, NULL, NULL, NULL),
(299, 40, 12500.0000, 'd4fd2c59771877b0dafbbfd513d86914', '2019-01-09 19:34:35', 46, NULL, NULL, NULL, NULL),
(300, 2, -11500.0000, '18601c0ecf413b92376e4f09b396c0b1', '2019-01-09 19:34:35', 48, NULL, NULL, NULL, NULL),
(301, 40, 11500.0000, '4642a6bc45c308fd5fbb6aec724b6710', '2019-01-09 19:34:35', 48, NULL, NULL, NULL, NULL),
(302, 2, -8760.0000, 'b82251c25242d6f4662b701ac033d8e7', '2019-01-09 19:34:35', 50, NULL, NULL, NULL, NULL),
(303, 40, 8760.0000, '6bb33a52a07fbb84036bb41b7003ed33', '2019-01-09 19:34:35', 50, NULL, NULL, NULL, NULL),
(304, 2, -10695.0000, '7abdfe1fe49a61ba017771a7eb07e157', '2019-01-09 19:34:35', 52, NULL, NULL, NULL, NULL),
(305, 40, 10695.0000, '9d25aae6319d7f9e2c55a2a7ae0ad99f', '2019-01-09 19:34:35', 52, NULL, NULL, NULL, NULL),
(306, 2, -9389.0000, '3ecebe81d2b4ab0695a70705666908b6', '2019-01-09 19:34:35', 54, NULL, NULL, NULL, NULL),
(307, 40, 9389.0000, 'b445b099ea15af4c8ab981f576b76894', '2019-01-09 19:34:35', 54, NULL, NULL, NULL, NULL),
(308, 2, -10650.0000, '5da2752e8389351ac7e9754f622655c7', '2019-01-09 19:34:35', 56, NULL, NULL, NULL, NULL),
(309, 40, 10650.0000, 'c276e008e3058bdc3a7e93c5cf520e4f', '2019-01-09 19:34:35', 56, NULL, NULL, NULL, NULL),
(310, 2, -20500.0000, '9dcf5edc92981a50e339ec5956e49413', '2019-01-09 19:34:35', 58, NULL, NULL, NULL, NULL),
(311, 40, 20500.0000, '2c98fe77ce67cf87e6701d67f878211b', '2019-01-09 19:34:35', 58, NULL, NULL, NULL, NULL),
(312, 2, -6900.0000, 'c77eb81dcf4bd39400f228463ddf948b', '2019-01-09 19:34:35', 60, NULL, NULL, NULL, NULL),
(313, 40, 6900.0000, '78894e88a0f443bf868bcf29c88604de', '2019-01-09 19:34:35', 60, NULL, NULL, NULL, NULL),
(314, 2, -8100.0000, 'f4d4c35f11291c4bbfb28d1e85ed5605', '2019-01-09 19:34:35', 62, NULL, NULL, NULL, NULL),
(315, 40, 8100.0000, '939b86cd43336703cf5cb12b7b5d52ea', '2019-01-09 19:34:35', 62, NULL, NULL, NULL, NULL),
(316, 2, -12576.0000, '7218fcd20670158fbd28ea9fa1b401ba', '2019-01-09 19:34:35', 328, NULL, NULL, NULL, NULL),
(317, 40, 12576.0000, '7b8dd5ecdcb5cb38506e3fa68d5498e1', '2019-01-09 19:34:35', 328, NULL, NULL, NULL, NULL),
(318, 2, -8100.0000, 'aeed21c68341b38ff097a4bfd66ccbc9', '2019-01-09 19:34:35', 330, NULL, NULL, NULL, NULL),
(319, 40, 8100.0000, '7cc75737e5b15f256ba94935577ae237', '2019-01-09 19:34:35', 330, NULL, NULL, NULL, NULL),
(320, 2, -7833.0000, '283ad9fbf4e960b37602e88fb8934196', '2019-01-09 19:34:35', 332, NULL, NULL, NULL, NULL),
(321, 40, 7833.0000, '72acf977cb709f6afeac904c73d64bbd', '2019-01-09 19:34:35', 332, NULL, NULL, NULL, NULL),
(322, 2, -4947.0000, 'e38126e2554d96f98cd3662c18b30f9c', '2019-01-09 19:34:35', 334, NULL, NULL, NULL, NULL),
(323, 40, 4947.0000, '9d92f618a321a2f328c22a84332f4618', '2019-01-09 19:34:35', 334, NULL, NULL, NULL, NULL),
(324, 2, -7590.0000, 'a3b70579538632d6ad7f3ebd3824f8e2', '2019-01-09 19:34:35', 336, NULL, NULL, NULL, NULL),
(325, 40, 7590.0000, '5a1a39b5c9eb9c0fc5d123d25904f27b', '2019-01-09 19:34:35', 336, NULL, NULL, NULL, NULL),
(326, 2, -12500.0000, '525b71c13a838b49781b5736c005ed76', '2019-01-09 19:34:35', 338, NULL, NULL, NULL, NULL),
(327, 40, 12500.0000, '553b7733c23d26aa33cf3a34a0fb03f2', '2019-01-09 19:34:35', 338, NULL, NULL, NULL, NULL),
(328, 2, -11500.0000, 'dd918d232df24605b132de14833b63be', '2019-01-09 19:34:35', 340, NULL, NULL, NULL, NULL),
(329, 40, 11500.0000, 'e52c40cd7772d8ab81ca72bb5d0141e0', '2019-01-09 19:34:35', 340, NULL, NULL, NULL, NULL),
(330, 2, -8760.0000, '54d74664c65fcbbac78563e795c7c506', '2019-01-09 19:34:35', 342, NULL, NULL, NULL, NULL),
(331, 40, 8760.0000, 'ccb2c6e55bf40321fe865023fc06f0c8', '2019-01-09 19:34:35', 342, NULL, NULL, NULL, NULL),
(332, 2, -10695.0000, '5084ba9dbf9e836f98ee836d4c565c09', '2019-01-09 19:34:35', 344, NULL, NULL, NULL, NULL),
(333, 40, 10695.0000, '8327be7087f495dcf582a4e37bc7e5bb', '2019-01-09 19:34:35', 344, NULL, NULL, NULL, NULL),
(334, 2, -9389.0000, '41c82acd510c3e8e77a7553a0176572e', '2019-01-09 19:34:35', 346, NULL, NULL, NULL, NULL),
(335, 40, 9389.0000, 'd6a6c417d8d7d06b82469fc14c7091a0', '2019-01-09 19:34:35', 346, NULL, NULL, NULL, NULL),
(336, 2, -10650.0000, 'c2fdab32430cf4c805bfcec0c14d857a', '2019-01-09 19:34:35', 348, NULL, NULL, NULL, NULL),
(337, 40, 10650.0000, '8c2e466321ff77b91ef65782274a95ed', '2019-01-09 19:34:35', 348, NULL, NULL, NULL, NULL),
(338, 2, -23575.0000, '4ab8b9b7f7cf3362f6e82cdd4939f9a9', '2019-01-09 19:34:35', 350, NULL, NULL, NULL, NULL),
(339, 40, 23575.0000, '80c2c78616f1b6ea6925f19a94f65ab2', '2019-01-09 19:34:35', 350, NULL, NULL, NULL, NULL),
(340, 2, -7935.0000, 'e0a6214c03e06907c5bc3745af6405e8', '2019-01-09 19:34:35', 352, NULL, NULL, NULL, NULL),
(341, 40, 7935.0000, 'ffc05cab598fe00dcb21139c5ae40738', '2019-01-09 19:34:35', 352, NULL, NULL, NULL, NULL),
(342, 2, -8100.0000, 'f2a2cb3d8700b8d90a2f81e538c1ed8e', '2019-01-09 19:34:35', 354, NULL, NULL, NULL, NULL),
(343, 40, 8100.0000, '80e04e46781e0e49bed612ececaa1556', '2019-01-09 19:34:35', 354, NULL, NULL, NULL, NULL),
(344, 2, -12576.0000, '231b24fa816b94e612f02fde9d8c9324', '2019-01-09 19:34:35', 617, NULL, NULL, NULL, NULL),
(345, 40, 12576.0000, '0377b2d58013ffc000480ae6ac6a4b63', '2019-01-09 19:34:35', 617, NULL, NULL, NULL, NULL),
(346, 2, -8100.0000, '744f7a6f41e493d8b1a4a286069b791c', '2019-01-09 19:34:35', 619, NULL, NULL, NULL, NULL),
(347, 40, 8100.0000, '266185520754fdb7a0a597cdb26c5801', '2019-01-09 19:34:35', 619, NULL, NULL, NULL, NULL),
(348, 2, -7833.0000, 'fd31ff4509acea5ca19b43990667e07d', '2019-01-09 19:34:35', 621, NULL, NULL, NULL, NULL),
(349, 40, 7833.0000, '370fece6ba0ffb5cbcece01231e10e97', '2019-01-09 19:34:35', 621, NULL, NULL, NULL, NULL),
(350, 2, -4947.0000, '8041e370bc1077dc10c54e6472b7188f', '2019-01-09 19:34:35', 623, NULL, NULL, NULL, NULL),
(351, 40, 4947.0000, '970ef0652fc62f653ae29dca32694120', '2019-01-09 19:34:35', 623, NULL, NULL, NULL, NULL),
(352, 2, -7590.0000, '110dad636b17a327d5ccd6e5e54a538d', '2019-01-09 19:34:35', 625, NULL, NULL, NULL, NULL),
(353, 40, 7590.0000, 'b8166ad5f226f80d849f749014cbb643', '2019-01-09 19:34:35', 625, NULL, NULL, NULL, NULL),
(354, 2, -12500.0000, 'da2990290c350fa972ae717a0ac1f744', '2019-01-09 19:34:35', 627, NULL, NULL, NULL, NULL),
(355, 40, 12500.0000, '9b784b6ee2277467cda665d0a406249f', '2019-01-09 19:34:35', 627, NULL, NULL, NULL, NULL),
(356, 2, -11500.0000, '09415c7773f7429a538ee57cc095341f', '2019-01-09 19:34:35', 629, NULL, NULL, NULL, NULL),
(357, 40, 11500.0000, 'f4a68bd254728040bc580a5bca475fe6', '2019-01-09 19:34:35', 629, NULL, NULL, NULL, NULL),
(358, 2, -11080.0000, '7e505701e5ee1e615f692570bc0dcff4', '2019-01-09 19:34:35', 631, NULL, NULL, NULL, NULL),
(359, 40, 11080.0000, 'cfa32535c251b8a036c4c9fb187d97b1', '2019-01-09 19:34:35', 631, NULL, NULL, NULL, NULL),
(360, 2, -10695.0000, 'd06543d756a564a44d95dffb74bcb5a9', '2019-01-09 19:34:35', 633, NULL, NULL, NULL, NULL),
(361, 40, 10695.0000, '038cd394275fcdd3616a4c7bd5473297', '2019-01-09 19:34:35', 633, NULL, NULL, NULL, NULL),
(362, 2, -9389.0000, 'b7eb9a0f27b2d7518339122f67e70f11', '2019-01-09 19:34:35', 635, NULL, NULL, NULL, NULL),
(363, 40, 9389.0000, 'd3533691e6a9eca437a3b44bbb2e8fc3', '2019-01-09 19:34:35', 635, NULL, NULL, NULL, NULL),
(364, 2, -23575.0000, '23459b48a6c33c5594dda47cc689233f', '2019-01-09 19:34:35', 637, NULL, NULL, NULL, NULL),
(365, 40, 23575.0000, '224f4b3a6194a87421a93566b785e368', '2019-01-09 19:34:35', 637, NULL, NULL, NULL, NULL),
(366, 2, -7935.0000, 'cff5a084ff1eac3d83f10283f8fe4f4e', '2019-01-09 19:34:35', 639, NULL, NULL, NULL, NULL),
(367, 40, 7935.0000, '2be85626ad055e39858951254324eb52', '2019-01-09 19:34:35', 639, NULL, NULL, NULL, NULL),
(368, 2, -8100.0000, '61e00a35690c28977ffc925e78dc9369', '2019-01-09 19:34:35', 641, NULL, NULL, NULL, NULL),
(369, 40, 8100.0000, '90ac02c36236dbef7e09b0330411846a', '2019-01-09 19:34:35', 641, NULL, NULL, NULL, NULL),
(370, 2, -12576.0000, 'af99c26406972ba7116922961a673a2f', '2019-01-09 19:34:35', 903, NULL, NULL, NULL, NULL),
(371, 40, 12576.0000, 'c0ec5cb1fb893f4c6e27b02320086107', '2019-01-09 19:34:35', 903, NULL, NULL, NULL, NULL),
(372, 2, -8100.0000, 'e005b3c53f9bc751e096c53ff5e7a1ea', '2019-01-09 19:34:35', 905, NULL, NULL, NULL, NULL),
(373, 40, 8100.0000, 'bc99ca765509761037e5e0ea78c0c909', '2019-01-09 19:34:35', 905, NULL, NULL, NULL, NULL),
(374, 2, -7833.0000, '0a37eba0891c4338fe92bddb540cefca', '2019-01-09 19:34:35', 907, NULL, NULL, NULL, NULL),
(375, 40, 7833.0000, '61c95964b52c3d0ae3cde61c849aef53', '2019-01-09 19:34:35', 907, NULL, NULL, NULL, NULL),
(376, 2, -4947.0000, 'f885e68b6ca82c5b92277fb9050cccfb', '2019-01-09 19:34:35', 909, NULL, NULL, NULL, NULL),
(377, 40, 4947.0000, '2cc2034e71419437611588086f2b2dd3', '2019-01-09 19:34:35', 909, NULL, NULL, NULL, NULL),
(378, 2, -7590.0000, 'dfd8a9df119251473d241faf29d918af', '2019-01-09 19:34:35', 911, NULL, NULL, NULL, NULL),
(379, 40, 7590.0000, 'f594cab7e029c255b7403897d3b7e7b5', '2019-01-09 19:34:35', 911, NULL, NULL, NULL, NULL),
(380, 2, -12500.0000, 'e41528eb28221c630a3d9784ccd2ee2f', '2019-01-09 19:34:35', 913, NULL, NULL, NULL, NULL),
(381, 40, 12500.0000, '2eb7e64485a08339e64654090a7f2fac', '2019-01-09 19:34:35', 913, NULL, NULL, NULL, NULL),
(382, 19, 0.0000, 'd9a63ca42058836ef49c0e30893063c6', '2019-01-09 19:37:21', 142, NULL, NULL, NULL, NULL),
(383, 5, 0.0000, '5f0c87d7b04198efd85d6adae4367f11', '2019-01-09 19:37:21', 142, NULL, NULL, NULL, NULL),
(384, 19, 0.0000, '28ae00671a5126aad594d3f56adb41a3', '2019-01-09 19:37:21', 144, NULL, NULL, NULL, NULL),
(385, 5, 0.0000, 'c4919b1fac31c18826e7add2f4bdb201', '2019-01-09 19:37:21', 144, NULL, NULL, NULL, NULL),
(386, 19, 0.0000, '101caa0311c85c1d87c05de81fd6b438', '2019-01-09 19:37:21', 146, NULL, NULL, NULL, NULL),
(387, 5, 0.0000, '1de9055e627c8bffa56b622c7a2a41a4', '2019-01-09 19:37:21', 146, NULL, NULL, NULL, NULL),
(388, 19, 0.0000, 'f1c7f0b462cf933e3115b070cca37946', '2019-01-09 19:37:21', 434, NULL, NULL, NULL, NULL),
(389, 5, 0.0000, 'ce90500cdcf3d3d6e859101805297813', '2019-01-09 19:37:21', 434, NULL, NULL, NULL, NULL),
(390, 19, 0.0000, '2b1c01b597f58beaf78e08d947b79352', '2019-01-09 19:37:21', 436, NULL, NULL, NULL, NULL),
(391, 5, 0.0000, '41528a3f0bf63cd1ab5266752040c84d', '2019-01-09 19:37:21', 436, NULL, NULL, NULL, NULL),
(392, 19, 0.0000, '05d390c853ff1b661edb7bf20d06dd71', '2019-01-09 19:37:21', 438, NULL, NULL, NULL, NULL),
(393, 5, 0.0000, '4c3e69a2be2769b1df67be4457fbe850', '2019-01-09 19:37:21', 438, NULL, NULL, NULL, NULL),
(394, 19, 0.0000, 'daf8017ba2e090cb3882ca00e025a140', '2019-01-09 19:37:21', 721, NULL, NULL, NULL, NULL),
(395, 5, 0.0000, '554ad53833a5ded6fd808d336259266f', '2019-01-09 19:37:21', 721, NULL, NULL, NULL, NULL),
(396, 19, 0.0000, '31391f9e88873c0da54aa9334c75a9cc', '2019-01-09 19:37:21', 723, NULL, NULL, NULL, NULL),
(397, 5, 0.0000, 'bf53e24607d912e8aa76d522b303a2b6', '2019-01-09 19:37:21', 723, NULL, NULL, NULL, NULL),
(398, 19, 0.0000, '2c7677a3d651e554669e6ae49dd8b9cb', '2019-01-09 19:37:21', 725, NULL, NULL, NULL, NULL),
(399, 5, 0.0000, '718898b0a6cb176bbfab5b4ab0304515', '2019-01-09 19:37:21', 725, NULL, NULL, NULL, NULL),
(400, 19, 0.0000, '95191e8929ef86a234fa88d52d3edc85', '2019-01-09 19:37:21', 1007, NULL, NULL, NULL, NULL),
(401, 5, 0.0000, '8d900ead5c4a0508bde3e8926eec2b99', '2019-01-09 19:37:21', 1007, NULL, NULL, NULL, NULL),
(402, 19, 0.0000, '584ad74f487b7e80169acd3212f242be', '2019-01-09 19:37:21', 1009, NULL, NULL, NULL, NULL),
(403, 5, 0.0000, '29ce79751373d6c2ac8b8945a8482dd0', '2019-01-09 19:37:21', 1009, NULL, NULL, NULL, NULL),
(404, 19, 0.0000, 'f77e7a442af046dcef5ea0981e83f112', '2019-01-09 19:37:21', 1011, NULL, NULL, NULL, NULL),
(405, 5, 0.0000, '7a52673d6128f48101141f85031ec0ef', '2019-01-09 19:37:21', 1011, NULL, NULL, NULL, NULL),
(406, 19, -23575.0000, '4e2f62073d9467309d7c19971a633990', '2019-01-09 19:37:21', 882, NULL, NULL, NULL, NULL),
(407, 2, 23575.0000, '34f0ebe4456e83ae58e6f667fbe919e7', '2019-01-09 19:37:21', 882, NULL, NULL, NULL, NULL),
(408, 12, -2000.0000, 'f68506d2b9a8c94d5542cb4cc691bacb', '2019-01-14 23:48:07', 1167, NULL, NULL, NULL, NULL),
(409, 1, 2000.0000, 'a94bb1b48d4990cd00ef8bd397f32a53', '2019-01-14 23:48:07', 1167, NULL, NULL, NULL, NULL),
(410, 12, 0.0000, '7f3a598f3479d90fc1a4e6451a42aa0f', '2019-01-14 23:48:07', 94, NULL, NULL, NULL, NULL),
(411, 5, 0.0000, '5c423424d3ce27101194024e6653d11c', '2019-01-14 23:48:07', 94, NULL, NULL, NULL, NULL),
(412, 12, 0.0000, '03c881d47965ef97bf97fa1e72cf4b6b', '2019-01-14 23:48:07', 96, NULL, NULL, NULL, NULL),
(413, 5, 0.0000, '0575ae7fe7533a9b32eaf2aadb90e418', '2019-01-14 23:48:07', 96, NULL, NULL, NULL, NULL),
(414, 12, 0.0000, 'cdd6201e5e7c720be14220e403c9444b', '2019-01-14 23:48:07', 98, NULL, NULL, NULL, NULL),
(415, 5, 0.0000, 'e039feb10a9ebc6074d76f352cd8132b', '2019-01-14 23:48:07', 98, NULL, NULL, NULL, NULL),
(416, 12, 0.0000, '4c209094f0e6fa0393b72840c8ca2591', '2019-01-14 23:48:07', 386, NULL, NULL, NULL, NULL),
(417, 5, 0.0000, '1ff3d768557121a9aea9798e4b7496a9', '2019-01-14 23:48:07', 386, NULL, NULL, NULL, NULL),
(418, 12, 0.0000, '8bdbc7c9da74faabda455d0dbcb98658', '2019-01-14 23:48:07', 388, NULL, NULL, NULL, NULL),
(419, 5, 0.0000, '6a6ef41a62acab527890d756bd24772f', '2019-01-14 23:48:07', 388, NULL, NULL, NULL, NULL),
(420, 12, 0.0000, '48b2c7fa674dedaa488329d8b08bd9d9', '2019-01-14 23:48:07', 390, NULL, NULL, NULL, NULL),
(421, 5, 0.0000, 'dae17e0d82d5f51913d20aa45e93b5ba', '2019-01-14 23:48:07', 390, NULL, NULL, NULL, NULL),
(422, 12, 0.0000, '9e5b6c5cf1e1d45d3859526fed74472f', '2019-01-14 23:48:07', 673, NULL, NULL, NULL, NULL),
(423, 5, 0.0000, '6d5b499fe1a9dd8fcfe01641e82c8708', '2019-01-14 23:48:07', 673, NULL, NULL, NULL, NULL),
(424, 12, 0.0000, '1f4f3de20d1b05300a553d15ef0fe2e9', '2019-01-14 23:48:07', 675, NULL, NULL, NULL, NULL),
(425, 5, 0.0000, '8f272d04405e450715b9087f008859cc', '2019-01-14 23:48:07', 675, NULL, NULL, NULL, NULL),
(426, 12, 0.0000, 'fb69259304644ef8766b230ddb2704c5', '2019-01-14 23:48:07', 677, NULL, NULL, NULL, NULL),
(427, 5, 0.0000, 'cf4563135f93c3786b9c329b43e1a00e', '2019-01-14 23:48:07', 677, NULL, NULL, NULL, NULL),
(428, 12, 0.0000, 'f00994ecef69a3fc0044a6e4967fb1eb', '2019-01-14 23:48:07', 959, NULL, NULL, NULL, NULL),
(429, 5, 0.0000, '0b4e4dea6c72ce7b70bb42ada37447f2', '2019-01-14 23:48:07', 959, NULL, NULL, NULL, NULL),
(430, 12, 0.0000, '5bec01ad5f18493b6d60f332df710ba9', '2019-01-14 23:48:07', 961, NULL, NULL, NULL, NULL),
(431, 5, 0.0000, 'b0f76041c475abad88b853c6421640e7', '2019-01-14 23:48:07', 961, NULL, NULL, NULL, NULL),
(432, 12, 0.0000, '9855a3732e7e7df687b1557bd2dab023', '2019-01-14 23:48:07', 963, NULL, NULL, NULL, NULL),
(433, 5, 0.0000, '2f95d9e53b3337929bcfeb6c10f8be19', '2019-01-14 23:48:07', 963, NULL, NULL, NULL, NULL),
(434, 12, -10.0000, '3c8b153effefa487d33ef363aebd2eb8', '2019-01-14 23:48:07', 1166, NULL, NULL, NULL, NULL),
(435, 4, 10.0000, 'cad54f198a19f6010670cb2eab534cf1', '2019-01-14 23:48:07', 1166, NULL, NULL, NULL, NULL),
(436, 12, -398.4750, '1c2135523d8906a990274feea6303872', '2019-01-14 23:48:07', 267, NULL, NULL, NULL, NULL),
(437, 2, 398.4750, '659761700d97784dcd493c19f5478e19', '2019-01-14 23:48:07', 267, NULL, NULL, NULL, NULL),
(438, 12, -280.8300, 'c29837cf1b4611c72ae7081eee93c506', '2019-01-14 23:48:07', 558, NULL, NULL, NULL, NULL),
(439, 2, 280.8300, 'b30fddcaebb08ddfa5f81e9aa4cccac5', '2019-01-14 23:48:07', 558, NULL, NULL, NULL, NULL),
(440, 12, -166.9800, '7fdfa481a3d3c4da549540ee346300f7', '2019-01-14 23:48:07', 845, NULL, NULL, NULL, NULL),
(441, 2, 166.9800, '2a846f52bab25343d0719ff20b3a9077', '2019-01-14 23:48:07', 845, NULL, NULL, NULL, NULL),
(442, 12, -49.3350, 'b33583d80299042a9c2c36740bd8cc42', '2019-01-14 23:48:07', 1141, NULL, NULL, NULL, NULL),
(443, 2, 49.3350, '57a16dd4be54b044e5268755f54ed16d', '2019-01-14 23:48:07', 1141, NULL, NULL, NULL, NULL),
(444, 12, -7590.0000, '2da5e2bed06fde7ff4d526fabb047fa3', '2019-01-14 23:48:07', 6, NULL, NULL, NULL, NULL),
(445, 2, 7590.0000, '68b82be175f01bca04abc7aff32733a1', '2019-01-14 23:48:07', 6, NULL, NULL, NULL, NULL),
(446, 12, -7590.0000, '2d4acf8f61b7d185464a736336dd2774', '2019-01-14 23:48:07', 300, NULL, NULL, NULL, NULL),
(447, 2, 7590.0000, '916b2c433f1ce1d61ccd2087d837b6e1', '2019-01-14 23:48:07', 300, NULL, NULL, NULL, NULL),
(448, 12, -7590.0000, '14e86f3a35c4ac90efa735b0a092ffd8', '2019-01-14 23:48:07', 590, NULL, NULL, NULL, NULL),
(449, 2, 7590.0000, 'edfc75b6f56b1e7bbb9129845bb6cffb', '2019-01-14 23:48:07', 590, NULL, NULL, NULL, NULL),
(450, 12, -7590.0000, '103b8f59055d4d8fb1aa03a91b3b41a6', '2019-01-14 23:48:07', 876, NULL, NULL, NULL, NULL),
(451, 2, 7590.0000, 'ea2914d82dc9f637119ccecdaade6a07', '2019-01-14 23:48:07', 876, NULL, NULL, NULL, NULL),
(452, 13, 0.0000, '3024825fe2158022e24794ac629d9b70', '2019-01-15 00:22:24', 965, NULL, NULL, NULL, NULL),
(453, 5, 0.0000, '46ced268ff1065fdfb63001cb53caba4', '2019-01-15 00:22:24', 965, NULL, NULL, NULL, NULL),
(454, 13, 0.0000, '912c14c28a0b309d8c3bf77a6c3a0462', '2019-01-15 00:22:24', 967, NULL, NULL, NULL, NULL),
(455, 5, 0.0000, '82e053255f1ebb349d9bfcc9cfb3c113', '2019-01-15 00:22:24', 967, NULL, NULL, NULL, NULL),
(456, 13, 0.0000, 'c5ef9c16c0e7bb2f05c020c93b71a136', '2019-01-15 00:22:24', 969, NULL, NULL, NULL, NULL),
(457, 5, 0.0000, 'cba17aa9b48e3989e51c8d6b8986eb49', '2019-01-15 00:22:24', 969, NULL, NULL, NULL, NULL),
(458, 13, -12500.0000, '779fd58725baf21eccd72aedad5f0e72', '2019-01-15 00:22:25', 877, NULL, NULL, NULL, NULL),
(459, 2, 12500.0000, 'e78331ef074150973c11eec61d09c0c7', '2019-01-15 00:22:25', 877, NULL, NULL, NULL, NULL),
(460, 8, -56.7000, 'f4f614140e6255addebe27e06af25d1d', '2019-01-15 17:13:07', 1138, NULL, NULL, NULL, NULL),
(461, 2, 56.7000, 'fe0f9508323d229d61fedf34757ccd3a', '2019-01-15 17:13:07', 1138, NULL, NULL, NULL, NULL),
(462, 8, -8100.0000, '0d85e6cc1b18ea40238644decf790f32', '2019-01-15 17:13:07', 873, NULL, NULL, NULL, NULL),
(463, 2, 8100.0000, '11657fece943bdfc612bbea9aa42991d', '2019-01-15 17:13:07', 873, NULL, NULL, NULL, NULL),
(464, 11, 0.0000, '7ed5bf8aa31fd0cee53b30ca7d956326', '2019-01-15 17:13:58', 88, NULL, NULL, NULL, NULL),
(465, 5, 0.0000, 'cb325cccfe0553c331185c88a16752ce', '2019-01-15 17:13:58', 88, NULL, NULL, NULL, NULL),
(466, 11, 0.0000, 'b039c6da9b6c7b947a60915101c40555', '2019-01-15 17:13:58', 90, NULL, NULL, NULL, NULL),
(467, 5, 0.0000, '21f1aa0631ff501955a7a2b34b5f9d35', '2019-01-15 17:13:58', 90, NULL, NULL, NULL, NULL),
(468, 11, 0.0000, '5a65cd156a4ff36c2fb4faf1c6f4c8b3', '2019-01-15 17:13:58', 92, NULL, NULL, NULL, NULL),
(469, 5, 0.0000, '27fa331c0239b8ccb80e9fad07879674', '2019-01-15 17:13:58', 92, NULL, NULL, NULL, NULL);
INSERT INTO `account_transactions` (`id_transaction`, `id_account`, `transaction_ammount`, `transaction_id`, `transaction_date`, `id_receipt_detail`, `id_user`, `transaction_observations`, `transaction_type`, `transaction_attachments`) VALUES
(470, 11, 0.0000, '20e35d6f7a4ed0b94f5d96bfb025bd4d', '2019-01-15 17:13:58', 380, NULL, NULL, NULL, NULL),
(471, 5, 0.0000, 'aad0ee1223cd5686997b65afa209e1fc', '2019-01-15 17:13:58', 380, NULL, NULL, NULL, NULL),
(472, 11, 0.0000, 'cd71d2fe130bf606bac2f3c6ab8988d6', '2019-01-15 17:13:58', 382, NULL, NULL, NULL, NULL),
(473, 5, 0.0000, 'ab360b859185755ce397e0a5111745b8', '2019-01-15 17:13:58', 382, NULL, NULL, NULL, NULL),
(474, 11, 0.0000, 'b3296063be187141fd54766f720d1819', '2019-01-15 17:13:58', 384, NULL, NULL, NULL, NULL),
(475, 5, 0.0000, 'ae64a69ac679f726b51a6a5775c122b4', '2019-01-15 17:13:58', 384, NULL, NULL, NULL, NULL),
(476, 11, 0.0000, 'cd15d8b9a2fb3d69df391a4d7091a6a9', '2019-01-15 17:13:58', 667, NULL, NULL, NULL, NULL),
(477, 5, 0.0000, '10d4e939ecf93af262c8bc282408fed6', '2019-01-15 17:13:58', 667, NULL, NULL, NULL, NULL),
(478, 11, 0.0000, 'adbf38306bc45f4800d0859a3d0d03a0', '2019-01-15 17:13:58', 669, NULL, NULL, NULL, NULL),
(479, 5, 0.0000, '88fe7b6c3e635b5a959525d26154f3f3', '2019-01-15 17:13:58', 669, NULL, NULL, NULL, NULL),
(480, 11, 0.0000, '71528204ee3ed877ca671b76b45eaddc', '2019-01-15 17:13:58', 671, NULL, NULL, NULL, NULL),
(481, 5, 0.0000, 'de3867a639276e84062cd19264ae3909', '2019-01-15 17:13:58', 671, NULL, NULL, NULL, NULL),
(482, 11, 0.0000, 'c0212f274dadc10ac8a47d7aaffd2874', '2019-01-15 17:13:58', 953, NULL, NULL, NULL, NULL),
(483, 5, 0.0000, 'ba40a4c68c1c860c1509c96766f87b33', '2019-01-15 17:13:58', 953, NULL, NULL, NULL, NULL),
(484, 11, 0.0000, 'f6dd83cb63bf7b36108bf5666921fb09', '2019-01-15 17:13:58', 955, NULL, NULL, NULL, NULL),
(485, 5, 0.0000, 'df163445749f899ff6812046407029d3', '2019-01-15 17:13:58', 955, NULL, NULL, NULL, NULL),
(486, 11, 0.0000, '95c5c23d77c984bd828be7a0da0bb55e', '2019-01-15 17:13:58', 957, NULL, NULL, NULL, NULL),
(487, 5, 0.0000, 'afda058d0bda5ae5f7c7aee0c3af07c6', '2019-01-15 17:13:58', 957, NULL, NULL, NULL, NULL),
(488, 11, -202.5660, 'ac35b0037a6fbffc6f871f1fa54f29f2', '2019-01-15 17:13:58', 266, NULL, NULL, NULL, NULL),
(489, 2, 202.5660, 'ac6821680c49e57ba434158c3c75122d', '2019-01-15 17:13:58', 266, NULL, NULL, NULL, NULL),
(490, 11, -185.5125, 'ba02cdf4579cf45cea5effc91aa28cc7', '2019-01-15 17:13:58', 557, NULL, NULL, NULL, NULL),
(491, 2, 185.5125, 'ead0e60f9f165aebde25f77df41aa6dd', '2019-01-15 17:13:58', 557, NULL, NULL, NULL, NULL),
(492, 11, -111.3075, '3ac11c9a4f8178df772302b6a372ce65', '2019-01-15 17:13:58', 844, NULL, NULL, NULL, NULL),
(493, 2, 111.3075, 'c0027c54acc5b28ea576f3245f5f110c', '2019-01-15 17:13:58', 844, NULL, NULL, NULL, NULL),
(494, 11, -34.6290, '62f07b89782ffb2463a29febdbd32cf1', '2019-01-15 17:13:58', 1140, NULL, NULL, NULL, NULL),
(495, 2, 34.6290, '4890ca17c7fd27cfda3de59e19193de3', '2019-01-15 17:13:58', 1140, NULL, NULL, NULL, NULL),
(496, 11, -3822.0000, 'e1649dcaff654035514427bd14f0ce9d', '2019-01-15 17:13:58', 5, NULL, NULL, NULL, NULL),
(497, 2, 3822.0000, '784e3265c89fa8430b116789cd78eb8b', '2019-01-15 17:13:58', 5, NULL, NULL, NULL, NULL),
(498, 11, -4947.0000, 'adf098a1c842cec360194827aa96ea34', '2019-01-15 17:13:58', 299, NULL, NULL, NULL, NULL),
(499, 2, 4947.0000, '18ed37d236a815df6e32af43e41d96e7', '2019-01-15 17:13:58', 299, NULL, NULL, NULL, NULL),
(500, 11, -4947.0000, 'de89c771938171925e47e175e7318773', '2019-01-15 17:13:58', 589, NULL, NULL, NULL, NULL),
(501, 2, 4947.0000, '57607b61d3c817ee592855af61085207', '2019-01-15 17:13:58', 589, NULL, NULL, NULL, NULL),
(502, 11, -4947.0000, '7d3f100efbedb4efd8ed4bd9a329f988', '2019-01-15 17:13:58', 875, NULL, NULL, NULL, NULL),
(503, 2, 4947.0000, '8d0afb6ef3dfee9a612f991704b77a09', '2019-01-15 17:13:58', 875, NULL, NULL, NULL, NULL),
(504, 18, 0.0000, '47dd5e2cfac529e06b3a8d23028820f8', '2019-01-15 17:30:55', 130, NULL, NULL, NULL, NULL),
(505, 5, 0.0000, 'e1cc8e159f1908913e27908171030ce7', '2019-01-15 17:30:55', 130, NULL, NULL, NULL, NULL),
(506, 18, 0.0000, 'be7402a9fe3b66480d262035c8fcf351', '2019-01-15 17:30:55', 132, NULL, NULL, NULL, NULL),
(507, 5, 0.0000, 'b80f825842cadfe36d18da0d0d2cf02d', '2019-01-15 17:30:55', 132, NULL, NULL, NULL, NULL),
(508, 18, 0.0000, 'a9fd3bc3341a3512ba8bfcb90f76dc73', '2019-01-15 17:30:55', 134, NULL, NULL, NULL, NULL),
(509, 5, 0.0000, 'ec96d0e2ed2670a86176e57dc7bef991', '2019-01-15 17:30:55', 134, NULL, NULL, NULL, NULL),
(510, 18, 0.0000, '34db7573a58ffc271fb6a3458ce54f68', '2019-01-15 17:30:55', 422, NULL, NULL, NULL, NULL),
(511, 5, 0.0000, 'cfd3cecf9c4f6e40e4aa6d1ca387e42b', '2019-01-15 17:30:55', 422, NULL, NULL, NULL, NULL),
(512, 18, 0.0000, 'b09df1e60056211246c02689265273d7', '2019-01-15 17:30:55', 424, NULL, NULL, NULL, NULL),
(513, 5, 0.0000, 'cc2ab1bc85d52393c932318614d71d13', '2019-01-15 17:30:55', 424, NULL, NULL, NULL, NULL),
(514, 18, 0.0000, 'cb8adc17a08d27265841bfe830cd4047', '2019-01-15 17:30:55', 426, NULL, NULL, NULL, NULL),
(515, 5, 0.0000, '0b806e07b3f084d8b16c2b0fa3db90d5', '2019-01-15 17:30:55', 426, NULL, NULL, NULL, NULL),
(516, 18, -564.4500, 'b6de601461f93dde9407b3e60a3ee176', '2019-01-15 17:30:55', 273, NULL, NULL, NULL, NULL),
(517, 2, 564.4500, 'a41dcc8ab1087bd79840026ad79a982e', '2019-01-15 17:30:55', 273, NULL, NULL, NULL, NULL),
(518, 18, -399.3750, '943bc40cf6a50a1c746f54cf06650e7b', '2019-01-15 17:30:55', 564, NULL, NULL, NULL, NULL),
(519, 2, 399.3750, '59eeb9dbd89169ecaafbac6eb30b097e', '2019-01-15 17:30:55', 564, NULL, NULL, NULL, NULL),
(520, 18, -10650.0000, 'fed07c157d717f669acd572f5d01d335', '2019-01-15 17:30:55', 12, NULL, NULL, NULL, NULL),
(521, 2, 10650.0000, '70dfb98a325acc32e8592f26c18ba837', '2019-01-15 17:30:55', 12, NULL, NULL, NULL, NULL),
(522, 18, -10650.0000, '379b01b068c5677d690564490cdef6cc', '2019-01-15 17:30:55', 306, NULL, NULL, NULL, NULL),
(523, 2, 10650.0000, 'c7139a113dbfa498390955b9616c7f7e', '2019-01-15 17:30:55', 306, NULL, NULL, NULL, NULL),
(524, 14, 0.0000, '8ca9609d2ea21ef0accd14ffbf1dade5', '2019-01-15 20:10:37', 106, NULL, NULL, NULL, NULL),
(525, 5, 0.0000, '228b1e0c777386c16ddc9044a99d343f', '2019-01-15 20:10:38', 106, NULL, NULL, NULL, NULL),
(526, 14, 0.0000, '211a0be056ef759931996d802858bcef', '2019-01-15 20:10:38', 108, NULL, NULL, NULL, NULL),
(527, 5, 0.0000, 'c22533c92857de9fd28710c5ef3fb49a', '2019-01-15 20:10:38', 108, NULL, NULL, NULL, NULL),
(528, 14, 0.0000, 'd3ff64b0342a1f115eb2f000a1e67495', '2019-01-15 20:10:38', 110, NULL, NULL, NULL, NULL),
(529, 5, 0.0000, 'c3fd2b030e09d3e4231663bbdb218cc5', '2019-01-15 20:10:38', 110, NULL, NULL, NULL, NULL),
(530, 14, 0.0000, '27edc144d83e4949241014c17fe5ea2b', '2019-01-15 20:10:38', 398, NULL, NULL, NULL, NULL),
(531, 5, 0.0000, '04f07eb453b2dc39e1d9912bbe658802', '2019-01-15 20:10:38', 398, NULL, NULL, NULL, NULL),
(532, 14, 0.0000, 'ebee21b44e325136a1c15d85da2235e1', '2019-01-15 20:10:38', 400, NULL, NULL, NULL, NULL),
(533, 5, 0.0000, '8a816f816d2682972132beda6fef40da', '2019-01-15 20:10:38', 400, NULL, NULL, NULL, NULL),
(534, 14, 0.0000, '123aac38b430167668b4f6c5917e38de', '2019-01-15 20:10:38', 402, NULL, NULL, NULL, NULL),
(535, 5, 0.0000, '8f8ee31e6a13322b4a9476d551dd60b6', '2019-01-15 20:10:38', 402, NULL, NULL, NULL, NULL),
(536, 14, 0.0000, 'e13719010bb6d26c950b4248396a3583', '2019-01-15 20:10:38', 685, NULL, NULL, NULL, NULL),
(537, 5, 0.0000, 'bc6a697fb5ee5aa9da86926bc2c6fbd4', '2019-01-15 20:10:38', 685, NULL, NULL, NULL, NULL),
(538, 14, 0.0000, 'caeaaaa4a6fd8e0795e56fe9febe8542', '2019-01-15 20:10:38', 687, NULL, NULL, NULL, NULL),
(539, 5, 0.0000, '3ba41768f726633cf50c68b1283af0aa', '2019-01-15 20:10:38', 687, NULL, NULL, NULL, NULL),
(540, 14, 0.0000, '9f4911200eabf215cb8dcbae4369c3f4', '2019-01-15 20:10:38', 689, NULL, NULL, NULL, NULL),
(541, 5, 0.0000, '77d83924644350ec6e411cf4d7ee3cc7', '2019-01-15 20:10:38', 689, NULL, NULL, NULL, NULL),
(542, 14, 0.0000, 'eda25f3d036668cefb9b16f4bb37f211', '2019-01-15 20:10:38', 971, NULL, NULL, NULL, NULL),
(543, 5, 0.0000, 'c23556f175d6fe6c480f44ab4a4259fd', '2019-01-15 20:10:38', 971, NULL, NULL, NULL, NULL),
(544, 14, 0.0000, '6e08a7c419cd8161498864c4e0ba269d', '2019-01-15 20:10:38', 973, NULL, NULL, NULL, NULL),
(545, 5, 0.0000, '4da95efdef5b545fa51c3aeaca97e0eb', '2019-01-15 20:10:38', 973, NULL, NULL, NULL, NULL),
(546, 14, 0.0000, 'c0179538b30a87e2c8e54ff794f60119', '2019-01-15 20:10:38', 975, NULL, NULL, NULL, NULL),
(547, 5, 0.0000, 'b6497ee0c0a29f577f06c5bb4382a844', '2019-01-15 20:10:38', 975, NULL, NULL, NULL, NULL),
(548, 14, -609.5000, '523fc4a603e04de46c0228c27b4918da', '2019-01-15 20:10:38', 269, NULL, NULL, NULL, NULL),
(549, 2, 609.5000, '25c1795a03dd398b2bfbcc77ec9799a3', '2019-01-15 20:10:38', 269, NULL, NULL, NULL, NULL),
(550, 14, -431.2500, 'eae271c18190b758c853cba379c39862', '2019-01-15 20:10:38', 560, NULL, NULL, NULL, NULL),
(551, 2, 431.2500, 'cda40221be8975c2763d0b2dbf625c55', '2019-01-15 20:10:38', 560, NULL, NULL, NULL, NULL),
(552, 14, -258.7500, '579fbfea93cc00423caca42e074058e3', '2019-01-15 20:10:38', 847, NULL, NULL, NULL, NULL),
(553, 2, 258.7500, '6c587af258dde58abb35310fcd6b46e8', '2019-01-15 20:10:38', 847, NULL, NULL, NULL, NULL),
(554, 14, -80.5000, 'a3adc6a1283ddeff9a42cd315a07c886', '2019-01-15 20:10:38', 1143, NULL, NULL, NULL, NULL),
(555, 2, 80.5000, '28cf1e003e0e28f450269b09e2c33500', '2019-01-15 20:10:38', 1143, NULL, NULL, NULL, NULL),
(556, 14, -11500.0000, '8d4565e449c76a7889baf6c5dac0442f', '2019-01-15 20:10:38', 8, NULL, NULL, NULL, NULL),
(557, 2, 11500.0000, '7c962614c328543c4928f8d2d905159e', '2019-01-15 20:10:38', 8, NULL, NULL, NULL, NULL),
(558, 14, -11500.0000, 'ce214e874da40d8645c91c3fd72e2f72', '2019-01-15 20:10:38', 302, NULL, NULL, NULL, NULL),
(559, 2, 11500.0000, '7d5713e850da98a8b7cf7cb5f539ae8b', '2019-01-15 20:10:38', 302, NULL, NULL, NULL, NULL),
(560, 14, -11500.0000, '090304da2a91e824b6bb4b4793d2a10c', '2019-01-15 20:10:38', 592, NULL, NULL, NULL, NULL),
(561, 2, 11500.0000, '3b23f009f5944d30db90f617cf1bc715', '2019-01-15 20:10:38', 592, NULL, NULL, NULL, NULL),
(562, 14, -11500.0000, '381ed0838bc61ad694915d5c796974fd', '2019-01-15 20:10:38', 878, NULL, NULL, NULL, NULL),
(563, 2, 11500.0000, 'b2e3b3797448712d9c0dac72da166555', '2019-01-15 20:10:38', 878, NULL, NULL, NULL, NULL),
(564, 21, -8100.0000, '00d26c35276ac9ae2f8c2a2283a386f1', '2019-01-15 20:13:03', 598, NULL, NULL, NULL, NULL),
(565, 2, 8100.0000, '97e207f78859412106a7ce733569047c', '2019-01-15 20:13:03', 598, NULL, NULL, NULL, NULL),
(566, 21, 0.0000, '1e8b2718f8b37db414db400b320e20b8', '2019-01-15 20:14:14', 150, NULL, NULL, NULL, NULL),
(567, 5, 0.0000, '2322bc128040efc2f6b328decf61aae3', '2019-01-15 20:14:14', 150, NULL, NULL, NULL, NULL),
(568, 21, 0.0000, '05f30c2c107af77f925adbf2b4df333f', '2019-01-15 20:14:14', 152, NULL, NULL, NULL, NULL),
(569, 5, 0.0000, '7160b2f0463690df44fcee601b1a9a9b', '2019-01-15 20:14:14', 152, NULL, NULL, NULL, NULL),
(570, 21, 0.0000, 'c6bf8a2ae2ee1483ac223f56a3cebc09', '2019-01-15 20:14:14', 440, NULL, NULL, NULL, NULL),
(571, 5, 0.0000, 'c44589bda0c0ebcb9ce23d2117f7e0cc', '2019-01-15 20:14:14', 440, NULL, NULL, NULL, NULL),
(572, 21, 0.0000, 'ad300b7f3a586d5e38d46cf5d4b48838', '2019-01-15 20:14:14', 442, NULL, NULL, NULL, NULL),
(573, 5, 0.0000, '91e91ff9f3ac121383643eeeb887880e', '2019-01-15 20:14:14', 442, NULL, NULL, NULL, NULL),
(574, 21, 0.0000, 'd26323248990dd28b6ffdd6026eea654', '2019-01-15 20:14:14', 444, NULL, NULL, NULL, NULL),
(575, 5, 0.0000, '91bad31cc1f9bd8f7712f1b1bd493067', '2019-01-15 20:14:14', 444, NULL, NULL, NULL, NULL),
(576, 21, 0.0000, 'e2939cac628947627dc7cbeb1d3581d0', '2019-01-15 20:14:14', 727, NULL, NULL, NULL, NULL),
(577, 5, 0.0000, '0eecb2a9e1d8975075d3612473d598c2', '2019-01-15 20:14:14', 727, NULL, NULL, NULL, NULL),
(578, 21, 0.0000, 'e863f26555d008a544fd1df94fa92826', '2019-01-15 20:14:15', 729, NULL, NULL, NULL, NULL),
(579, 5, 0.0000, '2f217370957582a3e85aa6faea0fae5d', '2019-01-15 20:14:15', 729, NULL, NULL, NULL, NULL),
(580, 21, 0.0000, '0b3754b353a0d2a5869b26c9fa0db840', '2019-01-15 20:14:15', 731, NULL, NULL, NULL, NULL),
(581, 5, 0.0000, '5ad5e9bd7e8eb5aaba94630b80e583ef', '2019-01-15 20:14:15', 731, NULL, NULL, NULL, NULL),
(582, 21, 0.0000, '3085b7bb981862fcea6975e438828ab5', '2019-01-15 20:14:15', 1013, NULL, NULL, NULL, NULL),
(583, 5, 0.0000, 'f77e233a6cc21ada4c6d5731e5cb73ff', '2019-01-15 20:14:15', 1013, NULL, NULL, NULL, NULL),
(584, 21, 0.0000, 'e8b78b550cd45dc80a35b71ac36f0cb2', '2019-01-15 20:14:15', 1015, NULL, NULL, NULL, NULL),
(585, 5, 0.0000, 'ba1e3c65e80bb4a768443001690b66ae', '2019-01-15 20:14:15', 1015, NULL, NULL, NULL, NULL),
(586, 21, 0.0000, '89378e009bf75f35fcb21646e110219b', '2019-01-15 20:14:15', 1017, NULL, NULL, NULL, NULL),
(587, 5, 0.0000, '9a089c407a5ec2a21fa6b82ba2ef15b2', '2019-01-15 20:14:15', 1017, NULL, NULL, NULL, NULL),
(588, 21, -8100.0000, '69efebebb4651524641151d0bfa94880', '2019-01-15 20:14:15', 15, NULL, NULL, NULL, NULL),
(589, 2, 8100.0000, '0ddcab56729470c247b8b37629484252', '2019-01-15 20:14:15', 15, NULL, NULL, NULL, NULL),
(590, 21, -8100.0000, '904eb28318e67f23af575a46f99ce59d', '2019-01-15 20:14:15', 309, NULL, NULL, NULL, NULL),
(591, 2, 8100.0000, '51c7a65f6cc4fc33f04d14f67885e87c', '2019-01-15 20:14:15', 309, NULL, NULL, NULL, NULL),
(592, 8, -303.7500, '7d75f5af8e784454f2c9e1d9bd7b1fcc', '2019-01-15 20:59:05', 555, NULL, NULL, NULL, NULL),
(593, 2, 303.7500, '4554971bcc5c30d61b452e50aa93aa19', '2019-01-15 20:59:05', 555, NULL, NULL, NULL, NULL),
(594, 8, -182.2500, 'a8968803ce87e99ff384565cf75e1d05', '2019-01-15 20:59:05', 842, NULL, NULL, NULL, NULL),
(595, 2, 182.2500, '7a9e60ed9b5554af92d1874f56741fae', '2019-01-15 20:59:05', 842, NULL, NULL, NULL, NULL),
(596, 8, -8100.0000, '00d9db55e6371cbb12510ad09274c720', '2019-01-15 20:59:05', 587, NULL, NULL, NULL, NULL),
(597, 2, 8100.0000, '6c62faddce507df2c9128f49db06a9bd', '2019-01-15 20:59:05', 587, NULL, NULL, NULL, NULL),
(598, 13, -12500.0000, '91d8ea859b27993fe3fde6c47435857b', '2019-01-15 23:54:06', 591, NULL, NULL, NULL, NULL),
(599, 2, 12500.0000, '2277777dc7f129323742065954747539', '2019-01-15 23:54:06', 591, NULL, NULL, NULL, NULL),
(600, 10, -3000.0000, '6d000e5cfb946f5553e91c98a82070de', '2019-01-16 14:48:53', 1168, NULL, NULL, NULL, NULL),
(601, 1, 3000.0000, 'eee0970454901b76f3563b584bba0f60', '2019-01-16 14:48:53', 1168, NULL, NULL, NULL, NULL),
(602, 10, 0.0000, '02784183451a5bd8bfae4fee7cae2a26', '2019-01-16 14:48:53', 82, NULL, NULL, NULL, NULL),
(603, 5, 0.0000, '21812191df82fb4335707eeb8e378223', '2019-01-16 14:48:53', 82, NULL, NULL, NULL, NULL),
(604, 10, 0.0000, 'c043a9d78cadfab02fa95a47e3adb8b1', '2019-01-16 14:48:53', 84, NULL, NULL, NULL, NULL),
(605, 5, 0.0000, '04d42bdbfe9e13bf06faabb64237903a', '2019-01-16 14:48:53', 84, NULL, NULL, NULL, NULL),
(606, 10, 0.0000, '0c16aa1563cad804a4cbf25f1ce9808b', '2019-01-16 14:48:53', 86, NULL, NULL, NULL, NULL),
(607, 5, 0.0000, '82bffc974e3a7eb4bf5023478be5808b', '2019-01-16 14:48:53', 86, NULL, NULL, NULL, NULL),
(608, 10, 0.0000, '4d503feb9e00754939cb24c9b4b10f1e', '2019-01-16 14:48:53', 374, NULL, NULL, NULL, NULL),
(609, 5, 0.0000, '732a97d2ff40668fb8f1bc8c258a4327', '2019-01-16 14:48:53', 374, NULL, NULL, NULL, NULL),
(610, 10, 0.0000, '0884f359d63b8933c371db362435fc3d', '2019-01-16 14:48:53', 376, NULL, NULL, NULL, NULL),
(611, 5, 0.0000, 'aaeec0b4fd2ea9dafc2700f0ff6f6ccc', '2019-01-16 14:48:53', 376, NULL, NULL, NULL, NULL),
(612, 10, 0.0000, 'b488857b63ec80122a22dcb4c7ab4fd8', '2019-01-16 14:48:53', 378, NULL, NULL, NULL, NULL),
(613, 5, 0.0000, '6ebf4214083d83e7ad5f7bea70ba7e5c', '2019-01-16 14:48:53', 378, NULL, NULL, NULL, NULL),
(614, 10, 0.0000, '9618326da53951aa887f9e31cabc7363', '2019-01-16 14:48:53', 661, NULL, NULL, NULL, NULL),
(615, 5, 0.0000, 'a75a0fa5b5d7189bd784a48c6cc83ddd', '2019-01-16 14:48:53', 661, NULL, NULL, NULL, NULL),
(616, 10, 0.0000, '34bfb3f9e1f6d726793b15477168a31d', '2019-01-16 14:48:53', 663, NULL, NULL, NULL, NULL),
(617, 5, 0.0000, 'b61e08a54505ed336df965182e0a9af9', '2019-01-16 14:48:53', 663, NULL, NULL, NULL, NULL),
(618, 10, 0.0000, '9c6ed1559b616fd57e6f20e1a3420c5b', '2019-01-16 14:48:53', 665, NULL, NULL, NULL, NULL),
(619, 5, 0.0000, '0b81d13519aa20d1f49d58b782fededb', '2019-01-16 14:48:53', 665, NULL, NULL, NULL, NULL),
(620, 10, 0.0000, '69aac13f03e232f24c767c4fbb0dd12a', '2019-01-16 14:48:53', 947, NULL, NULL, NULL, NULL),
(621, 5, 0.0000, 'e1ecd4799feb23a2ac02606858ef3321', '2019-01-16 14:48:53', 947, NULL, NULL, NULL, NULL),
(622, 10, 0.0000, 'ee663465e934a4b06ee71479d7e2ce64', '2019-01-16 14:48:53', 949, NULL, NULL, NULL, NULL),
(623, 5, 0.0000, '62b123bd493ec76f0104a20f476229a1', '2019-01-16 14:48:53', 949, NULL, NULL, NULL, NULL),
(624, 10, 0.0000, '802b535559ae34d844c822f011791225', '2019-01-16 14:48:53', 951, NULL, NULL, NULL, NULL),
(625, 5, 0.0000, 'a7a7e4c63fb71c952e2c0668be426446', '2019-01-16 14:48:53', 951, NULL, NULL, NULL, NULL),
(626, 10, -419.0655, '247ecb33a9413c198e4c6839503280a0', '2019-01-16 14:48:53', 265, NULL, NULL, NULL, NULL),
(627, 2, 419.0655, 'a388680b2ba645f88f2dfb238d5bc463', '2019-01-16 14:48:53', 265, NULL, NULL, NULL, NULL),
(628, 10, -297.6540, '07f739bbe984dd1935b4d501fe71482a', '2019-01-16 14:48:53', 556, NULL, NULL, NULL, NULL),
(629, 2, 297.6540, 'ff8f87ceeb3533de32517a28fe87a70d', '2019-01-16 14:48:53', 556, NULL, NULL, NULL, NULL),
(630, 10, -180.1590, '848b39d5d8567c12854a831c48ec52b7', '2019-01-16 14:48:53', 843, NULL, NULL, NULL, NULL),
(631, 2, 180.1590, '404a5086dff550152e4168ad0b8d8d9a', '2019-01-16 14:48:53', 843, NULL, NULL, NULL, NULL),
(632, 10, -58.7475, '2f0132a938007301b84cc3dcf882b940', '2019-01-16 14:48:53', 1139, NULL, NULL, NULL, NULL),
(633, 2, 58.7475, 'c9b7fd24a3765468fd4fee3c1250f123', '2019-01-16 14:48:53', 1139, NULL, NULL, NULL, NULL),
(634, 10, -7833.0000, 'b0ef8040f135de65cc43c574b7fd4b6d', '2019-01-16 14:48:53', 4, NULL, NULL, NULL, NULL),
(635, 2, 7833.0000, 'c8b4f5cc713b38d8427d6001298ea918', '2019-01-16 14:48:53', 4, NULL, NULL, NULL, NULL),
(636, 10, -7833.0000, '3d7761ac4a8864b4fa9ef29580f7dab0', '2019-01-16 14:48:53', 298, NULL, NULL, NULL, NULL),
(637, 2, 7833.0000, '4e6250ba9ecb26c25535ee7557966f03', '2019-01-16 14:48:53', 298, NULL, NULL, NULL, NULL),
(638, 10, -7833.0000, '9dd2ef6868588fdc468eea05368998e8', '2019-01-16 14:48:53', 588, NULL, NULL, NULL, NULL),
(639, 2, 7833.0000, 'b59d0a1ae11a3c8261e1988d0cf6e16d', '2019-01-16 14:48:53', 588, NULL, NULL, NULL, NULL),
(640, 10, -7833.0000, '919d31bcadb536487432edd725ab09d6', '2019-01-16 14:48:53', 874, NULL, NULL, NULL, NULL),
(641, 2, 7833.0000, 'a21d000cd86321c74054d1fbcfb41ae6', '2019-01-16 14:48:53', 874, NULL, NULL, NULL, NULL),
(642, 8, -1000.0000, '895776cdb0772312a188effb5e5303ad', '2019-01-16 14:50:17', 1169, NULL, NULL, NULL, NULL),
(643, 1, 1000.0000, 'ac502943d042f8fe2f9013a0ff187aae', '2019-01-16 14:50:17', 1169, NULL, NULL, NULL, NULL),
(644, 20, -10000.0000, '14a941dd13b850e5ba89bcc21c68117e', '2019-01-16 14:52:07', 1170, NULL, NULL, NULL, NULL),
(645, 1, 10000.0000, 'b4fe0029c853744abe047e60d01270f2', '2019-01-16 14:52:07', 1170, NULL, NULL, NULL, NULL),
(646, 20, 0.0000, '7e3a702a0df78c9de437a6e479a10172', '2019-01-16 14:52:07', 154, NULL, NULL, NULL, NULL),
(647, 5, 0.0000, 'd65126243966525cfbcacb3e10a8ec5e', '2019-01-16 14:52:07', 154, NULL, NULL, NULL, NULL),
(648, 20, 0.0000, 'ce0c8abf96fee27b785c2ebb47c298d6', '2019-01-16 14:52:07', 156, NULL, NULL, NULL, NULL),
(649, 5, 0.0000, '6758b23e510b14cb11f27848339aa83f', '2019-01-16 14:52:07', 156, NULL, NULL, NULL, NULL),
(650, 20, 0.0000, 'a75ee46e9a8b9878b44cb39d103db8df', '2019-01-16 14:52:08', 158, NULL, NULL, NULL, NULL),
(651, 5, 0.0000, 'e04b4719046faf70f1a37b536da4b430', '2019-01-16 14:52:08', 158, NULL, NULL, NULL, NULL),
(652, 20, 0.0000, '31ce4e702422e117c5675d538a15a5e4', '2019-01-16 14:52:08', 446, NULL, NULL, NULL, NULL),
(653, 5, 0.0000, 'a43ebc60fde603462a00ca2757936e88', '2019-01-16 14:52:08', 446, NULL, NULL, NULL, NULL),
(654, 20, 0.0000, 'd587df94caf939847e7523f8c54968f5', '2019-01-16 14:52:08', 448, NULL, NULL, NULL, NULL),
(655, 5, 0.0000, '341554d9e924e5432666c598929c6148', '2019-01-16 14:52:08', 448, NULL, NULL, NULL, NULL),
(656, 20, 0.0000, '846a2559ee2df1d36b020dce32d88ec5', '2019-01-16 14:52:08', 450, NULL, NULL, NULL, NULL),
(657, 5, 0.0000, '35f3a1c2d1226d3485991637fdfed034', '2019-01-16 14:52:08', 450, NULL, NULL, NULL, NULL),
(658, 20, 0.0000, 'eb99b92528a930ed780843ce9ac80647', '2019-01-16 14:52:08', 733, NULL, NULL, NULL, NULL),
(659, 5, 0.0000, '5d8176b6991df08c4af872e3bafcf25f', '2019-01-16 14:52:08', 733, NULL, NULL, NULL, NULL),
(660, 20, 0.0000, '965ebb7a0a8731464074959d07096a10', '2019-01-16 14:52:08', 735, NULL, NULL, NULL, NULL),
(661, 5, 0.0000, '73b62bf568ada0bba5d3cda238a3f58d', '2019-01-16 14:52:08', 735, NULL, NULL, NULL, NULL),
(662, 20, 0.0000, '58331e2cfe2f92dafa09e4ecd5c3ad1a', '2019-01-16 14:52:08', 737, NULL, NULL, NULL, NULL),
(663, 5, 0.0000, '3c28926a8de0ef7277593294e98397f9', '2019-01-16 14:52:08', 737, NULL, NULL, NULL, NULL),
(664, 20, 0.0000, 'ae3bdbc51b1c3355c44c62bd5453ce26', '2019-01-16 14:52:08', 1019, NULL, NULL, NULL, NULL),
(665, 5, 0.0000, '102ed986f75dcfe4744c1bbae987b2d2', '2019-01-16 14:52:08', 1019, NULL, NULL, NULL, NULL),
(666, 20, 0.0000, 'c9e264fadd08ce8e3351c23a4a14829b', '2019-01-16 14:52:08', 1021, NULL, NULL, NULL, NULL),
(667, 5, 0.0000, '9e946b3c35df7170a7b821ec94fae8e9', '2019-01-16 14:52:08', 1021, NULL, NULL, NULL, NULL),
(668, 20, 0.0000, '7c5291a1522dc08c85f554869346f995', '2019-01-16 14:52:08', 1023, NULL, NULL, NULL, NULL),
(669, 5, 0.0000, '018cd16faaec1085979519b18b4dad12', '2019-01-16 14:52:08', 1023, NULL, NULL, NULL, NULL),
(670, 20, -369.1500, '9e4d340ce94a166141742a198bd8a06a', '2019-01-16 14:52:08', 275, NULL, NULL, NULL, NULL),
(671, 2, 369.1500, 'd4642494cb74a4b22218da9b2d2ef46b', '2019-01-16 14:52:08', 275, NULL, NULL, NULL, NULL),
(672, 20, -301.5300, '3880795fcf513268fd35f5996cc49347', '2019-01-16 14:52:08', 566, NULL, NULL, NULL, NULL),
(673, 2, 301.5300, 'd1532e580edffe8d3340070101591d2c', '2019-01-16 14:52:08', 566, NULL, NULL, NULL, NULL),
(674, 20, -182.5050, '547d7de2794c2912e613f9f42d639932', '2019-01-16 14:52:08', 852, NULL, NULL, NULL, NULL),
(675, 2, 182.5050, 'f06e62ac35f180b725b12314d33004e6', '2019-01-16 14:52:08', 852, NULL, NULL, NULL, NULL),
(676, 20, -59.5125, '2cdb9cb97f7523ade5cfe0cb68576049', '2019-01-16 14:52:08', 1146, NULL, NULL, NULL, NULL),
(677, 2, 59.5125, '52dbf7557d6a562a4e588d6143406bf1', '2019-01-16 14:52:08', 1146, NULL, NULL, NULL, NULL),
(678, 20, -6900.0000, 'fba0a5836092320784a0d7039aec9d1d', '2019-01-16 14:52:08', 14, NULL, NULL, NULL, NULL),
(679, 2, 6900.0000, '36e2a2bf050e5f6e28eda81375de3812', '2019-01-16 14:52:08', 14, NULL, NULL, NULL, NULL),
(680, 20, -7935.0000, 'f491d3c4b4b04af3a21c65d6346e1754', '2019-01-16 14:52:08', 308, NULL, NULL, NULL, NULL),
(681, 2, 7935.0000, 'aab07a074d1c582e92240e854dc9d3a9', '2019-01-16 14:52:08', 308, NULL, NULL, NULL, NULL),
(682, 20, -7935.0000, 'a80ee763949b764788f6e0857c0bb918', '2019-01-16 14:52:08', 597, NULL, NULL, NULL, NULL),
(683, 2, 7935.0000, '9fccdd15974a2620c7041f55c3a82f95', '2019-01-16 14:52:08', 597, NULL, NULL, NULL, NULL),
(684, 8, -10000.0000, '1443e9d9633926e8ef4aade22020bb79', '2019-01-16 18:01:09', 1171, NULL, NULL, NULL, NULL),
(685, 1, 10000.0000, '791cf1ee556c342f125934896eee9665', '2019-01-16 18:01:09', 1171, NULL, NULL, NULL, NULL),
(686, 8, -433.3500, '92bd9ae3bec55ed499642e256120cf59', '2019-01-16 18:01:09', 263, NULL, NULL, NULL, NULL),
(687, 2, 433.3500, 'f5694dce3daef4e30b5c38fd51257463', '2019-01-16 18:01:09', 263, NULL, NULL, NULL, NULL),
(688, 8, -8100.0000, 'd6c1e52ebb32be1b6f35050191e2bc81', '2019-01-16 18:01:09', 2, NULL, NULL, NULL, NULL),
(689, 2, 8100.0000, '92dafc34b0e7ce8273c3269208a2eda7', '2019-01-16 18:01:09', 2, NULL, NULL, NULL, NULL),
(690, 8, -8100.0000, 'f352e2b045627d7a561e58cc48173058', '2019-01-16 18:01:09', 297, NULL, NULL, NULL, NULL),
(691, 2, 8100.0000, 'b22a5430ff814fb391e1d749ffa5d0b3', '2019-01-16 18:01:09', 297, NULL, NULL, NULL, NULL),
(692, 29, 0.0000, '36a58a6a9dcb81a144cc100c760f9248', '2019-01-18 13:46:11', 202, NULL, NULL, NULL, NULL),
(693, 5, 0.0000, '31732fc582c1054a7915bf8afa78773b', '2019-01-18 13:46:11', 202, NULL, NULL, NULL, NULL),
(694, 29, 0.0000, 'c5f2b11cefceb30a4e5621152b1c9a02', '2019-01-18 13:46:11', 204, NULL, NULL, NULL, NULL),
(695, 5, 0.0000, 'a88344f2ad16a9fb77eccfcac56e02f9', '2019-01-18 13:46:11', 204, NULL, NULL, NULL, NULL),
(696, 29, 0.0000, '426967ad4332ecc5e646d58b92493019', '2019-01-18 13:46:11', 206, NULL, NULL, NULL, NULL),
(697, 5, 0.0000, '178994f24f865f39c6620f51f98dff42', '2019-01-18 13:46:11', 206, NULL, NULL, NULL, NULL),
(698, 29, 0.0000, '182e14b9a30118794578f276024bbd5e', '2019-01-18 13:46:11', 494, NULL, NULL, NULL, NULL),
(699, 5, 0.0000, 'b08b87119b04b116b51a11ff2b617946', '2019-01-18 13:46:11', 494, NULL, NULL, NULL, NULL),
(700, 29, 0.0000, '30624bd84df206266351f524a1ef8a67', '2019-01-18 13:46:11', 496, NULL, NULL, NULL, NULL),
(701, 5, 0.0000, 'cea345298b2525266179d97a7311c180', '2019-01-18 13:46:11', 496, NULL, NULL, NULL, NULL),
(702, 29, 0.0000, '9cf76840cb6fcb267e4e159d880513ed', '2019-01-18 13:46:11', 498, NULL, NULL, NULL, NULL),
(703, 5, 0.0000, 'f0a64c1357eb43c71719a8b0812b5044', '2019-01-18 13:46:11', 498, NULL, NULL, NULL, NULL),
(704, 29, 0.0000, '9250c57a533f1436d84e8fd679843b1a', '2019-01-18 13:46:11', 781, NULL, NULL, NULL, NULL),
(705, 5, 0.0000, 'c2b800b0189c17655811ef9a7547c314', '2019-01-18 13:46:11', 781, NULL, NULL, NULL, NULL),
(706, 29, 0.0000, '465fed54270bcafcf19102b3302f4a90', '2019-01-18 13:46:11', 783, NULL, NULL, NULL, NULL),
(707, 5, 0.0000, 'bb027e95499d821ea2dd8050c90a63fe', '2019-01-18 13:46:11', 783, NULL, NULL, NULL, NULL),
(708, 29, 0.0000, '72c01b2a16420eab757406e0b0ff29ac', '2019-01-18 13:46:11', 785, NULL, NULL, NULL, NULL),
(709, 5, 0.0000, 'd31a8f7347144dd4f5fb35d6da94845d', '2019-01-18 13:46:11', 785, NULL, NULL, NULL, NULL),
(710, 29, 0.0000, '18023bf8203eba3c7c0fe5cb30ebe042', '2019-01-18 13:46:11', 1067, NULL, NULL, NULL, NULL),
(711, 5, 0.0000, '63f2784828a7e59bf36a30b122792f91', '2019-01-18 13:46:11', 1067, NULL, NULL, NULL, NULL),
(712, 29, 0.0000, 'c2f2daed1ab1f7bd9511d2c7000be2d2', '2019-01-18 13:46:11', 1069, NULL, NULL, NULL, NULL),
(713, 5, 0.0000, '48f807999099251096375891d552f1cc', '2019-01-18 13:46:11', 1069, NULL, NULL, NULL, NULL),
(714, 29, 0.0000, '07e9daaa4f911188f488a5ea99b53ed7', '2019-01-18 13:46:11', 1071, NULL, NULL, NULL, NULL),
(715, 5, 0.0000, '0354f7803f57e754a579d149489887c0', '2019-01-18 13:46:11', 1071, NULL, NULL, NULL, NULL),
(716, 29, -111.4350, 'b437d2815386c3d1ad8ef722d2e13a0a', '2019-01-18 13:46:11', 1152, NULL, NULL, NULL, NULL),
(717, 2, 111.4350, '1d56cf22113ab1240d774d843a1d0db5', '2019-01-18 13:46:11', 1152, NULL, NULL, NULL, NULL),
(718, 29, -13110.0000, '2604ca6a4d47809d67574fea4ea75d55', '2019-01-18 13:46:11', 892, NULL, NULL, NULL, NULL),
(719, 2, 13110.0000, 'c4e4d82080d9f395dce4e44796d69eb6', '2019-01-18 13:46:11', 892, NULL, NULL, NULL, NULL);

--
-- Disparadores `account_transactions`
--
DELIMITER $$
CREATE TRIGGER `account_transactions_AFTER_INSERT` AFTER INSERT ON `account_transactions` FOR EACH ROW BEGIN
	UPDATE accounts SET account_balance = (SELECT SUM(transaction_ammount) account_balance FROM account_transactions WHERE id_account = NEW.id_account) WHERE id_account = NEW.id_account;
END
$$
DELIMITER ;

-- --------------------------------------------------------

--
-- Estructura de tabla para la tabla `app_configurations`
--

CREATE TABLE `app_configurations` (
  `id_configuration` int(10) UNSIGNED NOT NULL,
  `config_scope` varchar(45) NOT NULL,
  `config_item` varchar(45) NOT NULL,
  `config_reference` varchar(45) DEFAULT NULL,
  `config_value` longtext
) ENGINE=InnoDB DEFAULT CHARSET=utf8;

-- --------------------------------------------------------

--
-- Estructura de tabla para la tabla `contracts`
--

CREATE TABLE `contracts` (
  `id_contract` int(10) UNSIGNED NOT NULL,
  `id_property` int(10) UNSIGNED NOT NULL,
  `id_user_tenant` int(10) UNSIGNED NOT NULL,
  `contract_date_start` date NOT NULL,
  `contract_date_end` date NOT NULL,
  `contract_rent_price` double(10,2) NOT NULL DEFAULT '0.00',
  `contract_interest` double(10,5) NOT NULL DEFAULT '0.00000',
  `contract_tenant_attachments` varchar(100) DEFAULT NULL,
  `contract_gas_check` tinyint(1) NOT NULL DEFAULT '0',
  `contract_electricity_check` tinyint(1) NOT NULL DEFAULT '0',
  `contract_expenses_check` tinyint(1) NOT NULL DEFAULT '0',
  `contract_expenses_attachments` varchar(100) DEFAULT NULL,
  `contract_payday_start` tinyint(4) NOT NULL DEFAULT '1',
  `contract_payday_limit` tinyint(4) NOT NULL DEFAULT '10',
  `contract_observations` text,
  `contract_voided` tinyint(1) NOT NULL DEFAULT '0',
  `contract_archived` tinyint(1) DEFAULT '0',
  `contract_commission` double(10,2) NOT NULL DEFAULT '0.00',
  `creation_date` datetime NOT NULL DEFAULT CURRENT_TIMESTAMP,
  `modification_date` datetime NOT NULL DEFAULT CURRENT_TIMESTAMP ON UPDATE CURRENT_TIMESTAMP,
  `deletion_date` datetime DEFAULT NULL
) ENGINE=InnoDB DEFAULT CHARSET=utf8;

--
-- Volcado de datos para la tabla `contracts`
--

INSERT INTO `contracts` (`id_contract`, `id_property`, `id_user_tenant`, `contract_date_start`, `contract_date_end`, `contract_rent_price`, `contract_interest`, `contract_tenant_attachments`, `contract_gas_check`, `contract_electricity_check`, `contract_expenses_check`, `contract_expenses_attachments`, `contract_payday_start`, `contract_payday_limit`, `contract_observations`, `contract_voided`, `contract_archived`, `contract_commission`, `creation_date`, `modification_date`, `deletion_date`) VALUES
(1, 2, 7, '2018-09-01', '2021-08-31', 19120.00, 0.00050, NULL, 0, 0, 0, NULL, 1, 10, NULL, 0, NULL, 0.00, '2018-10-30 15:44:03', '2018-10-30 15:44:03', NULL),
(2, 1, 120, '2017-09-01', '2020-08-31', 16290.00, 0.00050, NULL, 0, 0, 0, NULL, 1, 10, NULL, 0, NULL, 0.00, '2018-10-30 15:44:03', '2018-10-30 15:44:03', NULL),
(3, 3, 83, '2015-11-01', '2018-10-31', 36203.00, 0.00050, NULL, 0, 0, 0, NULL, 1, 10, NULL, 0, NULL, 0.00, '2018-10-30 15:44:03', '2018-10-30 15:44:03', NULL),
(4, 4, 116, '2017-04-01', '2019-03-31', 7833.00, 0.00050, NULL, 0, 0, 0, NULL, 1, 10, NULL, 0, NULL, 0.00, '2018-10-30 15:44:03', '2018-10-30 15:44:03', NULL),
(5, 5, 38, '2018-05-01', '2020-04-30', 11407.00, 0.00050, NULL, 0, 0, 0, NULL, 1, 10, NULL, 0, NULL, 0.00, '2018-10-30 15:44:03', '2018-10-30 15:44:03', NULL),
(6, 6, 72, '2018-04-01', '2020-03-31', 10038.00, 0.00050, NULL, 0, 0, 0, NULL, 1, 10, NULL, 0, NULL, 0.00, '2018-10-30 15:44:03', '2018-10-30 15:44:03', NULL),
(7, 7, 133, '2018-09-01', '2020-08-31', 19011.00, 0.00050, NULL, 0, 0, 0, NULL, 1, 10, NULL, 0, NULL, 0.00, '2018-10-30 15:44:03', '2018-10-30 15:44:03', NULL),
(8, 8, 12, '2018-09-01', '2020-08-31', 17490.00, 0.00050, NULL, 0, 0, 0, NULL, 1, 10, NULL, 0, NULL, 0.00, '2018-10-30 15:44:03', '2018-10-30 15:44:03', NULL),
(9, 9, 101, '2017-12-01', '2019-11-30', 12580.00, 0.00050, NULL, 0, 0, 0, NULL, 1, 10, NULL, 0, NULL, 0.00, '2018-10-30 15:44:03', '2018-10-30 15:44:03', NULL),
(10, 10, 79, '2018-03-01', '2020-02-29', 14144.00, 0.00050, NULL, 0, 0, 0, NULL, 1, 10, NULL, 0, NULL, 0.00, '2018-10-30 15:44:03', '2018-10-30 15:44:03', NULL),
(11, 11, 30, '2017-07-01', '2019-06-30', 10797.00, 0.00050, NULL, 0, 0, 0, NULL, 1, 10, NULL, 0, NULL, 0.00, '2018-10-30 15:44:03', '2018-10-30 15:44:03', NULL),
(12, 12, 41, '2017-01-01', '2018-12-01', 10650.00, 0.00050, NULL, 0, 0, 0, NULL, 1, 10, NULL, 0, NULL, 0.00, '2018-10-30 15:44:03', '2018-10-30 15:44:03', NULL),
(13, 13, 24, '2016-12-01', '0000-00-00', 22500.00, 0.00050, NULL, 0, 0, 0, NULL, 1, 10, NULL, 0, NULL, 0.00, '2018-10-30 15:44:03', '2018-10-30 15:44:03', NULL),
(14, 14, 82, '2017-03-01', '2019-02-28', 23575.00, 0.00050, NULL, 0, 0, 0, NULL, 1, 10, NULL, 0, NULL, 0.00, '2018-10-30 15:44:03', '2018-10-30 15:44:03', NULL),
(15, 16, 141, '2018-05-01', '2020-04-30', 10494.00, 0.00050, NULL, 0, 0, 0, NULL, 1, 10, NULL, 0, NULL, 0.00, '2018-10-30 15:44:03', '2018-10-30 15:44:03', NULL),
(16, 15, 125, '2018-08-01', '2021-07-31', 16292.00, 0.00050, NULL, 0, 0, 0, NULL, 1, 10, NULL, 0, NULL, 0.00, '2018-10-30 15:44:03', '2018-10-30 15:44:03', NULL),
(17, 18, 113, '2018-04-01', '2020-03-31', 9890.00, 0.00050, NULL, 0, 0, 0, NULL, 1, 10, NULL, 0, NULL, 0.00, '2018-10-30 15:44:03', '2018-10-30 15:44:03', NULL),
(18, 19, 86, '2018-04-01', '2020-03-31', 17034.00, 0.00050, NULL, 0, 0, 0, NULL, 1, 10, NULL, 0, NULL, 0.00, '2018-10-30 15:44:03', '2018-10-30 15:44:03', NULL),
(19, 20, 104, '2018-04-01', '2021-03-31', 32000.00, 0.00050, NULL, 0, 0, 0, NULL, 1, 10, NULL, 0, NULL, 0.00, '2018-10-30 15:44:03', '2018-10-30 15:44:03', NULL),
(20, 21, 55, '2017-12-01', '2019-11-30', 8364.00, 0.00050, NULL, 0, 0, 0, NULL, 1, 10, NULL, 0, NULL, 0.00, '2018-10-30 15:44:03', '2018-10-30 15:44:03', NULL),
(21, 22, 14, '2017-02-01', '2019-01-31', 7909.00, 0.00050, NULL, 0, 0, 0, NULL, 1, 10, NULL, 0, NULL, 0.00, '2018-10-30 15:44:03', '2018-10-30 15:44:03', NULL),
(22, 23, 99, '2016-12-01', '0000-00-00', 6200.00, 0.00050, NULL, 0, 0, 0, NULL, 1, 10, NULL, 0, NULL, 0.00, '2018-10-30 15:44:03', '2018-10-30 15:44:03', NULL),
(23, 25, 109, '2018-02-01', '2020-01-31', 22200.00, 0.00050, NULL, 0, 0, 0, NULL, 1, 10, NULL, 0, NULL, 0.00, '2018-10-30 15:44:03', '2018-10-30 15:44:03', NULL),
(25, 26, 45, '2018-08-01', '2020-07-31', 26600.00, 0.00050, NULL, 0, 0, 0, NULL, 1, 10, NULL, 0, NULL, 0.00, '2018-10-30 15:44:03', '2018-10-30 15:44:03', NULL),
(26, 28, 53, '2018-03-01', '2020-02-29', 17338.00, 0.00050, NULL, 0, 0, 0, NULL, 1, 10, NULL, 0, NULL, 0.00, '2018-10-30 15:44:03', '2018-10-30 15:44:03', NULL),
(27, 30, 105, '2018-04-01', '2020-03-31', 6707.00, 0.00050, NULL, 0, 0, 0, NULL, 1, 10, NULL, 0, NULL, 0.00, '2018-10-30 15:44:03', '2018-10-30 15:44:03', NULL),
(28, 31, 73, '2017-08-01', '2019-07-31', 7604.00, 0.00050, NULL, 0, 0, 0, NULL, 1, 10, NULL, 0, NULL, 0.00, '2018-10-30 15:44:03', '2018-10-30 15:44:03', NULL),
(29, 32, 47, '2017-02-01', '2019-01-31', 4867.00, 0.00050, NULL, 0, 0, 0, NULL, 1, 10, NULL, 0, NULL, 0.00, '2018-10-30 15:44:03', '2018-10-30 15:44:03', NULL),
(30, 34, 128, '2018-02-01', '2020-01-31', 12167.00, 0.00050, NULL, 0, 0, 0, NULL, 1, 10, NULL, 0, NULL, 0.00, '2018-10-30 15:44:03', '2018-10-30 15:44:03', NULL),
(31, 36, 143, '2018-07-01', '2020-06-30', 15969.00, 0.00050, NULL, 0, 0, 0, NULL, 1, 10, NULL, 0, NULL, 0.00, '2018-10-30 15:44:03', '2018-10-30 15:44:03', NULL),
(32, 37, 144, '2017-05-01', '2019-04-30', 4950.00, 0.00050, NULL, 0, 0, 0, NULL, 1, 10, NULL, 0, NULL, 0.00, '2018-10-30 15:44:03', '2018-10-30 15:44:03', NULL),
(33, 38, 34, '2018-07-01', '2020-06-30', 9630.00, 0.00050, NULL, 0, 0, 0, NULL, 1, 10, NULL, 0, NULL, 0.00, '2018-10-30 15:44:03', '2018-10-30 15:44:03', NULL),
(34, 39, 56, '2018-01-01', '2019-12-31', 9600.00, 0.00050, NULL, 0, 0, 0, NULL, 1, 10, NULL, 0, NULL, 0.00, '2018-10-30 15:44:03', '2018-10-30 15:44:03', NULL),
(35, 40, 95, '2017-09-01', '2019-08-31', 12927.00, 0.00050, NULL, 0, 0, 0, NULL, 1, 10, NULL, 0, NULL, 0.00, '2018-10-30 15:44:03', '2018-10-30 15:44:03', NULL),
(36, 41, 52, '2018-08-01', '2020-07-31', 7300.00, 0.00050, NULL, 0, 0, 0, NULL, 1, 10, NULL, 0, NULL, 0.00, '2018-10-30 15:44:03', '2018-10-30 15:44:03', NULL);

-- --------------------------------------------------------

--
-- Estructura de tabla para la tabla `contract_bonifications`
--

CREATE TABLE `contract_bonifications` (
  `id_bonification` int(10) UNSIGNED NOT NULL,
  `id_contract` int(10) UNSIGNED NOT NULL,
  `bonification_name` varchar(100) NOT NULL,
  `bonification_rate` double(12,2) NOT NULL DEFAULT '0.00',
  `bonification_date_start` date NOT NULL,
  `bonification_date_end` date NOT NULL,
  `bonification_observations` text,
  `creation_date` datetime NOT NULL DEFAULT CURRENT_TIMESTAMP,
  `modification_date` datetime NOT NULL DEFAULT CURRENT_TIMESTAMP ON UPDATE CURRENT_TIMESTAMP,
  `deletion_date` datetime DEFAULT NULL
) ENGINE=InnoDB DEFAULT CHARSET=utf8;

--
-- Volcado de datos para la tabla `contract_bonifications`
--

INSERT INTO `contract_bonifications` (`id_bonification`, `id_contract`, `bonification_name`, `bonification_rate`, `bonification_date_start`, `bonification_date_end`, `bonification_observations`, `creation_date`, `modification_date`, `deletion_date`) VALUES
(1, 2, 'Acuerdo', 8190.00, '2018-09-01', '2019-03-01', NULL, '2018-10-30 15:44:03', '2018-10-30 15:44:03', NULL),
(2, 2, 'Acuerdo', 6975.00, '2019-03-01', '2019-09-01', NULL, '2018-10-30 15:44:03', '2018-10-30 15:44:03', NULL),
(3, 2, 'Acuerdo', 5580.00, '2019-09-01', '2020-03-01', NULL, '2018-10-30 15:44:03', '2018-10-30 15:44:03', NULL),
(4, 2, 'Acuerdo', 3973.00, '2020-03-01', '2020-09-01', NULL, '2018-10-30 15:44:03', '2018-10-30 15:44:03', NULL),
(5, 2, 'Acuerdo', 2155.00, '2020-09-01', '2021-03-01', NULL, '2018-10-30 15:44:03', '2018-10-30 15:44:03', NULL),
(7, 1, 'Acuerdo', 9608.00, '2017-09-01', '2018-03-01', NULL, '2018-10-30 15:44:03', '2018-10-30 15:44:03', NULL),
(8, 1, 'Acuerdo', 8183.00, '2018-03-01', '2018-09-01', NULL, '2018-10-30 15:44:03', '2018-10-30 15:44:03', NULL),
(9, 1, 'Acuerdo', 6544.00, '2018-09-01', '2019-03-01', NULL, '2018-10-30 15:44:03', '2018-10-30 15:44:03', NULL),
(10, 1, 'Acuerdo', 4660.00, '2019-03-01', '2019-09-01', NULL, '2018-10-30 15:44:03', '2018-10-30 15:44:03', NULL),
(11, 1, 'Acuerdo', 2192.00, '2019-09-01', '2020-03-01', NULL, '2018-10-30 15:44:03', '2018-10-30 15:44:03', NULL),
(13, 3, 'Acuerdo', 18203.00, '2015-11-01', '2016-05-01', NULL, '2018-10-30 15:44:03', '2018-10-30 15:44:03', NULL),
(14, 3, 'Acuerdo', 15503.00, '2016-05-01', '2016-11-01', NULL, '2018-10-30 15:44:03', '2018-10-30 15:44:03', NULL),
(15, 3, 'Acuerdo', 12398.00, '2016-11-01', '2017-05-01', NULL, '2018-10-30 15:44:03', '2018-10-30 15:44:03', NULL),
(16, 3, 'Acuerdo', 8828.00, '2017-05-01', '2017-11-01', NULL, '2018-10-30 15:44:03', '2018-10-30 15:44:03', NULL),
(17, 3, 'Acuerdo', 4722.00, '2017-11-01', '2018-05-01', NULL, '2018-10-30 15:44:03', '2018-10-30 15:44:03', NULL),
(19, 4, 'Acuerdo', 2683.00, '2017-04-01', '2017-10-01', NULL, '2018-10-30 15:44:03', '2018-10-30 15:44:03', NULL),
(20, 4, 'Acuerdo', 1910.00, '2017-10-01', '2018-04-01', NULL, '2018-10-30 15:44:03', '2018-10-30 15:44:03', NULL),
(21, 4, 'Acuerdo', 1022.00, '2018-04-01', '2018-10-01', NULL, '2018-10-30 15:44:03', '2018-10-30 15:44:03', NULL),
(23, 5, 'Acuerdo', 7585.00, '2018-05-01', '2018-11-01', NULL, '2018-10-30 15:44:03', '2018-10-30 15:44:03', NULL),
(24, 5, 'Acuerdo', 6460.00, '2018-11-01', '2019-05-01', NULL, '2018-10-30 15:44:03', '2018-10-30 15:44:03', NULL),
(25, 5, 'Acuerdo', 5166.00, '2019-05-01', '2019-11-01', NULL, '2018-10-30 15:44:03', '2018-10-30 15:44:03', NULL),
(27, 6, 'Acuerdo', 3438.00, '2018-04-01', '2018-10-01', NULL, '2018-10-30 15:44:03', '2018-10-30 15:44:03', NULL),
(28, 6, 'Acuerdo', 2448.00, '2018-10-01', '2019-04-01', NULL, '2018-10-30 15:44:03', '2018-10-30 15:44:03', NULL),
(29, 6, 'Acuerdo', 1310.00, '2019-04-01', '2019-10-01', NULL, '2018-10-30 15:44:03', '2018-10-30 15:44:03', NULL),
(31, 7, 'Acuerdo', 6511.00, '2018-09-01', '2019-03-01', NULL, '2018-10-30 15:44:03', '2018-10-30 15:44:03', NULL),
(32, 7, 'Acuerdo', 4636.00, '2019-03-01', '2019-09-01', NULL, '2018-10-30 15:44:03', '2018-10-30 15:44:03', NULL),
(33, 7, 'Acuerdo', 2480.00, '2019-09-01', '2020-03-01', NULL, '2018-10-30 15:44:03', '2018-10-30 15:44:03', NULL),
(35, 8, 'Acuerdo', 5990.00, '2018-09-01', '2019-03-01', NULL, '2018-10-30 15:44:03', '2018-10-30 15:44:03', NULL),
(36, 8, 'Acuerdo', 4265.00, '2019-03-01', '2019-09-01', NULL, '2018-10-30 15:44:03', '2018-10-30 15:44:03', NULL),
(37, 8, 'Acuerdo', 2281.00, '2019-09-01', '2020-03-01', NULL, '2018-10-30 15:44:03', '2018-10-30 15:44:03', NULL),
(39, 9, 'Acuerdo', 3980.00, '2017-12-01', '2018-06-01', NULL, '2018-10-30 15:44:03', '2018-10-30 15:44:03', NULL),
(40, 9, 'Acuerdo', 3820.00, '2018-06-01', '2018-12-01', NULL, '2018-10-30 15:44:03', '2018-10-30 15:44:03', NULL),
(41, 9, 'Acuerdo', 1500.00, '2018-12-01', '2019-06-01', NULL, '2018-10-30 15:44:03', '2018-10-30 15:44:03', NULL),
(43, 10, 'Acuerdo', 4844.00, '2018-03-01', '2018-09-01', NULL, '2018-10-30 15:44:03', '2018-10-30 15:44:03', NULL),
(44, 10, 'Acuerdo', 3449.00, '2018-09-01', '2019-03-01', NULL, '2018-10-30 15:44:03', '2018-10-30 15:44:03', NULL),
(45, 10, 'Acuerdo', 1844.00, '2019-03-01', '2019-09-01', NULL, '2018-10-30 15:44:03', '2018-10-30 15:44:03', NULL),
(47, 11, 'Acuerdo', 3700.00, '2017-07-01', '2018-01-01', NULL, '2018-10-30 15:44:03', '2018-10-30 15:44:03', NULL),
(48, 11, 'Acuerdo', 2630.00, '2018-01-01', '2018-07-01', NULL, '2018-10-30 15:44:03', '2018-10-30 15:44:03', NULL),
(49, 11, 'Acuerdo', 1408.00, '2018-07-01', '2019-01-01', NULL, '2018-10-30 15:44:03', '2018-10-30 15:44:03', NULL),
(51, 12, 'Acuerdo', 3650.00, '2017-01-01', '2017-07-01', NULL, '2018-10-30 15:44:03', '2018-10-30 15:44:03', NULL),
(52, 12, 'Acuerdo', 2600.00, '2017-07-01', '2018-01-01', NULL, '2018-10-30 15:44:03', '2018-10-30 15:44:03', NULL),
(53, 12, 'Acuerdo', 1390.00, '2018-01-01', '2018-07-01', NULL, '2018-10-30 15:44:03', '2018-10-30 15:44:03', NULL),
(55, 14, 'Acuerdo', 8075.00, '2017-03-01', '2017-11-01', NULL, '2018-10-30 15:44:03', '2018-10-30 15:44:03', NULL),
(56, 14, 'Acuerdo', 5748.00, '2017-11-01', '2018-03-01', NULL, '2018-10-30 15:44:03', '2018-10-30 15:44:03', NULL),
(57, 14, 'Acuerdo', 3075.00, '2018-03-01', '2018-11-01', NULL, '2018-10-30 15:44:03', '2018-10-30 15:44:03', NULL),
(59, 16, 'Acuerdo', 8192.00, '2018-08-01', '2019-02-01', NULL, '2018-10-30 15:44:03', '2018-10-30 15:44:03', NULL),
(60, 16, 'Acuerdo', 6977.00, '2019-02-01', '2019-08-01', NULL, '2018-10-30 15:44:03', '2018-10-30 15:44:03', NULL),
(61, 16, 'Acuerdo', 5580.00, '2019-08-01', '2020-02-01', NULL, '2018-10-30 15:44:03', '2018-10-30 15:44:03', NULL),
(62, 16, 'Acuerdo', 3973.00, '2020-02-01', '2020-08-01', NULL, '2018-10-30 15:44:03', '2018-10-30 15:44:03', NULL),
(63, 16, 'Acuerdo', 2125.00, '2020-08-01', '2021-02-01', NULL, '2018-10-30 15:44:03', '2018-10-30 15:44:03', NULL),
(65, 15, 'Acuerdo', 3594.00, '2018-05-01', '2018-11-01', NULL, '2018-10-30 15:44:03', '2018-10-30 15:44:03', NULL),
(66, 15, 'Acuerdo', 2559.00, '2018-11-01', '2019-05-01', NULL, '2018-10-30 15:44:03', '2018-10-30 15:44:03', NULL),
(67, 15, 'Acuerdo', 1369.00, '2019-05-01', '2019-11-01', NULL, '2018-10-30 15:44:03', '2018-10-30 15:44:03', NULL),
(69, 17, 'Acuerdo', 3390.00, '2018-04-01', '2018-10-01', NULL, '2018-10-30 15:44:03', '2018-10-30 15:44:03', NULL),
(70, 17, 'Acuerdo', 2415.00, '2018-10-01', '2019-04-01', NULL, '2018-10-30 15:44:03', '2018-10-30 15:44:03', NULL),
(71, 17, 'Acuerdo', 1290.00, '2019-04-01', '2019-10-01', NULL, '2018-10-30 15:44:03', '2018-10-30 15:44:03', NULL),
(73, 18, 'Acuerdo', 5834.00, '2018-04-01', '2018-10-01', NULL, '2018-10-30 15:44:03', '2018-10-30 15:44:03', NULL),
(74, 18, 'Acuerdo', 4154.00, '2018-10-01', '2019-04-01', NULL, '2018-10-30 15:44:03', '2018-10-30 15:44:03', NULL),
(75, 18, 'Acuerdo', 2222.00, '2019-04-01', '2019-10-01', NULL, '2018-10-30 15:44:03', '2018-10-30 15:44:03', NULL),
(77, 19, 'Acuerdo', 15500.00, '2018-04-01', '2018-10-01', NULL, '2018-10-30 15:44:03', '2018-10-30 15:44:03', NULL),
(78, 19, 'Acuerdo', 13000.00, '2018-10-01', '2019-04-01', NULL, '2018-10-30 15:44:03', '2018-10-30 15:44:03', NULL),
(79, 19, 'Acuerdo', 10200.00, '2019-04-01', '2019-10-01', NULL, '2018-10-30 15:44:03', '2018-10-30 15:44:03', NULL),
(80, 19, 'Acuerdo', 7000.00, '2019-10-01', '2020-04-01', NULL, '2018-10-30 15:44:03', '2018-10-30 15:44:03', NULL),
(81, 19, 'Acuerdo', 4000.00, '2020-04-01', '2020-10-01', NULL, '2018-10-30 15:44:03', '2018-10-30 15:44:03', NULL),
(83, 20, 'Acuerdo', 2864.00, '2017-12-01', '2018-06-01', NULL, '2018-10-30 15:44:03', '2018-10-30 15:44:03', NULL),
(84, 20, 'Acuerdo', 2039.00, '2018-06-01', '2018-12-01', NULL, '2018-10-30 15:44:03', '2018-10-30 15:44:03', NULL),
(85, 20, 'Acuerdo', 1091.00, '2018-12-01', '2019-06-01', NULL, '2018-10-30 15:44:03', '2018-10-30 15:44:03', NULL),
(87, 21, 'Acuerdo', 2709.00, '2017-02-01', '2017-08-01', NULL, '2018-10-30 15:44:03', '2018-10-30 15:44:03', NULL),
(88, 21, 'Acuerdo', 1929.00, '2017-08-01', '2018-02-01', NULL, '2018-10-30 15:44:03', '2018-10-30 15:44:03', NULL),
(89, 21, 'Acuerdo', 1032.00, '2018-02-01', '2018-08-01', NULL, '2018-10-30 15:44:03', '2018-10-30 15:44:03', NULL),
(91, 23, 'Acuerdo', 7800.00, '2018-02-01', '2018-10-01', NULL, '2018-10-30 15:44:03', '2018-10-30 15:44:03', NULL),
(92, 23, 'Acuerdo', 3800.00, '2018-10-01', '2019-06-01', NULL, '2018-10-30 15:44:03', '2018-10-30 15:44:03', NULL),
(94, 25, 'Acuerdo', 9100.00, '2018-08-01', '2019-02-01', NULL, '2018-10-30 15:44:03', '2018-10-30 15:44:03', NULL),
(95, 25, 'Acuerdo', 6475.00, '2019-02-01', '2019-08-01', NULL, '2018-10-30 15:44:03', '2018-10-30 15:44:03', NULL),
(96, 25, 'Acuerdo', 3460.00, '2019-08-01', '2020-02-01', NULL, '2018-10-30 15:44:03', '2018-10-30 15:44:03', NULL),
(98, 26, 'Acuerdo', 5938.00, '2018-03-01', '2018-09-01', NULL, '2018-10-30 15:44:03', '2018-10-30 15:44:03', NULL),
(99, 26, 'Acuerdo', 4228.00, '2018-09-01', '2019-03-01', NULL, '2018-10-30 15:44:03', '2018-10-30 15:44:03', NULL),
(100, 26, 'Acuerdo', 2261.00, '2019-03-01', '2019-09-01', NULL, '2018-10-30 15:44:03', '2018-10-30 15:44:03', NULL),
(102, 28, 'Acuerdo', 2604.00, '2017-08-01', '2018-02-01', NULL, '2018-10-30 15:44:03', '2018-10-30 15:44:03', NULL),
(103, 28, 'Acuerdo', 1854.00, '2018-02-01', '2018-08-01', NULL, '2018-10-30 15:44:03', '2018-10-30 15:44:03', NULL),
(104, 28, 'Acuerdo', 991.00, '2018-08-01', '2019-02-01', NULL, '2018-10-30 15:44:03', '2018-10-30 15:44:03', NULL),
(106, 29, 'Acuerdo', 1667.00, '2017-02-01', '2017-08-01', NULL, '2018-10-30 15:44:03', '2018-10-30 15:44:03', NULL),
(107, 29, 'Acuerdo', 1187.00, '2017-08-01', '2018-02-01', NULL, '2018-10-30 15:44:03', '2018-10-30 15:44:03', NULL),
(108, 29, 'Acuerdo', 635.00, '2018-02-01', '2018-08-01', NULL, '2018-10-30 15:44:03', '2018-10-30 15:44:03', NULL),
(110, 30, 'Acuerdo', 4167.00, '2018-02-01', '2018-08-01', NULL, '2018-10-30 15:44:03', '2018-10-30 15:44:03', NULL),
(111, 30, 'Acuerdo', 2967.00, '2019-02-01', '2019-08-01', NULL, '2018-10-30 15:44:03', '2018-10-30 15:44:03', NULL),
(112, 30, 'Acuerdo', 1587.00, '2020-02-01', '2019-08-01', NULL, '2018-10-30 15:44:03', '2018-10-30 15:44:03', NULL),
(114, 31, 'Acuerdo', 5869.00, '2018-07-01', '2019-01-01', NULL, '2018-10-30 15:44:03', '2018-10-30 15:44:03', NULL),
(115, 31, 'Acuerdo', 3894.00, '2019-01-01', '2019-07-01', NULL, '2018-10-30 15:44:03', '2018-10-30 15:44:03', NULL),
(116, 31, 'Acuerdo', 2083.00, '2019-07-01', '2020-01-01', NULL, '2018-10-30 15:44:03', '2018-10-30 15:44:03', NULL),
(118, 32, 'Acuerdo', 1200.00, '2017-05-01', '2018-01-01', NULL, '2018-10-30 15:44:03', '2018-10-30 15:44:03', NULL),
(119, 32, 'Acuerdo', 650.00, '2018-01-01', '2018-09-01', NULL, '2018-10-30 15:44:03', '2018-10-30 15:44:03', NULL),
(121, 33, 'Acuerdo', 3130.00, '2018-07-01', '2019-01-01', NULL, '2018-10-30 15:44:03', '2018-10-30 15:44:03', NULL),
(122, 33, 'Acuerdo', 2220.00, '2019-01-01', '2019-07-01', NULL, '2018-10-30 15:44:03', '2018-10-30 15:44:03', NULL),
(123, 33, 'Acuerdo', 1183.00, '2019-07-01', '2020-01-01', NULL, '2018-10-30 15:44:03', '2018-10-30 15:44:03', NULL),
(125, 34, 'Acuerdo', 3300.00, '2018-01-01', '2018-07-01', NULL, '2018-10-30 15:44:03', '2018-10-30 15:44:03', NULL),
(126, 34, 'Acuerdo', 2380.00, '2018-07-01', '2019-01-01', NULL, '2018-10-30 15:44:03', '2018-10-30 15:44:03', NULL),
(127, 34, 'Acuerdo', 1300.00, '2019-01-01', '2019-07-01', NULL, '2018-10-30 15:44:03', '2018-10-30 15:44:03', NULL),
(129, 35, 'Acuerdo', 4427.00, '2017-09-01', '2018-03-01', NULL, '2018-10-30 15:44:03', '2018-10-30 15:44:03', NULL),
(130, 35, 'Acuerdo', 3152.00, '2018-03-01', '2018-09-01', NULL, '2018-10-30 15:44:03', '2018-10-30 15:44:03', NULL),
(131, 35, 'Acuerdo', 1686.00, '2018-09-01', '2019-03-01', NULL, '2018-10-30 15:44:03', '2018-10-30 15:44:03', NULL);

-- --------------------------------------------------------

--
-- Estructura de tabla para la tabla `contract_guarantors`
--

CREATE TABLE `contract_guarantors` (
  `id_guarantor` int(10) UNSIGNED NOT NULL,
  `id_user_guarantor` int(10) UNSIGNED NOT NULL,
  `id_contract` int(10) UNSIGNED NOT NULL,
  `guarantor_attachments` varchar(100) DEFAULT NULL,
  `guarantor_observations` varchar(100) DEFAULT NULL,
  `creation_date` datetime NOT NULL DEFAULT CURRENT_TIMESTAMP,
  `modification_date` datetime NOT NULL DEFAULT CURRENT_TIMESTAMP ON UPDATE CURRENT_TIMESTAMP,
  `deletion_date` datetime DEFAULT NULL
) ENGINE=InnoDB DEFAULT CHARSET=utf8;

--
-- Volcado de datos para la tabla `contract_guarantors`
--

INSERT INTO `contract_guarantors` (`id_guarantor`, `id_user_guarantor`, `id_contract`, `guarantor_attachments`, `guarantor_observations`, `creation_date`, `modification_date`, `deletion_date`) VALUES
(1, 28, 1, NULL, NULL, '2018-10-30 15:44:03', '2018-10-30 15:44:03', NULL),
(2, 89, 1, NULL, NULL, '2018-10-30 15:44:03', '2018-10-30 15:44:03', NULL),
(5, 21, 4, NULL, NULL, '2018-10-30 15:44:03', '2018-10-30 15:44:03', NULL),
(6, 117, 4, NULL, NULL, '2018-10-30 15:44:03', '2018-10-30 15:44:03', NULL),
(8, 22, 6, NULL, NULL, '2018-10-30 15:44:03', '2018-10-30 15:44:03', NULL),
(9, 62, 6, NULL, NULL, '2018-10-30 15:44:03', '2018-10-30 15:44:03', NULL),
(10, 98, 6, NULL, NULL, '2018-10-30 15:44:03', '2018-10-30 15:44:03', NULL),
(11, 131, 7, NULL, NULL, '2018-10-30 15:44:03', '2018-10-30 15:44:03', NULL),
(12, 134, 7, NULL, NULL, '2018-10-30 15:44:03', '2018-10-30 15:44:03', NULL),
(13, 132, 7, NULL, NULL, '2018-10-30 15:44:03', '2018-10-30 15:44:03', NULL),
(14, 11, 8, NULL, NULL, '2018-10-30 15:44:03', '2018-10-30 15:44:03', NULL),
(15, 96, 8, NULL, NULL, '2018-10-30 15:44:03', '2018-10-30 15:44:03', NULL),
(16, 36, 8, NULL, NULL, '2018-10-30 15:44:03', '2018-10-30 15:44:03', NULL),
(17, 102, 9, NULL, NULL, '2018-10-30 15:44:03', '2018-10-30 15:44:03', NULL),
(18, 63, 9, NULL, NULL, '2018-10-30 15:44:03', '2018-10-30 15:44:03', NULL),
(19, 78, 10, NULL, NULL, '2018-10-30 15:44:03', '2018-10-30 15:44:03', NULL),
(20, 77, 10, NULL, NULL, '2018-10-30 15:44:03', '2018-10-30 15:44:03', NULL),
(21, 139, 11, NULL, NULL, '2018-10-30 15:44:03', '2018-10-30 15:44:03', NULL),
(22, 84, 12, NULL, NULL, '2018-10-30 15:44:03', '2018-10-30 15:44:03', NULL),
(23, 92, 12, NULL, NULL, '2018-10-30 15:44:03', '2018-10-30 15:44:03', NULL),
(24, 93, 12, NULL, NULL, '2018-10-30 15:44:03', '2018-10-30 15:44:03', NULL),
(25, 51, 12, NULL, NULL, '2018-10-30 15:44:03', '2018-10-30 15:44:03', NULL),
(26, 42, 12, NULL, NULL, '2018-10-30 15:44:03', '2018-10-30 15:44:03', NULL),
(27, 25, 13, NULL, NULL, '2018-10-30 15:44:03', '2018-10-30 15:44:03', NULL),
(28, 32, 13, NULL, NULL, '2018-10-30 15:44:03', '2018-10-30 15:44:03', NULL),
(29, 26, 14, NULL, NULL, '2018-10-30 15:44:03', '2018-10-30 15:44:03', NULL),
(30, 9, 14, NULL, NULL, '2018-10-30 15:44:03', '2018-10-30 15:44:03', NULL),
(31, 68, 15, NULL, NULL, '2018-10-30 15:44:03', '2018-10-30 15:44:03', NULL),
(32, 66, 15, NULL, NULL, '2018-10-30 15:44:03', '2018-10-30 15:44:03', NULL),
(35, 114, 17, NULL, NULL, '2018-10-30 15:44:03', '2018-10-30 15:44:03', NULL),
(36, 136, 17, NULL, NULL, '2018-10-30 15:44:03', '2018-10-30 15:44:03', NULL),
(37, 85, 18, NULL, NULL, '2018-10-30 15:44:03', '2018-10-30 15:44:03', NULL),
(38, 76, 18, NULL, NULL, '2018-10-30 15:44:03', '2018-10-30 15:44:03', NULL),
(39, 17, 18, NULL, NULL, '2018-10-30 15:44:03', '2018-10-30 15:44:03', NULL),
(40, 115, 19, NULL, NULL, '2018-10-30 15:44:03', '2018-10-30 15:44:03', NULL),
(41, 71, 19, NULL, NULL, '2018-10-30 15:44:03', '2018-10-30 15:44:03', NULL),
(42, 27, 19, NULL, NULL, '2018-10-30 15:44:03', '2018-10-30 15:44:03', NULL),
(43, 74, 20, NULL, NULL, '2018-10-30 15:44:03', '2018-10-30 15:44:03', NULL),
(44, 126, 20, NULL, NULL, '2018-10-30 15:44:03', '2018-10-30 15:44:03', NULL),
(45, 16, 21, NULL, NULL, '2018-10-30 15:44:03', '2018-10-30 15:44:03', NULL),
(46, 15, 21, NULL, NULL, '2018-10-30 15:44:03', '2018-10-30 15:44:03', NULL),
(47, 13, 21, NULL, NULL, '2018-10-30 15:44:03', '2018-10-30 15:44:03', NULL),
(48, 140, 22, NULL, NULL, '2018-10-30 15:44:03', '2018-10-30 15:44:03', NULL),
(49, 110, 23, NULL, NULL, '2018-10-30 15:44:03', '2018-10-30 15:44:03', NULL),
(50, 123, 23, NULL, NULL, '2018-10-30 15:44:03', '2018-10-30 15:44:03', NULL),
(51, 18, 25, NULL, NULL, '2018-10-30 15:44:03', '2018-10-30 15:44:03', NULL),
(52, 19, 25, NULL, NULL, '2018-10-30 15:44:03', '2018-10-30 15:44:03', NULL),
(53, 46, 25, NULL, NULL, '2018-10-30 15:44:03', '2018-10-30 15:44:03', NULL),
(54, 44, 25, NULL, NULL, '2018-10-30 15:44:03', '2018-10-30 15:44:03', NULL),
(55, 121, 25, NULL, NULL, '2018-10-30 15:44:03', '2018-10-30 15:44:03', NULL),
(56, 91, 26, NULL, NULL, '2018-10-30 15:44:03', '2018-10-30 15:44:03', NULL),
(57, 54, 26, NULL, NULL, '2018-10-30 15:44:03', '2018-10-30 15:44:03', NULL),
(58, 106, 27, NULL, NULL, '2018-10-30 15:44:03', '2018-10-30 15:44:03', NULL),
(59, 75, 28, NULL, NULL, '2018-10-30 15:44:03', '2018-10-30 15:44:03', NULL),
(60, 60, 28, NULL, NULL, '2018-10-30 15:44:03', '2018-10-30 15:44:03', NULL),
(61, 50, 29, NULL, NULL, '2018-10-30 15:44:03', '2018-10-30 15:44:03', NULL),
(62, 49, 29, NULL, NULL, '2018-10-30 15:44:03', '2018-10-30 15:44:03', NULL),
(63, 64, 29, NULL, NULL, '2018-10-30 15:44:03', '2018-10-30 15:44:03', NULL),
(64, 10, 30, NULL, NULL, '2018-10-30 15:44:03', '2018-10-30 15:44:03', NULL),
(65, 127, 30, NULL, NULL, '2018-10-30 15:44:03', '2018-10-30 15:44:03', NULL),
(66, 122, 31, NULL, NULL, '2018-10-30 15:44:03', '2018-10-30 15:44:03', NULL),
(67, 142, 31, NULL, NULL, '2018-10-30 15:44:03', '2018-10-30 15:44:03', NULL),
(68, 87, 32, NULL, NULL, '2018-10-30 15:44:03', '2018-10-30 15:44:03', NULL),
(69, 61, 32, NULL, NULL, '2018-10-30 15:44:03', '2018-10-30 15:44:03', NULL),
(70, 8, 32, NULL, NULL, '2018-10-30 15:44:03', '2018-10-30 15:44:03', NULL),
(71, 100, 33, NULL, NULL, '2018-10-30 15:44:03', '2018-10-30 15:44:03', NULL),
(72, 33, 33, NULL, NULL, '2018-10-30 15:44:03', '2018-10-30 15:44:03', NULL),
(74, 57, 34, NULL, NULL, '2018-10-30 15:44:03', '2018-10-30 15:44:03', NULL),
(75, 31, 34, NULL, NULL, '2018-10-30 15:44:03', '2018-10-30 15:44:03', NULL),
(77, 94, 35, NULL, NULL, '2018-10-30 15:44:03', '2018-10-30 15:44:03', NULL),
(78, 130, 35, NULL, NULL, '2018-10-30 15:44:03', '2018-10-30 15:44:03', NULL),
(79, 35, 35, NULL, NULL, '2018-10-30 15:44:03', '2018-10-30 15:44:03', NULL),
(80, 97, 35, NULL, NULL, '2018-10-30 15:44:03', '2018-10-30 15:44:03', NULL),
(81, 69, 36, NULL, NULL, '2018-10-30 15:44:03', '2018-10-30 15:44:03', NULL),
(82, 23, 36, NULL, NULL, '2018-10-30 15:44:03', '2018-10-30 15:44:03', NULL);

-- --------------------------------------------------------

--
-- Estructura de tabla para la tabla `expenses`
--

CREATE TABLE `expenses` (
  `id_expense` int(10) UNSIGNED NOT NULL,
  `id_expense_type` int(10) UNSIGNED NOT NULL,
  `expense_name` varchar(100) NOT NULL,
  `expense_description` text,
  `expense_website` varchar(150) DEFAULT NULL,
  `creation_date` datetime NOT NULL DEFAULT CURRENT_TIMESTAMP,
  `modification_date` datetime NOT NULL DEFAULT CURRENT_TIMESTAMP ON UPDATE CURRENT_TIMESTAMP,
  `deletion_date` datetime DEFAULT NULL
) ENGINE=InnoDB DEFAULT CHARSET=utf8;

--
-- Volcado de datos para la tabla `expenses`
--

INSERT INTO `expenses` (`id_expense`, `id_expense_type`, `expense_name`, `expense_description`, `expense_website`, `creation_date`, `modification_date`, `deletion_date`) VALUES
(1, 2, 'Aguas Cordobesas', NULL, NULL, '2018-10-30 15:44:03', '2018-10-30 15:44:03', NULL),
(2, 2, 'Ecogas', NULL, NULL, '2018-10-30 15:44:03', '2018-10-30 15:44:03', NULL),
(3, 2, 'EPEC', NULL, NULL, '2018-10-30 15:44:03', '2018-10-30 15:44:03', NULL),
(4, 2, 'Municipalidad de Cordoba', NULL, NULL, '2018-10-30 15:44:03', '2018-10-30 15:44:03', NULL),
(5, 2, 'Rentas', NULL, NULL, '2018-10-30 15:44:03', '2018-10-30 15:44:03', NULL),
(6, 4, 'Intereses', NULL, NULL, '2018-10-30 15:44:03', '2018-10-30 15:44:03', NULL),
(7, 1, 'Comisión inmobiliaria', NULL, NULL, '2018-10-30 15:44:03', '2018-10-30 15:44:03', NULL),
(8, 7, 'Plomeria', NULL, NULL, '2018-10-30 15:44:03', '2018-10-30 15:44:03', NULL),
(9, 7, 'Electricidad', NULL, NULL, '2018-10-30 15:44:03', '2018-10-30 15:44:03', NULL),
(10, 7, 'Albañileria', NULL, NULL, '2018-10-30 15:44:03', '2018-10-30 15:44:03', NULL),
(11, 2, 'Gas', NULL, NULL, '2018-10-30 15:44:03', '2018-10-30 15:44:03', NULL),
(12, 6, 'De todo un poco', NULL, NULL, '2018-10-30 15:44:03', '2018-10-30 15:44:03', NULL),
(13, 1, 'Multa', NULL, NULL, '2018-10-30 15:44:03', '2018-10-30 15:44:03', NULL),
(14, 3, 'Expensas Ordinarias', NULL, NULL, '2018-10-30 15:44:03', '2018-10-30 15:44:03', NULL),
(15, 3, 'Expensas Extraordinarias', NULL, NULL, '2018-10-30 15:44:03', '2018-10-30 15:44:03', NULL),
(16, 7, 'Pintura', NULL, NULL, '2018-10-30 15:44:03', '2018-10-30 15:44:03', NULL),
(17, 3, 'Expensas', '', NULL, '2019-01-09 19:01:12', '2019-01-09 19:01:12', NULL),
(18, 3, 'Expensas', 'Expenas', NULL, '2019-01-09 19:01:56', '2019-01-09 19:01:56', NULL),
(19, 3, 'Expensas', NULL, NULL, '2019-01-09 19:24:15', '2019-01-09 19:24:15', NULL);

-- --------------------------------------------------------

--
-- Estructura de tabla para la tabla `expense_types`
--

CREATE TABLE `expense_types` (
  `id_expense_type` int(10) UNSIGNED NOT NULL,
  `type_name` varchar(100) NOT NULL,
  `type_description` text,
  `type_order` tinyint(4) NOT NULL DEFAULT '0',
  `creation_date` datetime NOT NULL DEFAULT CURRENT_TIMESTAMP,
  `modification_date` datetime NOT NULL DEFAULT CURRENT_TIMESTAMP ON UPDATE CURRENT_TIMESTAMP,
  `deletion_date` datetime DEFAULT NULL
) ENGINE=InnoDB DEFAULT CHARSET=utf8;

--
-- Volcado de datos para la tabla `expense_types`
--

INSERT INTO `expense_types` (`id_expense_type`, `type_name`, `type_description`, `type_order`, `creation_date`, `modification_date`, `deletion_date`) VALUES
(1, 'Administrativo', 'NULL', 1, '0000-00-00 00:00:00', '0000-00-00 00:00:00', '0000-00-00 00:00:00'),
(2, 'Impuestos y Servicios', 'NULL', 2, '0000-00-00 00:00:00', '0000-00-00 00:00:00', '0000-00-00 00:00:00'),
(3, 'Expensa', 'NULL', 3, '0000-00-00 00:00:00', '0000-00-00 00:00:00', '0000-00-00 00:00:00'),
(4, 'Intereses', 'NULL', 4, '0000-00-00 00:00:00', '0000-00-00 00:00:00', '0000-00-00 00:00:00'),
(5, 'Alquiler', 'NULL', 5, '0000-00-00 00:00:00', '0000-00-00 00:00:00', '0000-00-00 00:00:00'),
(6, 'Varios', 'NULL', 6, '0000-00-00 00:00:00', '0000-00-00 00:00:00', '0000-00-00 00:00:00'),
(7, 'Mantenimiento', 'NULL', 7, '0000-00-00 00:00:00', '0000-00-00 00:00:00', '0000-00-00 00:00:00');

-- --------------------------------------------------------

--
-- Estructura de tabla para la tabla `files`
--

CREATE TABLE `files` (
  `id_file` int(10) UNSIGNED NOT NULL,
  `id_user` int(10) UNSIGNED NOT NULL,
  `file_name` varchar(255) NOT NULL,
  `file_description` text,
  `file_type` varchar(35) DEFAULT NULL,
  `file_size` int(11) NOT NULL DEFAULT '0',
  `file_ext` varchar(5) NOT NULL,
  `is_image` tinyint(1) NOT NULL DEFAULT '0',
  `file_key` varchar(60) DEFAULT NULL,
  `file_cleanup` datetime DEFAULT NULL
) ENGINE=InnoDB DEFAULT CHARSET=utf8;

--
-- Volcado de datos para la tabla `files`
--

INSERT INTO `files` (`id_file`, `id_user`, `file_name`, `file_description`, `file_type`, `file_size`, `file_ext`, `is_image`, `file_key`, `file_cleanup`) VALUES
(2, 146, 'Contreras', NULL, 'application/pdf', 60848, 'pdf', 0, '3295334f-8fbf-4d0f-9679-ca24a4a69466.pdf', '2019-01-09 18:23:10');

-- --------------------------------------------------------

--
-- Estructura de tabla para la tabla `ownerships`
--

CREATE TABLE `ownerships` (
  `id_ownership` int(10) UNSIGNED NOT NULL,
  `id_property` int(10) UNSIGNED NOT NULL,
  `id_user_owner` int(10) UNSIGNED NOT NULL,
  `ownership_date_start` date NOT NULL DEFAULT '2018-01-01',
  `ownership_date_end` date DEFAULT NULL,
  `ownership_administrative_rate` double(10,4) NOT NULL DEFAULT '0.0500',
  `creation_date` datetime NOT NULL DEFAULT CURRENT_TIMESTAMP,
  `modification_date` datetime NOT NULL DEFAULT CURRENT_TIMESTAMP ON UPDATE CURRENT_TIMESTAMP,
  `deletion_date` datetime DEFAULT NULL
) ENGINE=InnoDB DEFAULT CHARSET=utf8;

--
-- Volcado de datos para la tabla `ownerships`
--

INSERT INTO `ownerships` (`id_ownership`, `id_property`, `id_user_owner`, `ownership_date_start`, `ownership_date_end`, `ownership_administrative_rate`, `creation_date`, `modification_date`, `deletion_date`) VALUES
(1, 1, 90, '2018-01-01', NULL, 0.0500, '2018-10-30 15:44:03', '2018-10-30 15:44:03', NULL),
(2, 2, 90, '2018-01-01', NULL, 0.0500, '2018-10-30 15:44:03', '2018-10-30 15:44:03', NULL),
(3, 3, 90, '2018-01-01', NULL, 0.0500, '2018-10-30 15:44:03', '2018-10-30 15:44:03', NULL),
(4, 4, 90, '2018-01-01', NULL, 0.0500, '2018-10-30 15:44:03', '2018-10-30 15:44:03', NULL),
(5, 5, 90, '2018-01-01', NULL, 0.0500, '2018-10-30 15:44:03', '2018-10-30 15:44:03', NULL),
(6, 6, 90, '2018-01-01', NULL, 0.0500, '2018-10-30 15:44:03', '2018-10-30 15:44:03', NULL),
(7, 7, 90, '2018-01-01', NULL, 0.0500, '2018-10-30 15:44:03', '2018-10-30 15:44:03', NULL),
(8, 8, 90, '2018-01-01', NULL, 0.0500, '2018-10-30 15:44:03', '2018-10-30 15:44:03', NULL),
(9, 9, 90, '2018-01-01', NULL, 0.0500, '2018-10-30 15:44:03', '2018-10-30 15:44:03', NULL),
(10, 10, 90, '2018-01-01', NULL, 0.0500, '2018-10-30 15:44:03', '2018-10-30 15:44:03', NULL),
(11, 11, 90, '2018-01-01', NULL, 0.0500, '2018-10-30 15:44:03', '2018-10-30 15:44:03', NULL),
(12, 12, 90, '2018-01-01', NULL, 0.0500, '2018-10-30 15:44:03', '2018-10-30 15:44:03', NULL),
(13, 13, 90, '2018-01-01', NULL, 0.0500, '2018-10-30 15:44:03', '2018-10-30 15:44:03', NULL),
(14, 14, 90, '2018-01-01', NULL, 0.0500, '2018-10-30 15:44:03', '2018-10-30 15:44:03', NULL),
(15, 15, 90, '2018-01-01', NULL, 0.0500, '2018-10-30 15:44:03', '2018-10-30 15:44:03', NULL),
(16, 16, 90, '2018-01-01', NULL, 0.0500, '2018-10-30 15:44:03', '2018-10-30 15:44:03', NULL),
(17, 23, 107, '2019-01-09', '2019-01-08', 0.0000, '2019-01-09 19:04:19', '2019-01-09 19:04:21', NULL),
(18, 23, 107, '2019-01-09', NULL, 0.0000, '2019-01-09 19:04:21', '2019-01-09 19:04:21', NULL),
(19, 17, 90, '2019-01-18', '2019-01-17', 0.0500, '2019-01-18 13:18:31', '2019-01-18 13:18:42', NULL),
(20, 17, 90, '2019-01-18', NULL, 0.0500, '2019-01-18 13:18:42', '2019-01-18 13:18:42', NULL),
(21, 24, 107, '2019-01-18', '2019-01-17', 0.0500, '2019-01-18 13:20:13', '2019-01-18 13:20:14', NULL),
(22, 24, 107, '2019-01-18', NULL, 0.0500, '2019-01-18 13:20:14', '2019-01-18 13:20:14', NULL),
(23, 27, 108, '2019-01-18', '2019-01-17', 0.0500, '2019-01-18 13:20:35', '2019-01-18 13:20:40', NULL),
(24, 27, 108, '2019-01-18', NULL, 0.0500, '2019-01-18 13:20:40', '2019-01-18 13:20:40', NULL),
(25, 29, 119, '2019-01-18', '2019-01-17', 0.0500, '2019-01-18 13:21:45', '2019-01-18 13:21:49', NULL),
(26, 29, 119, '2019-01-18', NULL, 0.0500, '2019-01-18 13:21:49', '2019-01-18 13:21:49', NULL),
(27, 35, 65, '2019-01-18', '2019-01-17', 0.0500, '2019-01-18 13:22:14', '2019-01-18 13:22:19', NULL),
(28, 35, 65, '2019-01-18', NULL, 0.0500, '2019-01-18 13:22:19', '2019-01-18 13:22:19', NULL),
(29, 33, 151, '2019-01-18', '2019-01-17', 0.0500, '2019-01-18 13:26:26', '2019-01-18 13:26:31', NULL),
(30, 33, 151, '2019-01-18', NULL, 0.0500, '2019-01-18 13:26:31', '2019-01-18 13:26:31', NULL),
(31, 19, 137, '2019-01-18', '2019-01-17', 0.0500, '2019-01-18 13:27:40', '2019-01-18 13:27:47', NULL),
(32, 19, 137, '2019-01-18', NULL, 0.0500, '2019-01-18 13:27:47', '2019-01-18 13:27:47', NULL),
(33, 20, 137, '2019-01-18', '2019-01-17', 0.0500, '2019-01-18 13:28:14', '2019-01-18 13:28:23', NULL),
(34, 20, 137, '2019-01-18', NULL, 0.0500, '2019-01-18 13:28:23', '2019-01-18 13:28:23', NULL),
(35, 21, 107, '2019-01-18', '2019-01-17', 0.0500, '2019-01-18 13:28:45', '2019-01-18 13:28:52', NULL),
(36, 21, 107, '2019-01-18', NULL, 0.0500, '2019-01-18 13:28:52', '2019-01-18 13:28:52', NULL),
(37, 22, 107, '2019-01-18', '2019-01-17', 0.0500, '2019-01-18 13:29:15', '2019-01-18 13:29:19', NULL),
(38, 22, 107, '2019-01-18', NULL, 0.0500, '2019-01-18 13:29:19', '2019-01-18 13:29:19', NULL),
(39, 25, 29, '2019-01-18', '2019-01-17', 0.0500, '2019-01-18 13:29:41', '2019-01-18 13:29:49', NULL),
(40, 25, 29, '2019-01-18', NULL, 0.0500, '2019-01-18 13:29:49', '2019-01-18 13:29:49', NULL),
(41, 26, 108, '2019-01-18', '2019-01-17', 0.0500, '2019-01-18 13:30:13', '2019-01-18 13:30:17', NULL),
(42, 26, 108, '2019-01-18', NULL, 0.0500, '2019-01-18 13:30:17', '2019-01-18 13:30:17', NULL),
(43, 28, 43, '2019-01-18', '2019-01-17', 0.0500, '2019-01-18 13:30:44', '2019-01-18 13:30:49', NULL),
(44, 28, 43, '2019-01-18', NULL, 0.0500, '2019-01-18 13:30:49', '2019-01-18 13:30:49', NULL),
(45, 34, 65, '2019-01-18', '2019-01-17', 0.0500, '2019-01-18 13:45:05', '2019-01-18 13:45:11', NULL),
(46, 34, 65, '2019-01-18', NULL, 0.0500, '2019-01-18 13:45:11', '2019-01-18 13:45:11', NULL),
(47, 39, 135, '2019-01-18', '2019-01-17', 0.0500, '2019-01-18 13:48:45', '2019-01-18 13:48:50', NULL),
(48, 39, 135, '2019-01-18', NULL, 0.0500, '2019-01-18 13:48:50', '2019-01-18 13:48:50', NULL),
(49, 30, 153, '2019-01-18', '2019-01-17', 0.0500, '2019-01-18 16:50:50', '2019-01-18 16:50:57', NULL),
(50, 30, 153, '2019-01-18', NULL, 0.0500, '2019-01-18 16:50:57', '2019-01-18 16:50:57', NULL),
(51, 31, 154, '2019-01-18', '2019-01-17', 0.0500, '2019-01-18 16:51:48', '2019-01-18 16:51:53', NULL),
(52, 31, 154, '2019-01-18', NULL, 0.0500, '2019-01-18 16:51:53', '2019-01-18 16:51:53', NULL),
(53, 32, 154, '2019-01-18', '2019-01-17', 0.0500, '2019-01-18 16:53:30', '2019-01-18 16:53:33', NULL),
(54, 32, 154, '2019-01-18', NULL, 0.0500, '2019-01-18 16:53:33', '2019-01-18 16:53:33', NULL),
(55, 36, 155, '2019-01-18', '2019-01-17', 0.0500, '2019-01-18 16:54:06', '2019-01-18 16:54:09', NULL),
(56, 36, 155, '2019-01-18', NULL, 0.0500, '2019-01-18 16:54:09', '2019-01-18 16:54:09', NULL),
(57, 37, 156, '2019-01-18', '2019-01-17', 0.0500, '2019-01-18 16:54:57', '2019-01-18 16:55:00', NULL),
(58, 37, 156, '2019-01-18', NULL, 0.0500, '2019-01-18 16:55:00', '2019-01-18 16:55:00', NULL),
(59, 38, 157, '2019-01-18', '2019-01-17', 0.0500, '2019-01-18 16:55:38', '2019-01-18 16:55:41', NULL),
(60, 38, 157, '2019-01-18', NULL, 0.0500, '2019-01-18 16:55:41', '2019-01-18 16:55:41', NULL),
(61, 40, 37, '2019-01-18', '2019-01-17', 0.0500, '2019-01-18 16:56:16', '2019-01-18 16:56:20', NULL),
(62, 40, 37, '2019-01-18', NULL, 0.0500, '2019-01-18 16:56:20', '2019-01-18 16:56:20', NULL),
(63, 41, 159, '2019-01-18', '2019-01-17', 0.0500, '2019-01-18 16:56:46', '2019-01-18 16:56:46', NULL),
(64, 41, 159, '2019-01-18', NULL, 0.0500, '2019-01-18 16:56:46', '2019-01-18 16:56:46', NULL);

-- --------------------------------------------------------

--
-- Estructura de tabla para la tabla `properties`
--

CREATE TABLE `properties` (
  `id_property` int(10) UNSIGNED NOT NULL,
  `property_name` varchar(100) NOT NULL,
  `property_address` varchar(150) NOT NULL,
  `property_year` year(4) DEFAULT NULL,
  `property_ambiences_qty` tinyint(3) UNSIGNED DEFAULT NULL,
  `property_bathrooms_qty` tinyint(3) UNSIGNED DEFAULT NULL,
  `property_rooms_qty` tinyint(3) UNSIGNED DEFAULT NULL,
  `property_square_meter` tinyint(3) UNSIGNED DEFAULT NULL,
  `property_garage` tinyint(1) NOT NULL DEFAULT '0',
  `property_balcony` tinyint(1) NOT NULL DEFAULT '0',
  `property_building_name` varchar(100) DEFAULT NULL,
  `property_cadastre_number` varchar(50) DEFAULT NULL,
  `id_user_consortium` int(10) UNSIGNED NOT NULL,
  `property_observations` text,
  `property_archived` tinyint(1) NOT NULL DEFAULT '0',
  `creation_date` datetime NOT NULL DEFAULT CURRENT_TIMESTAMP,
  `modificaction_date` datetime NOT NULL DEFAULT CURRENT_TIMESTAMP ON UPDATE CURRENT_TIMESTAMP,
  `deletion_date` datetime DEFAULT NULL
) ENGINE=InnoDB DEFAULT CHARSET=utf8;

--
-- Volcado de datos para la tabla `properties`
--

INSERT INTO `properties` (`id_property`, `property_name`, `property_address`, `property_year`, `property_ambiences_qty`, `property_bathrooms_qty`, `property_rooms_qty`, `property_square_meter`, `property_garage`, `property_balcony`, `property_building_name`, `property_cadastre_number`, `id_user_consortium`, `property_observations`, `property_archived`, `creation_date`, `modificaction_date`, `deletion_date`) VALUES
(1, 'Oficina 12 Cerro', 'Rafael Nuñez Nro 3578 OF 12 Cochera', 0000, NULL, NULL, NULL, NULL, 0, 0, 'Lebureau', '', 148, 'Oficina', 0, '2018-10-30 15:44:02', '2019-01-09 18:58:32', NULL),
(2, 'Oficina 11 Cerro', 'Rafael Nuñez Nro 3578 OF 11 Cochera', NULL, NULL, NULL, NULL, NULL, 0, 0, 'Lebureau', NULL, 145, 'Oficina', 0, '2018-10-30 15:44:02', '2018-10-30 15:44:02', NULL),
(3, 'Gomeria Caraffa', 'Av. Emilio Caraffa Nro 2795', NULL, NULL, NULL, NULL, NULL, 0, 0, 'Local', NULL, 145, 'Local Comercial', 0, '2018-10-30 15:44:02', '2018-10-30 15:44:02', NULL),
(4, 'Torre Carmela 2C', 'BUENOS AIRES Nro 1275 Piso 2C', NULL, NULL, NULL, NULL, NULL, 0, 0, 'Torre Carmela', NULL, 112, 'Departamento 1D', 0, '2018-10-30 15:44:03', '2018-10-30 15:44:03', NULL),
(5, 'Torre Carmela 3B', 'BUENOS AIRES Nro 1275 Piso 3B', NULL, NULL, NULL, NULL, NULL, 0, 0, 'Torre Carmela', NULL, 112, 'Departamento 2D', 0, '2018-10-30 15:44:03', '2018-10-30 15:44:03', NULL),
(6, 'Torre Carmela 3C', 'BUENOS AIRES Nro 1275 Piso 3C', NULL, NULL, NULL, NULL, NULL, 0, 0, 'Torre Carmela', NULL, 112, 'Departamento 1D', 0, '2018-10-30 15:44:03', '2018-10-30 15:44:03', NULL),
(7, 'Torre Carmela 4B', 'BUENOS AIRES Nro 1275 Piso 4B', NULL, NULL, NULL, NULL, NULL, 0, 0, 'Torre Carmela', NULL, 112, 'Departamento 2D', 0, '2018-10-30 15:44:03', '2018-10-30 15:44:03', NULL),
(8, 'Torre Carmela 5A', 'BUENOS AIRES Nro 1275 Piso 5A', NULL, NULL, NULL, NULL, NULL, 0, 0, 'Torre Carmela', NULL, 112, 'Departamento 2D', 0, '2018-10-30 15:44:03', '2018-10-30 15:44:03', NULL),
(9, 'Torre Carmela 7A', 'BUENOS AIRES Nro 1275 Piso 7A', NULL, NULL, NULL, NULL, NULL, 0, 0, 'Torre Carmela', NULL, 112, 'Departamento 2D', 0, '2018-10-30 15:44:03', '2018-10-30 15:44:03', NULL),
(10, 'Torre Carmela 7B', 'BUENOS AIRES Nro 1275 Piso 7B', NULL, NULL, NULL, NULL, NULL, 0, 0, 'Torre Carmela', NULL, 112, 'Departamento 2D', 0, '2018-10-30 15:44:03', '2018-10-30 15:44:03', NULL),
(11, 'Torre Carmela 9A', 'BUENOS AIRES Nro 1275 Piso 9A', NULL, NULL, NULL, NULL, NULL, 0, 0, 'Torre Carmela', NULL, 112, 'Departamento Duplex 1D', 0, '2018-10-30 15:44:03', '2018-10-30 15:44:03', NULL),
(12, 'Duplex Gandhi', 'DUPLEX GANDHI LOTE 36 MZA 93', NULL, NULL, NULL, NULL, NULL, 0, 0, 'Duplex', NULL, 145, 'Duplex 3D', 0, '2018-10-30 15:44:03', '2018-10-30 15:44:03', NULL),
(13, 'Village Plaza 2C', 'VILLAGE PLAZA 2c TORRE 2', 0000, NULL, NULL, NULL, NULL, 0, 0, 'Complejo Village Plaza', '', 145, 'Departamento 2D', 0, '2018-10-30 15:44:03', '2019-01-09 19:40:27', NULL),
(14, 'Casa La Finur', 'LAFINUR 4051 URCA', NULL, NULL, NULL, NULL, NULL, 0, 0, 'Casa', NULL, 145, 'Duplex 3D', 0, '2018-10-30 15:44:03', '2018-10-30 15:44:03', NULL),
(15, 'Local Rafael Nuñez', 'LOCAL 3 RAFAEL NUÑEZ', NULL, NULL, NULL, NULL, NULL, 0, 0, 'Lebureau', NULL, 145, '40m2', 0, '2018-10-30 15:44:03', '2018-10-30 15:44:03', NULL),
(16, 'Manantiales', 'COMPLEJO MANANTIALES 2 E', NULL, NULL, NULL, NULL, NULL, 0, 0, 'Complejo Manantiales', NULL, 145, 'Departamento 1D', 0, '2018-10-30 15:44:03', '2018-10-30 15:44:03', NULL),
(17, 'Torre Carmela PB A', 'BUENOS AIRES Nro 1275 Piso PB A', NULL, NULL, NULL, NULL, NULL, 0, 0, 'Torre Carmela', NULL, 112, 'Departamento 1D', 0, '2018-10-30 15:44:03', '2018-10-30 15:44:03', NULL),
(18, 'Torre Carmela 1C', 'BUENOS AIRES Nro 1275 Piso 1C', NULL, NULL, NULL, NULL, NULL, 0, 0, 'Torre Carmela', NULL, 112, 'Departamento 1D', 0, '2018-10-30 15:44:03', '2018-10-30 15:44:03', NULL),
(19, 'Chile 349 Consultorio', 'CHILE Nro 349 Piso PB A', NULL, NULL, NULL, NULL, NULL, 0, 0, NULL, NULL, 145, 'Departamento 2D', 0, '2018-10-30 15:44:03', '2018-10-30 15:44:03', NULL),
(20, 'Thays', 'ARQUITECTO THAYS Nro 37', NULL, NULL, NULL, NULL, NULL, 0, 0, 'Casa', NULL, 145, 'Casa 3D', 0, '2018-10-30 15:44:03', '2018-10-30 15:44:03', NULL),
(21, 'Pje. España 1 A', 'PASAJE ESPAÑA Nro 1403 Piso 1A', NULL, NULL, NULL, NULL, NULL, 0, 0, NULL, NULL, 145, 'Departamento 1D 1/2', 0, '2018-10-30 15:44:03', '2018-10-30 15:44:03', NULL),
(22, 'Pje. España 2 A', 'PASAJE ESPAÑA Nro 1403 Piso 2A', NULL, NULL, NULL, NULL, NULL, 0, 0, NULL, NULL, 145, 'Departamento 1D 1/2', 0, '2018-10-30 15:44:03', '2018-10-30 15:44:03', NULL),
(23, 'Pje. España 3 A', 'PASAJE ESPAÑA Nro 1403 Piso 3A', NULL, NULL, NULL, NULL, NULL, 0, 0, NULL, NULL, 145, 'Departamento 1D 1/2', 0, '2018-10-30 15:44:03', '2018-10-30 15:44:03', NULL),
(24, 'General Paz 9C', 'GENERAL PAZ Nro 422 Piso 9C', NULL, NULL, NULL, NULL, NULL, 0, 0, NULL, NULL, 145, 'Departamento 1D', 0, '2018-10-30 15:44:03', '2018-10-30 15:44:03', NULL),
(25, 'Duplex Azpeitia', 'LUIS DE AZPEITIA Nro 1653 (duplex)', NULL, NULL, NULL, NULL, NULL, 0, 0, 'Duplex', NULL, 145, 'Duplex 3D', 0, '2018-10-30 15:44:03', '2018-10-30 15:44:03', NULL),
(26, 'Local Independencia 1091', 'INDEPENDENCIA 1091 Piso P.B. (local)', NULL, NULL, NULL, NULL, NULL, 0, 0, 'Lessoan 1', NULL, 145, 'Local Comercial', 0, '2018-10-30 15:44:03', '2018-10-30 15:44:03', NULL),
(27, 'Independencia 1091 6A', 'INDEPENDENCIA 1091 Piso 6 Dpto. A', NULL, NULL, NULL, NULL, NULL, 0, 0, 'Lessoan 1', NULL, 145, 'Departamento 2D', 0, '2018-10-30 15:44:03', '2018-10-30 15:44:03', NULL),
(28, 'Triplex Salguero', 'OBISPO SALGUERO Nro 635 Piso 15D (triplex)', NULL, NULL, NULL, NULL, NULL, 0, 0, NULL, NULL, 145, 'Departamento 3D', 0, '2018-10-30 15:44:03', '2018-10-30 15:44:03', NULL),
(29, 'Duplex Salta', 'SALTA 334 1 PISO DPTO. Nro5 (duplex)', NULL, NULL, NULL, NULL, NULL, 0, 0, 'Duplex', NULL, 145, 'Departamento Duplex 2D', 0, '2018-10-30 15:44:03', '2018-10-30 15:44:03', NULL),
(30, 'San Lorenzo Mono', 'SAN LORENZO Nro343 Piso12 Dpto D', NULL, NULL, NULL, NULL, NULL, 0, 0, NULL, NULL, 145, 'Departamento Monoambiente', 0, '2018-10-30 15:44:03', '2018-10-30 15:44:03', NULL),
(31, 'Amb. Olmos 1028 3D', 'AMB. OLMOS 1028 Piso 3 D', NULL, NULL, NULL, NULL, NULL, 0, 0, NULL, NULL, 145, 'Departamento 1D', 0, '2018-10-30 15:44:03', '2018-10-30 15:44:03', NULL),
(32, 'Mono Independencia 804 6D', 'INDEPENDENCIA 804 Piso 6D', NULL, NULL, NULL, NULL, NULL, 0, 0, NULL, NULL, 145, 'Departamento Monoambiente', 0, '2018-10-30 15:44:03', '2018-10-30 15:44:03', NULL),
(33, 'Balcarce 540', 'BALCARCE 540 Piso 8 Dpto. D', NULL, NULL, NULL, NULL, NULL, 0, 0, NULL, NULL, 145, 'Departamento 2D', 0, '2018-10-30 15:44:03', '2018-10-30 15:44:03', NULL),
(34, 'Obispo Oro 451', 'OBISPO ORO 451 Piso 11 Dpto. A', NULL, NULL, NULL, NULL, NULL, 0, 0, NULL, NULL, 145, 'Departamento 1D', 0, '2018-10-30 15:44:03', '2018-10-30 15:44:03', NULL),
(35, 'San Jeronimo 167', 'SAN JERONIMO 167 Piso 7 Dpto. B', NULL, NULL, NULL, NULL, NULL, 0, 0, 'San Michele', NULL, 145, 'Departamento 1D', 0, '2018-10-30 15:44:03', '2018-10-30 15:44:03', NULL),
(36, 'San Lorenzo 2 Dorm', 'SAN LORENZO 339 Piso3 Dpto. B', NULL, NULL, NULL, NULL, NULL, 0, 0, NULL, NULL, 145, 'Departamento 2D', 0, '2018-10-30 15:44:03', '2018-10-30 15:44:03', NULL),
(37, 'Dean Funes', 'DEAN FUNES Nro 1229 Piso 1 D', NULL, NULL, NULL, NULL, NULL, 0, 0, NULL, NULL, 145, 'Departamento 1D', 0, '2018-10-30 15:44:03', '2018-10-30 15:44:03', NULL),
(38, 'Montevideo', 'MONTEVIDEO Nro 712 Piso 1 A', NULL, NULL, NULL, NULL, NULL, 0, 0, NULL, NULL, 145, 'Departamento 1D', 0, '2018-10-30 15:44:03', '2018-10-30 15:44:03', NULL),
(39, 'Belgrano 1003 6C', 'BELGRANO Nro 1003 Piso 6C', 0000, NULL, NULL, NULL, NULL, 0, 0, 'Attica', '', 147, 'Departamento 6 C', 0, '2018-10-30 15:44:03', '2019-01-09 18:56:26', NULL),
(40, 'Carlucci 29', 'PASAJE CARLUCCI 29 Piso 5 A', NULL, NULL, NULL, NULL, NULL, 0, 0, NULL, NULL, 145, 'Departamento 2D', 0, '2018-10-30 15:44:03', '2018-10-30 15:44:03', NULL),
(41, 'M.T. de Alvear 970 2º 11', 'M.T. de Alvear 970 2º 11', NULL, NULL, NULL, NULL, NULL, 0, 0, NULL, NULL, 145, '2º 11', 0, '2018-10-30 15:44:03', '2018-10-30 15:44:03', NULL);

-- --------------------------------------------------------

--
-- Estructura de tabla para la tabla `property_expenses`
--

CREATE TABLE `property_expenses` (
  `id_property_expense` int(10) UNSIGNED NOT NULL,
  `id_property` int(10) UNSIGNED NOT NULL,
  `id_expense` int(10) UNSIGNED NOT NULL,
  `expense_identification` varchar(100) DEFAULT NULL,
  `expense_payable` tinyint(1) NOT NULL DEFAULT '0',
  `expense_chargeable` tinyint(1) NOT NULL DEFAULT '0',
  `expense_checkable` tinyint(1) NOT NULL DEFAULT '0',
  `expense_periodicity` tinyint(4) NOT NULL DEFAULT '1',
  `expense_date_start` date DEFAULT NULL,
  `expense_observations` text,
  `creation_date` datetime NOT NULL DEFAULT CURRENT_TIMESTAMP,
  `modification_date` datetime NOT NULL DEFAULT CURRENT_TIMESTAMP ON UPDATE CURRENT_TIMESTAMP,
  `deletion_date` datetime DEFAULT NULL
) ENGINE=InnoDB DEFAULT CHARSET=utf8;

--
-- Volcado de datos para la tabla `property_expenses`
--

INSERT INTO `property_expenses` (`id_property_expense`, `id_property`, `id_expense`, `expense_identification`, `expense_payable`, `expense_chargeable`, `expense_checkable`, `expense_periodicity`, `expense_date_start`, `expense_observations`, `creation_date`, `modification_date`, `deletion_date`) VALUES
(1, 1, 1, NULL, 1, 1, 1, 1, NULL, NULL, '2018-07-18 16:07:46', '2018-07-18 16:07:46', '0000-00-00 00:00:00'),
(2, 1, 4, NULL, 1, 1, 1, 1, NULL, NULL, '2018-07-18 16:07:54', '2018-07-18 16:07:54', '0000-00-00 00:00:00'),
(3, 1, 5, NULL, 1, 1, 1, 1, NULL, NULL, '2018-07-18 16:08:03', '2018-07-18 16:08:03', '0000-00-00 00:00:00'),
(4, 2, 1, NULL, 1, 1, 1, 1, NULL, NULL, '2018-07-18 16:08:13', '2018-07-18 16:08:13', '0000-00-00 00:00:00'),
(5, 2, 4, NULL, 1, 1, 1, 1, NULL, NULL, '2018-07-18 16:08:21', '2018-07-18 16:08:21', '0000-00-00 00:00:00'),
(6, 2, 5, NULL, 1, 1, 1, 1, NULL, NULL, '2018-07-18 16:08:28', '2018-07-18 16:08:28', '0000-00-00 00:00:00'),
(7, 3, 1, NULL, 1, 1, 1, 1, NULL, NULL, '2018-07-18 16:08:43', '2018-07-18 16:08:43', '0000-00-00 00:00:00'),
(8, 3, 4, NULL, 1, 1, 1, 1, NULL, NULL, '2018-07-18 16:08:22', '2018-07-18 16:08:22', '0000-00-00 00:00:00'),
(9, 3, 5, NULL, 1, 1, 1, 1, NULL, NULL, '2018-07-18 16:08:29', '2018-07-18 16:08:29', '0000-00-00 00:00:00'),
(10, 4, 1, NULL, 1, 1, 1, 1, NULL, NULL, '2018-07-18 16:08:44', '2018-07-18 16:08:44', '0000-00-00 00:00:00'),
(11, 4, 4, '41202303000006', 1, 1, 1, 1, NULL, NULL, '2018-07-18 16:08:23', '2018-07-18 16:08:23', '0000-00-00 00:00:00'),
(12, 4, 5, NULL, 1, 1, 1, 1, NULL, NULL, '2018-07-18 16:08:30', '2018-07-18 16:08:30', '0000-00-00 00:00:00'),
(13, 5, 1, NULL, 1, 1, 1, 1, NULL, NULL, '2018-07-18 16:08:45', '2018-07-18 16:08:45', '0000-00-00 00:00:00'),
(14, 5, 4, '41202303000011', 1, 1, 1, 1, NULL, NULL, '2018-07-18 16:08:24', '2018-07-18 16:08:24', '0000-00-00 00:00:00'),
(15, 5, 5, NULL, 1, 1, 1, 1, NULL, NULL, '2018-07-18 16:08:31', '2018-07-18 16:08:31', '0000-00-00 00:00:00'),
(16, 6, 1, NULL, 1, 1, 1, 1, NULL, NULL, '2018-07-18 16:08:46', '2018-07-18 16:08:46', '0000-00-00 00:00:00'),
(17, 6, 4, '41202303000009', 1, 1, 1, 1, NULL, NULL, '2018-07-18 16:08:25', '2018-07-18 16:08:25', '0000-00-00 00:00:00'),
(18, 6, 5, NULL, 1, 1, 1, 1, NULL, NULL, '2018-07-18 16:08:32', '2018-07-18 16:08:32', '0000-00-00 00:00:00'),
(19, 7, 1, NULL, 1, 1, 1, 1, NULL, NULL, '2018-07-18 16:08:47', '2018-07-18 16:08:47', '0000-00-00 00:00:00'),
(20, 7, 4, '412023030000', 1, 1, 1, 1, NULL, NULL, '2018-07-18 16:08:26', '2018-07-18 16:08:26', '0000-00-00 00:00:00'),
(21, 7, 5, NULL, 1, 1, 1, 1, NULL, NULL, '2018-07-18 16:08:33', '2018-07-18 16:08:33', '0000-00-00 00:00:00'),
(22, 8, 1, NULL, 1, 1, 1, 1, NULL, NULL, '2018-07-18 16:08:48', '2018-07-18 16:08:48', '0000-00-00 00:00:00'),
(23, 8, 4, '41202303000015', 1, 1, 1, 1, NULL, NULL, '2018-07-18 16:08:27', '2018-07-18 16:08:27', '0000-00-00 00:00:00'),
(24, 8, 5, NULL, 1, 1, 1, 1, NULL, NULL, '2018-07-18 16:08:34', '2018-07-18 16:08:34', '0000-00-00 00:00:00'),
(25, 9, 1, NULL, 1, 1, 1, 1, NULL, NULL, '2018-07-18 16:08:49', '2018-07-18 16:08:49', '0000-00-00 00:00:00'),
(26, 9, 4, '41202303000019', 1, 1, 1, 1, NULL, NULL, '2018-07-18 16:08:28', '2018-07-18 16:08:28', '0000-00-00 00:00:00'),
(27, 9, 5, NULL, 1, 1, 1, 1, NULL, NULL, '2018-07-18 16:08:35', '2018-07-18 16:08:35', '0000-00-00 00:00:00'),
(28, 10, 1, NULL, 1, 1, 1, 1, NULL, NULL, '2018-07-18 16:08:50', '2018-07-18 16:08:50', '0000-00-00 00:00:00'),
(29, 10, 4, '41202303000018', 1, 1, 1, 1, NULL, NULL, '2018-07-18 16:08:29', '2018-07-18 16:08:29', '0000-00-00 00:00:00'),
(30, 10, 5, NULL, 1, 1, 1, 1, NULL, NULL, '2018-07-18 16:08:36', '2018-07-18 16:08:36', '0000-00-00 00:00:00'),
(31, 11, 1, NULL, 1, 1, 1, 1, NULL, NULL, '2018-07-18 16:08:51', '2018-07-18 16:08:51', '0000-00-00 00:00:00'),
(32, 11, 4, '41202303000023', 1, 1, 1, 1, NULL, NULL, '2018-07-18 16:08:30', '2018-07-18 16:08:30', '0000-00-00 00:00:00'),
(33, 11, 5, NULL, 1, 1, 1, 1, NULL, NULL, '2018-07-18 16:08:37', '2018-07-18 16:08:37', '0000-00-00 00:00:00'),
(34, 12, 1, NULL, 1, 1, 1, 1, NULL, NULL, '2018-07-18 16:08:52', '2018-07-18 16:08:52', '0000-00-00 00:00:00'),
(35, 12, 4, NULL, 1, 1, 1, 1, NULL, NULL, '2018-07-18 16:08:31', '2018-07-18 16:08:31', '0000-00-00 00:00:00'),
(36, 12, 5, NULL, 1, 1, 1, 1, NULL, NULL, '2018-07-18 16:08:38', '2018-07-18 16:08:38', '0000-00-00 00:00:00'),
(37, 13, 1, NULL, 1, 1, 1, 1, NULL, NULL, '2018-07-18 16:08:53', '2018-07-18 16:08:53', '0000-00-00 00:00:00'),
(38, 13, 4, NULL, 1, 1, 1, 1, NULL, NULL, '2018-07-18 16:08:32', '2018-07-18 16:08:32', '0000-00-00 00:00:00'),
(39, 13, 5, NULL, 1, 1, 1, 1, NULL, NULL, '2018-07-18 16:08:39', '2018-07-18 16:08:39', '0000-00-00 00:00:00'),
(40, 14, 1, NULL, 1, 1, 1, 1, NULL, NULL, '2018-07-18 16:08:54', '2018-07-18 16:08:54', '0000-00-00 00:00:00'),
(41, 14, 4, NULL, 1, 1, 1, 1, NULL, NULL, '2018-07-18 16:08:33', '2018-07-18 16:08:33', '0000-00-00 00:00:00'),
(42, 14, 5, NULL, 1, 1, 1, 1, NULL, NULL, '2018-07-18 16:08:40', '2018-07-18 16:08:40', '0000-00-00 00:00:00'),
(43, 15, 1, NULL, 1, 1, 1, 1, NULL, NULL, '2018-07-18 16:08:55', '2018-07-18 16:08:55', '0000-00-00 00:00:00'),
(44, 15, 4, NULL, 1, 1, 1, 1, NULL, NULL, '2018-07-18 16:08:34', '2018-07-18 16:08:34', '0000-00-00 00:00:00'),
(45, 15, 5, NULL, 1, 1, 1, 1, NULL, NULL, '2018-07-18 16:08:41', '2018-07-18 16:08:41', '0000-00-00 00:00:00'),
(46, 16, 1, NULL, 1, 1, 1, 1, NULL, NULL, '2018-07-18 16:08:56', '2018-07-18 16:08:56', '0000-00-00 00:00:00'),
(47, 16, 4, NULL, 1, 1, 1, 1, NULL, NULL, '2018-07-18 16:08:35', '2018-07-18 16:08:35', '0000-00-00 00:00:00'),
(48, 16, 5, NULL, 1, 1, 1, 1, NULL, NULL, '2018-07-18 16:08:42', '2018-07-18 16:08:42', '0000-00-00 00:00:00'),
(49, 17, 1, NULL, 1, 1, 1, 1, NULL, NULL, '2018-07-18 16:08:57', '2018-07-18 16:08:57', '0000-00-00 00:00:00'),
(50, 17, 4, '412023030000', 1, 1, 1, 1, NULL, NULL, '2018-07-18 16:08:36', '2018-07-18 16:08:36', '0000-00-00 00:00:00'),
(51, 17, 5, NULL, 1, 1, 1, 1, NULL, NULL, '2018-07-18 16:08:43', '2018-07-18 16:08:43', '0000-00-00 00:00:00'),
(52, 18, 1, NULL, 1, 1, 1, 1, NULL, NULL, '2018-07-18 16:08:58', '2018-07-18 16:08:58', '0000-00-00 00:00:00'),
(53, 18, 4, '41202303000003', 1, 1, 1, 1, NULL, NULL, '2018-07-18 16:08:37', '2018-07-18 16:08:37', '0000-00-00 00:00:00'),
(54, 18, 5, NULL, 1, 1, 1, 1, NULL, NULL, '2018-07-18 16:08:44', '2018-07-18 16:08:44', '0000-00-00 00:00:00'),
(55, 19, 1, NULL, 1, 1, 1, 1, NULL, NULL, '2018-07-18 16:08:59', '2018-07-18 16:08:59', '0000-00-00 00:00:00'),
(56, 19, 4, NULL, 1, 1, 1, 1, NULL, NULL, '2018-07-18 16:08:38', '2018-07-18 16:08:38', '0000-00-00 00:00:00'),
(57, 19, 5, NULL, 1, 1, 1, 1, NULL, NULL, '2018-07-18 16:08:45', '2018-07-18 16:08:45', '0000-00-00 00:00:00'),
(58, 20, 1, NULL, 1, 1, 1, 1, NULL, NULL, '0000-00-00 00:00:00', '0000-00-00 00:00:00', '0000-00-00 00:00:00'),
(59, 20, 4, NULL, 1, 1, 1, 1, NULL, NULL, '2018-07-18 16:08:39', '2018-07-18 16:08:39', '0000-00-00 00:00:00'),
(60, 20, 5, NULL, 1, 1, 1, 1, NULL, NULL, '2018-07-18 16:08:46', '2018-07-18 16:08:46', '0000-00-00 00:00:00'),
(61, 21, 1, NULL, 1, 1, 1, 1, NULL, NULL, '0000-00-00 00:00:00', '0000-00-00 00:00:00', '0000-00-00 00:00:00'),
(62, 21, 4, NULL, 1, 1, 1, 1, NULL, NULL, '2018-07-18 16:08:40', '2018-07-18 16:08:40', '0000-00-00 00:00:00'),
(63, 21, 5, NULL, 1, 1, 1, 1, NULL, NULL, '2018-07-18 16:08:47', '2018-07-18 16:08:47', '0000-00-00 00:00:00'),
(64, 22, 1, NULL, 1, 1, 1, 1, NULL, NULL, '0000-00-00 00:00:00', '0000-00-00 00:00:00', '0000-00-00 00:00:00'),
(65, 22, 4, NULL, 1, 1, 1, 1, NULL, NULL, '2018-07-18 16:08:41', '2018-07-18 16:08:41', '0000-00-00 00:00:00'),
(66, 22, 5, NULL, 1, 1, 1, 1, NULL, NULL, '2018-07-18 16:08:48', '2018-07-18 16:08:48', '0000-00-00 00:00:00'),
(67, 23, 1, NULL, 1, 1, 1, 1, NULL, NULL, '0000-00-00 00:00:00', '0000-00-00 00:00:00', '0000-00-00 00:00:00'),
(68, 23, 4, NULL, 1, 1, 1, 1, NULL, NULL, '2018-07-18 16:08:42', '2018-07-18 16:08:42', '0000-00-00 00:00:00'),
(69, 23, 5, NULL, 1, 1, 1, 1, NULL, NULL, '2018-07-18 16:08:49', '2018-07-18 16:08:49', '0000-00-00 00:00:00'),
(70, 24, 1, NULL, 1, 1, 1, 1, NULL, NULL, '0000-00-00 00:00:00', '0000-00-00 00:00:00', '0000-00-00 00:00:00'),
(71, 24, 4, NULL, 1, 1, 1, 1, NULL, NULL, '2018-07-18 16:08:43', '2018-07-18 16:08:43', '0000-00-00 00:00:00'),
(72, 24, 5, NULL, 1, 1, 1, 1, NULL, NULL, '2018-07-18 16:08:50', '2018-07-18 16:08:50', '0000-00-00 00:00:00'),
(73, 25, 1, NULL, 1, 1, 1, 1, NULL, NULL, '0000-00-00 00:00:00', '0000-00-00 00:00:00', '0000-00-00 00:00:00'),
(74, 25, 4, NULL, 1, 1, 1, 1, NULL, NULL, '2018-07-18 16:08:44', '2018-07-18 16:08:44', '0000-00-00 00:00:00'),
(75, 25, 5, NULL, 1, 1, 1, 1, NULL, NULL, '2018-07-18 16:08:51', '2018-07-18 16:08:51', '0000-00-00 00:00:00'),
(76, 26, 1, NULL, 1, 1, 1, 1, NULL, NULL, '0000-00-00 00:00:00', '0000-00-00 00:00:00', '0000-00-00 00:00:00'),
(77, 26, 4, NULL, 1, 1, 1, 1, NULL, NULL, '2018-07-18 16:08:45', '2018-07-18 16:08:45', '0000-00-00 00:00:00'),
(78, 26, 5, NULL, 1, 1, 1, 1, NULL, NULL, '2018-07-18 16:08:52', '2018-07-18 16:08:52', '0000-00-00 00:00:00'),
(79, 27, 1, NULL, 1, 1, 1, 1, NULL, NULL, '0000-00-00 00:00:00', '0000-00-00 00:00:00', '0000-00-00 00:00:00'),
(80, 27, 4, NULL, 1, 1, 1, 1, NULL, NULL, '2018-07-18 16:08:46', '2018-07-18 16:08:46', '0000-00-00 00:00:00'),
(81, 27, 5, NULL, 1, 1, 1, 1, NULL, NULL, '2018-07-18 16:08:53', '2018-07-18 16:08:53', '0000-00-00 00:00:00'),
(82, 28, 1, NULL, 1, 1, 1, 1, NULL, NULL, '0000-00-00 00:00:00', '0000-00-00 00:00:00', '0000-00-00 00:00:00'),
(83, 28, 4, NULL, 1, 1, 1, 1, NULL, NULL, '2018-07-18 16:08:47', '2018-07-18 16:08:47', '0000-00-00 00:00:00'),
(84, 28, 5, NULL, 1, 1, 1, 1, NULL, NULL, '2018-07-18 16:08:54', '2018-07-18 16:08:54', '0000-00-00 00:00:00'),
(85, 29, 1, NULL, 1, 1, 1, 1, NULL, NULL, '0000-00-00 00:00:00', '0000-00-00 00:00:00', '0000-00-00 00:00:00'),
(86, 29, 4, NULL, 1, 1, 1, 1, NULL, NULL, '2018-07-18 16:08:48', '2018-07-18 16:08:48', '0000-00-00 00:00:00'),
(87, 29, 5, NULL, 1, 1, 1, 1, NULL, NULL, '2018-07-18 16:08:55', '2018-07-18 16:08:55', '0000-00-00 00:00:00'),
(88, 30, 1, NULL, 1, 1, 1, 1, NULL, NULL, '0000-00-00 00:00:00', '0000-00-00 00:00:00', '0000-00-00 00:00:00'),
(89, 30, 4, NULL, 1, 1, 1, 1, NULL, NULL, '2018-07-18 16:08:49', '2018-07-18 16:08:49', '0000-00-00 00:00:00'),
(90, 30, 5, NULL, 1, 1, 1, 1, NULL, NULL, '2018-07-18 16:08:56', '2018-07-18 16:08:56', '0000-00-00 00:00:00'),
(91, 31, 1, NULL, 1, 1, 1, 1, NULL, NULL, '0000-00-00 00:00:00', '0000-00-00 00:00:00', '0000-00-00 00:00:00'),
(92, 31, 4, NULL, 1, 1, 1, 1, NULL, NULL, '2018-07-18 16:08:50', '2018-07-18 16:08:50', '0000-00-00 00:00:00'),
(93, 31, 5, NULL, 1, 1, 1, 1, NULL, NULL, '2018-07-18 16:08:57', '2018-07-18 16:08:57', '0000-00-00 00:00:00'),
(94, 32, 1, NULL, 1, 1, 1, 1, NULL, NULL, '0000-00-00 00:00:00', '0000-00-00 00:00:00', '0000-00-00 00:00:00'),
(95, 32, 4, NULL, 1, 1, 1, 1, NULL, NULL, '2018-07-18 16:08:51', '2018-07-18 16:08:51', '0000-00-00 00:00:00'),
(96, 32, 5, NULL, 1, 1, 1, 1, NULL, NULL, '2018-07-18 16:08:58', '2018-07-18 16:08:58', '0000-00-00 00:00:00'),
(97, 33, 1, NULL, 1, 1, 1, 1, NULL, NULL, '0000-00-00 00:00:00', '0000-00-00 00:00:00', '0000-00-00 00:00:00'),
(98, 33, 4, NULL, 1, 1, 1, 1, NULL, NULL, '2018-07-18 16:08:52', '2018-07-18 16:08:52', '0000-00-00 00:00:00'),
(99, 33, 5, NULL, 1, 1, 1, 1, NULL, NULL, '2018-07-18 16:08:59', '2018-07-18 16:08:59', '0000-00-00 00:00:00'),
(100, 34, 1, NULL, 1, 1, 1, 1, NULL, NULL, '0000-00-00 00:00:00', '0000-00-00 00:00:00', '0000-00-00 00:00:00'),
(101, 34, 4, NULL, 1, 1, 1, 1, NULL, NULL, '2018-07-18 16:08:53', '2018-07-18 16:08:53', '0000-00-00 00:00:00'),
(102, 34, 5, NULL, 1, 1, 1, 1, NULL, NULL, '0000-00-00 00:00:00', '0000-00-00 00:00:00', '0000-00-00 00:00:00'),
(103, 35, 1, NULL, 1, 1, 1, 1, NULL, NULL, '0000-00-00 00:00:00', '0000-00-00 00:00:00', '0000-00-00 00:00:00'),
(104, 35, 4, NULL, 1, 1, 1, 1, NULL, NULL, '2018-07-18 16:08:54', '2018-07-18 16:08:54', '0000-00-00 00:00:00'),
(105, 35, 5, NULL, 1, 1, 1, 1, NULL, NULL, '0000-00-00 00:00:00', '0000-00-00 00:00:00', '0000-00-00 00:00:00'),
(106, 36, 1, NULL, 1, 1, 1, 1, NULL, NULL, '0000-00-00 00:00:00', '0000-00-00 00:00:00', '0000-00-00 00:00:00'),
(107, 36, 4, NULL, 1, 1, 1, 1, NULL, NULL, '2018-07-18 16:08:55', '2018-07-18 16:08:55', '0000-00-00 00:00:00'),
(108, 36, 5, NULL, 1, 1, 1, 1, NULL, NULL, '0000-00-00 00:00:00', '0000-00-00 00:00:00', '0000-00-00 00:00:00'),
(109, 37, 1, NULL, 1, 1, 1, 1, NULL, NULL, '0000-00-00 00:00:00', '0000-00-00 00:00:00', '0000-00-00 00:00:00'),
(110, 37, 4, NULL, 1, 1, 1, 1, NULL, NULL, '2018-07-18 16:08:56', '2018-07-18 16:08:56', '0000-00-00 00:00:00'),
(111, 37, 5, NULL, 1, 1, 1, 1, NULL, NULL, '0000-00-00 00:00:00', '0000-00-00 00:00:00', '0000-00-00 00:00:00'),
(112, 38, 1, NULL, 1, 1, 1, 1, NULL, NULL, '0000-00-00 00:00:00', '0000-00-00 00:00:00', '0000-00-00 00:00:00'),
(113, 38, 4, NULL, 1, 1, 1, 1, NULL, NULL, '2018-07-18 16:08:57', '2018-07-18 16:08:57', '0000-00-00 00:00:00'),
(114, 38, 5, NULL, 1, 1, 1, 1, NULL, NULL, '0000-00-00 00:00:00', '0000-00-00 00:00:00', '0000-00-00 00:00:00'),
(118, 40, 1, NULL, 1, 1, 1, 1, NULL, NULL, '0000-00-00 00:00:00', '0000-00-00 00:00:00', '0000-00-00 00:00:00'),
(119, 40, 4, NULL, 1, 1, 1, 1, NULL, NULL, '2018-07-18 16:08:59', '2018-07-18 16:08:59', '0000-00-00 00:00:00'),
(120, 40, 5, NULL, 1, 1, 1, 1, NULL, NULL, '0000-00-00 00:00:00', '0000-00-00 00:00:00', '0000-00-00 00:00:00');

-- --------------------------------------------------------

--
-- Estructura de tabla para la tabla `property_maintenances`
--

CREATE TABLE `property_maintenances` (
  `id_maintenance` int(10) UNSIGNED NOT NULL,
  `id_property` int(10) UNSIGNED NOT NULL,
  `maintenance_name` varchar(100) NOT NULL,
  `maintenance_description` text,
  `maintenance_date` date DEFAULT NULL,
  `id_maintenance_quote` int(10) UNSIGNED DEFAULT NULL,
  `maintenance_completed` tinyint(1) NOT NULL DEFAULT '0',
  `maintenance_owner_cost` double(10,2) DEFAULT '0.00',
  `maintenance_tenant_cost` double(10,2) DEFAULT '0.00',
  `maintenance_administrative_fee` double(10,2) DEFAULT '0.00',
  `maintenance_status` tinyint(4) NOT NULL DEFAULT '0' COMMENT '0=pending|1=approveed|2=rejected',
  `maintenance_observations` text,
  `maintenance_archived` tinyint(1) NOT NULL DEFAULT '0',
  `creation_date` datetime NOT NULL DEFAULT CURRENT_TIMESTAMP,
  `modification_date` datetime NOT NULL DEFAULT CURRENT_TIMESTAMP ON UPDATE CURRENT_TIMESTAMP,
  `deletion_date` datetime DEFAULT NULL
) ENGINE=InnoDB DEFAULT CHARSET=utf8;

--
-- Volcado de datos para la tabla `property_maintenances`
--

INSERT INTO `property_maintenances` (`id_maintenance`, `id_property`, `maintenance_name`, `maintenance_description`, `maintenance_date`, `id_maintenance_quote`, `maintenance_completed`, `maintenance_owner_cost`, `maintenance_tenant_cost`, `maintenance_administrative_fee`, `maintenance_status`, `maintenance_observations`, `maintenance_archived`, `creation_date`, `modification_date`, `deletion_date`) VALUES
(1, 1, 'Arreglo vidrio', '', NULL, 1, 1, 2000.00, 0.00, 200.00, 1, '', 1, '2019-01-09 20:04:53', '2019-01-09 20:05:04', NULL);

-- --------------------------------------------------------

--
-- Estructura de tabla para la tabla `property_maintenance_quotes`
--

CREATE TABLE `property_maintenance_quotes` (
  `id_maintenance_quote` int(10) UNSIGNED NOT NULL,
  `id_maintenance` int(10) UNSIGNED NOT NULL,
  `id_user_professional` int(10) UNSIGNED NOT NULL,
  `quote_observations` text,
  `quote_price` double(10,2) NOT NULL DEFAULT '0.00',
  `quote_attachments` varchar(100) DEFAULT NULL,
  `quote_ready` tinyint(1) NOT NULL DEFAULT '0'
) ENGINE=InnoDB DEFAULT CHARSET=utf8;

--
-- Volcado de datos para la tabla `property_maintenance_quotes`
--

INSERT INTO `property_maintenance_quotes` (`id_maintenance_quote`, `id_maintenance`, `id_user_professional`, `quote_observations`, `quote_price`, `quote_attachments`, `quote_ready`) VALUES
(1, 1, 149, NULL, 1800.00, '', 1);

-- --------------------------------------------------------

--
-- Estructura de tabla para la tabla `receipts`
--

CREATE TABLE `receipts` (
  `id_receipt` int(10) UNSIGNED NOT NULL,
  `receipt_date` date NOT NULL,
  `id_user_issuer` int(11) NOT NULL,
  `id_user_receiver` int(11) DEFAULT NULL,
  `receipt_payed` tinyint(1) DEFAULT '0',
  `receipt_pay_date` datetime DEFAULT NULL,
  `receipt_voided` tinyint(1) NOT NULL DEFAULT '0',
  `receipt_description` text,
  `receipt_observations` text,
  `receipt_attachments` varchar(100) DEFAULT NULL
) ENGINE=InnoDB DEFAULT CHARSET=utf8;

--
-- Volcado de datos para la tabla `receipts`
--

INSERT INTO `receipts` (`id_receipt`, `receipt_date`, `id_user_issuer`, `id_user_receiver`, `receipt_payed`, `receipt_pay_date`, `receipt_voided`, `receipt_description`, `receipt_observations`, `receipt_attachments`) VALUES
(1, '2018-10-30', 3, 7, 1, '2018-10-30 12:54:39', 0, 'Recibo por cuenta y orden de María del Carmen ', '', ''),
(2, '2019-01-09', 146, 56, 1, '2019-01-09 15:38:22', 0, '', '', ''),
(3, '2019-01-09', 146, 83, 1, '2019-01-09 15:44:58', 0, 'Recibo por cuenta y orden de María del Carmen ', '', ''),
(4, '2019-01-09', 146, 125, 1, '2019-01-09 15:51:58', 0, 'Recibo por cuenta y orden de María del Carmen ', '', ''),
(5, '2019-01-09', 146, 14, 1, '2019-01-09 16:05:22', 0, 'Recibo por cuenta y orden de ', '', ''),
(6, '2019-01-09', 146, 104, 1, '2019-01-09 16:10:02', 0, 'Recibo por cuenta y orden de ', '', ''),
(7, '2019-01-09', 146, 101, 1, '2019-01-09 16:13:38', 0, 'Recibo por cuenta y orden de María del Carmen ', '', ''),
(8, '2019-01-09', 146, NULL, 1, '2019-01-09 16:20:04', 0, '', '', ''),
(9, '2019-01-09', 3, 90, 1, '2019-01-09 16:34:33', 0, '', '', ''),
(10, '2019-01-09', 146, 82, 1, '2019-01-09 16:37:21', 0, '', 'se adeudan gastos administrativos', ''),
(11, '2019-01-14', 1, 5, 1, '2019-01-14 17:32:35', 0, '', '', ''),
(12, '2019-01-14', 3, 72, 1, '2019-01-14 20:48:07', 0, '', '', ''),
(13, '2019-01-14', 3, 133, 1, '2019-01-14 21:22:24', 0, '', '', ''),
(14, '2019-01-15', 3, 120, 1, '2019-01-15 14:13:07', 0, '', '', ''),
(15, '2019-01-15', 3, 38, 1, '2019-01-15 14:13:58', 0, '', '', ''),
(16, '2019-01-15', 3, 41, 1, '2019-01-15 14:30:55', 0, '', '', ''),
(17, '2019-01-15', 3, 12, 1, '2019-01-15 17:10:37', 0, 'hola', 'hola', ''),
(18, '2019-01-15', 3, 82, 1, '2019-01-15 17:12:35', 0, '', '', ''),
(19, '2019-01-15', 3, 82, 1, '2019-01-15 17:12:42', 0, '', '', ''),
(20, '2019-01-15', 3, 125, 1, '2019-01-15 17:12:49', 0, '', '', ''),
(21, '2019-01-15', 3, 125, 1, '2019-01-15 17:13:03', 0, '', '', ''),
(22, '2019-01-15', 3, 125, 1, '2019-01-15 17:14:14', 0, '', '', ''),
(23, '2019-01-15', 1, 120, 1, '2019-01-15 17:58:59', 0, NULL, '', ''),
(24, '2019-01-15', 1, 120, 1, '2019-01-15 17:59:05', 0, NULL, '', ''),
(25, '2019-01-15', 3, 133, 1, '2019-01-15 20:54:06', 0, NULL, '', ''),
(26, '2019-01-16', 3, 116, 1, '2019-01-16 11:48:53', 0, NULL, '', ''),
(27, '2019-01-16', 3, 120, 1, '2019-01-16 11:50:17', 0, NULL, '', ''),
(28, '2019-01-16', 3, 141, 1, '2019-01-16 11:52:07', 0, NULL, '', ''),
(29, '2019-01-16', 3, 120, 1, '2019-01-16 15:01:09', 0, NULL, '', ''),
(30, '2019-01-18', 3, 53, 1, '2019-01-18 10:46:11', 0, NULL, '', '');

-- --------------------------------------------------------

--
-- Estructura de tabla para la tabla `receipt_details`
--

CREATE TABLE `receipt_details` (
  `id_receipt_detail` int(10) UNSIGNED NOT NULL,
  `id_receipt` int(10) UNSIGNED DEFAULT NULL COMMENT 'Los detalles estan siempre pendientes, hasta que se asignan a un cupon.',
  `id_expense_type` int(10) UNSIGNED DEFAULT NULL,
  `id_period` int(10) UNSIGNED NOT NULL,
  `id_property` int(10) UNSIGNED DEFAULT NULL,
  `detail_description` text COMMENT 'Detalle',
  `detail_info` text COMMENT 'Campo para texo descriptivo adicional.',
  `detail_ammount` double(12,5) DEFAULT NULL COMMENT 'Importe',
  `id_issuing_account` int(11) NOT NULL,
  `id_receiving_account` int(11) NOT NULL,
  `detail_concept` varchar(45) DEFAULT NULL,
  `detail_observations` text COMMENT 'Observaciones cargadas por el operador.',
  `detail_expire_date` date DEFAULT NULL COMMENT 'Fecha limite para el pago sin intereses.',
  `detail_interest_since` date DEFAULT NULL COMMENT 'Fecha a partir de la cual se cuenta para intereses.',
  `detail_interest_rate` double(10,5) NOT NULL DEFAULT '0.00000' COMMENT 'Tasa de interes diaria.',
  `detail_original_ammount` double(10,5) DEFAULT NULL COMMENT 'Importe original del comprobante.',
  `detail_attachments` varchar(100) DEFAULT NULL,
  `detail_custom` tinyint(1) NOT NULL DEFAULT '0' COMMENT 'Indica si el detalle fue creado manualmente.',
  `detail_id_user_modifier` int(10) UNSIGNED DEFAULT NULL COMMENT 'ID del usuario que creo o modifico este detalle.',
  `detail_id_detail_sibling` int(11) DEFAULT NULL COMMENT 'Indica otro detalle, del cual obtendra el importe si ese se modifcase.',
  `creation_date` datetime NOT NULL DEFAULT CURRENT_TIMESTAMP,
  `modification_date` datetime DEFAULT NULL ON UPDATE CURRENT_TIMESTAMP,
  `_checked` tinyint(3) UNSIGNED NOT NULL DEFAULT '1' COMMENT 'Persistencia del estado de seleccion de un detalle en los cupones sin generar.'
) ENGINE=InnoDB DEFAULT CHARSET=utf8;

--
-- Volcado de datos para la tabla `receipt_details`
--

INSERT INTO `receipt_details` (`id_receipt_detail`, `id_receipt`, `id_expense_type`, `id_period`, `id_property`, `detail_description`, `detail_info`, `detail_ammount`, `id_issuing_account`, `id_receiving_account`, `detail_concept`, `detail_observations`, `detail_expire_date`, `detail_interest_since`, `detail_interest_rate`, `detail_original_ammount`, `detail_attachments`, `detail_custom`, `detail_id_user_modifier`, `detail_id_detail_sibling`, `creation_date`, `modification_date`, `_checked`) VALUES
(1, 1, 5, 3, 2, 'Alquiler 10-2018 ', 'Oficina 11 Cerro', 12576.00000, 7, 2, 'GET-RENT-1', NULL, '2018-10-10', '2018-10-01', 0.00050, 12576.00000, NULL, 0, NULL, NULL, '2018-10-30 15:44:03', '2019-01-18 17:08:26', 1),
(2, 29, 5, 3, 1, 'Alquiler 10-2018 ', 'Oficina 12 Cerro', 8100.00000, 8, 2, 'GET-RENT-2', NULL, '2018-10-10', '2018-10-01', 0.00050, 8100.00000, NULL, 0, NULL, NULL, '2018-10-30 15:44:03', '2019-01-18 17:08:26', 1),
(3, 3, 5, 3, 3, 'Alquiler 10-2018', 'Gomeria Caraffa', 36203.00000, 9, 2, 'GET-RENT-3', NULL, '2018-10-10', '2018-10-01', 0.00050, 36203.00000, NULL, 0, NULL, NULL, '2018-10-30 15:44:03', '2019-01-09 18:44:58', 1),
(4, 26, 5, 3, 4, 'Alquiler 10-2018', 'Torre Carmela 2C', 7833.00000, 10, 2, 'GET-RENT-4', NULL, '2018-10-10', '2018-10-01', 0.00050, 7833.00000, NULL, 0, NULL, NULL, '2018-10-30 15:44:03', '2019-01-16 14:48:53', 1),
(5, 15, 5, 3, 5, 'Alquiler 10-2018 ', 'Torre Carmela 3B', 3822.00000, 11, 2, 'GET-RENT-5', NULL, '2018-10-10', '2018-10-01', 0.00050, 3822.00000, NULL, 0, NULL, NULL, '2018-10-30 15:44:03', '2019-01-18 17:08:26', 1),
(6, 12, 5, 3, 6, 'Alquiler 10-2018 ', 'Torre Carmela 3C', 7590.00000, 12, 2, 'GET-RENT-6', NULL, '2018-10-10', '2018-10-01', 0.00050, 7590.00000, NULL, 0, NULL, NULL, '2018-10-30 15:44:03', '2019-01-18 17:08:26', 1),
(7, NULL, 5, 3, 7, 'Alquiler 10-2018 ', 'Torre Carmela 4B', 12500.00000, 13, 2, 'GET-RENT-7', NULL, '2018-10-10', '2018-10-01', 0.00050, 12500.00000, NULL, 0, NULL, NULL, '2018-10-30 15:44:03', '2019-01-18 17:08:26', 0),
(8, 17, 5, 3, 8, 'Alquiler 10-2018 ', 'Torre Carmela 5A', 11500.00000, 14, 2, 'GET-RENT-8', NULL, '2018-10-10', '2018-10-01', 0.00050, 11500.00000, NULL, 0, NULL, NULL, '2018-10-30 15:44:03', '2019-01-18 17:08:26', 1),
(9, 7, 5, 3, 9, 'Alquiler 10-2018 ', 'Torre Carmela 7A', 8760.00000, 15, 2, 'GET-RENT-9', NULL, '2018-10-10', '2018-10-01', 0.00050, 8760.00000, NULL, 0, NULL, NULL, '2018-10-30 15:44:03', '2019-01-18 17:08:26', 1),
(10, NULL, 5, 3, 10, 'Alquiler 10-2018 ', 'Torre Carmela 7B', 10695.00000, 16, 2, 'GET-RENT-10', NULL, '2018-10-10', '2018-10-01', 0.00050, 10695.00000, NULL, 0, NULL, NULL, '2018-10-30 15:44:03', '2019-01-18 17:08:26', 0),
(11, NULL, 5, 3, 11, 'Alquiler 10-2018 ', 'Torre Carmela 9A', 9389.00000, 17, 2, 'GET-RENT-11', NULL, '2018-10-10', '2018-10-01', 0.00050, 9389.00000, NULL, 0, NULL, NULL, '2018-10-30 15:44:03', '2019-01-18 17:08:26', 1),
(12, 16, 5, 3, 12, 'Alquiler 10-2018', 'Duplex Gandhi', 10650.00000, 18, 2, 'GET-RENT-12', NULL, '2018-10-10', '2018-10-01', 0.00050, 10650.00000, NULL, 0, NULL, NULL, '2018-10-30 15:44:03', '2019-01-15 17:30:55', 1),
(13, NULL, 5, 3, 14, 'Alquiler 10-2018 ', 'Casa La Finur', 20500.00000, 19, 2, 'GET-RENT-14', NULL, '2018-10-10', '2018-10-01', 0.00050, 20500.00000, NULL, 0, NULL, NULL, '2018-10-30 15:44:03', '2019-01-18 17:08:26', 0),
(14, 28, 5, 3, 16, 'Alquiler 10-2018 ', 'Manantiales', 6900.00000, 20, 2, 'GET-RENT-15', NULL, '2018-10-10', '2018-10-01', 0.00050, 6900.00000, NULL, 0, NULL, NULL, '2018-10-30 15:44:03', '2019-01-18 17:08:26', 1),
(15, 22, 5, 3, 15, 'Alquiler 10-2018 ', 'Local Rafael Nuñez', 8100.00000, 21, 2, 'GET-RENT-16', NULL, '2018-10-10', '2018-10-01', 0.00050, 8100.00000, NULL, 0, NULL, NULL, '2018-10-30 15:44:03', '2019-01-18 17:08:26', 1),
(16, NULL, 5, 3, 18, 'Alquiler 10-2018 ', 'Torre Carmela 1C', 7475.00000, 22, 2, 'GET-RENT-17', NULL, '2018-10-10', '2018-10-01', 0.00050, 7475.00000, NULL, 0, NULL, NULL, '2018-10-30 15:44:03', '2019-01-18 17:08:26', 1),
(17, NULL, 5, 3, 19, 'Alquiler 10-2018 ', 'Chile 349 Consultorio', 12880.00000, 23, 2, 'GET-RENT-18', NULL, '2018-10-10', '2018-10-01', 0.00050, 12880.00000, NULL, 0, NULL, NULL, '2018-10-30 15:44:03', '2019-01-18 17:08:26', 1),
(18, 6, 5, 3, 20, 'Alquiler 10-2018 ', 'Thays', 19000.00000, 24, 2, 'GET-RENT-19', NULL, '2018-10-10', '2018-10-01', 0.00050, 19000.00000, NULL, 0, NULL, NULL, '2018-10-30 15:44:03', '2019-01-18 17:08:26', 1),
(19, NULL, 5, 3, 21, 'Alquiler 10-2018 ', 'Pje. España 1 A', 6325.00000, 25, 2, 'GET-RENT-20', NULL, '2018-10-10', '2018-10-01', 0.00050, 6325.00000, NULL, 0, NULL, NULL, '2018-10-30 15:44:03', '2019-01-18 17:08:26', 1),
(20, NULL, 5, 3, 22, 'Alquiler 10-2018', 'Pje. España 2 A', 7909.00000, 26, 2, 'GET-RENT-21', NULL, '2018-10-10', '2018-10-01', 0.00050, 7909.00000, NULL, 0, NULL, NULL, '2018-10-30 15:44:03', '2019-01-09 19:05:08', 0),
(21, NULL, 5, 3, 25, 'Alquiler 10-2018 ', 'Duplex Azpeitia', 18400.00000, 27, 2, 'GET-RENT-23', NULL, '2018-10-10', '2018-10-01', 0.00050, 18400.00000, NULL, 0, NULL, NULL, '2018-10-30 15:44:03', '2019-01-18 17:08:26', 1),
(22, NULL, 5, 3, 26, 'Alquiler 10-2018 ', 'Local Independencia 1091', 17500.00000, 28, 2, 'GET-RENT-25', NULL, '2018-10-10', '2018-10-01', 0.00050, 17500.00000, NULL, 0, NULL, NULL, '2018-10-30 15:44:03', '2019-01-18 17:08:26', 1),
(23, NULL, 5, 3, 28, 'Alquiler 10-2018 ', 'Triplex Salguero', 13110.00000, 29, 2, 'GET-RENT-26', NULL, '2018-10-10', '2018-10-01', 0.00050, 13110.00000, NULL, 0, NULL, NULL, '2018-10-30 15:44:03', '2019-01-18 17:08:26', 0),
(24, NULL, 5, 3, 30, 'Alquiler 10-2018', 'San Lorenzo Mono', 6707.00000, 30, 2, 'GET-RENT-27', NULL, '2018-10-10', '2018-10-01', 0.00050, 6707.00000, NULL, 0, NULL, NULL, '2018-10-30 15:44:03', NULL, 1),
(25, NULL, 5, 3, 31, 'Alquiler 10-2018 ', 'Amb. Olmos 1028 3D', 6613.00000, 31, 2, 'GET-RENT-28', NULL, '2018-10-10', '2018-10-01', 0.00050, 6613.00000, NULL, 0, NULL, NULL, '2018-10-30 15:44:03', '2019-01-18 17:08:26', 1),
(26, NULL, 5, 3, 32, 'Alquiler 10-2018', 'Mono Independencia 804 6D', 4867.00000, 32, 2, 'GET-RENT-29', NULL, '2018-10-10', '2018-10-01', 0.00050, 4867.00000, NULL, 0, NULL, NULL, '2018-10-30 15:44:03', NULL, 1),
(27, NULL, 5, 3, 34, 'Alquiler 10-2018', 'Obispo Oro 451', 12167.00000, 33, 2, 'GET-RENT-30', NULL, '2018-10-10', '2018-10-01', 0.00050, 12167.00000, NULL, 0, NULL, NULL, '2018-10-30 15:44:03', NULL, 1),
(28, NULL, 5, 3, 36, 'Alquiler 10-2018 ', 'San Lorenzo 2 Dorm', 10100.00000, 34, 2, 'GET-RENT-31', NULL, '2018-10-10', '2018-10-01', 0.00050, 10100.00000, NULL, 0, NULL, NULL, '2018-10-30 15:44:03', '2019-01-18 17:08:26', 1),
(29, NULL, 5, 3, 37, 'Alquiler 10-2018', 'Dean Funes', 4950.00000, 35, 2, 'GET-RENT-32', NULL, '2018-10-10', '2018-10-01', 0.00050, 4950.00000, NULL, 0, NULL, NULL, '2018-10-30 15:44:03', NULL, 1),
(30, NULL, 5, 3, 38, 'Alquiler 10-2018 ', 'Montevideo', 6500.00000, 36, 2, 'GET-RENT-33', NULL, '2018-10-10', '2018-10-01', 0.00050, 6500.00000, NULL, 0, NULL, NULL, '2018-10-30 15:44:03', '2019-01-18 17:08:26', 1),
(31, NULL, 5, 3, 39, 'Alquiler 10-2018 ', 'Belgrano 1003 6C', 7220.00000, 37, 2, 'GET-RENT-34', NULL, '2018-10-10', '2018-10-01', 0.00050, 7220.00000, NULL, 0, NULL, NULL, '2018-10-30 15:44:03', '2019-01-18 17:08:26', 0),
(32, NULL, 5, 3, 40, 'Alquiler 10-2018 ', 'Carlucci 29', 11241.00000, 38, 2, 'GET-RENT-35', NULL, '2018-10-10', '2018-10-01', 0.00050, 11241.00000, NULL, 0, NULL, NULL, '2018-10-30 15:44:03', '2019-01-18 17:08:26', 1),
(33, NULL, 5, 3, 41, 'Alquiler 10-2018', 'M.T. de Alvear 970 2º 11', 7300.00000, 39, 2, 'GET-RENT-36', NULL, '2018-10-10', '2018-10-01', 0.00050, 7300.00000, NULL, 0, NULL, NULL, '2018-10-30 15:44:03', NULL, 1),
(34, 9, 5, 3, 2, 'Liquidación periodo 10-2018 ', 'Oficina 11 Cerro', 12576.00000, 2, 40, 'LIQ-RENT-1', NULL, NULL, NULL, 0.00000, 12576.00000, NULL, 0, NULL, NULL, '2018-10-30 15:44:03', '2019-01-18 17:08:26', 1),
(35, 9, 1, 3, 2, 'Gasto administrativo periodo 10-2018', 'Oficina 11 Cerro', 628.80000, 40, 1, 'LIQ-ADM-RENT-1', NULL, NULL, NULL, 0.00000, 628.80000, NULL, 0, NULL, NULL, '2018-10-30 15:44:03', '2019-01-09 19:34:33', 1),
(36, 9, 5, 3, 1, 'Liquidación periodo 10-2018 ', 'Oficina 12 Cerro', 8100.00000, 2, 40, 'LIQ-RENT-2', NULL, NULL, NULL, 0.00000, 8100.00000, NULL, 0, NULL, NULL, '2018-10-30 15:44:03', '2019-01-18 17:08:26', 1),
(37, 9, 1, 3, 1, 'Gasto administrativo periodo 10-2018', 'Oficina 12 Cerro', 405.00000, 40, 1, 'LIQ-ADM-RENT-2', NULL, NULL, NULL, 0.00000, 405.00000, NULL, 0, NULL, NULL, '2018-10-30 15:44:03', '2019-01-09 19:34:33', 1),
(38, 9, 5, 3, 3, 'Liquidación periodo 10-2018', 'Gomeria Caraffa', 36203.00000, 2, 40, 'LIQ-RENT-3', NULL, NULL, NULL, 0.00000, 36203.00000, NULL, 0, NULL, NULL, '2018-10-30 15:44:03', '2019-01-09 19:34:35', 1),
(39, 9, 1, 3, 3, 'Gasto administrativo periodo 10-2018', 'Gomeria Caraffa', 1810.15000, 40, 1, 'LIQ-ADM-RENT-3', NULL, NULL, NULL, 0.00000, 1810.15000, NULL, 0, NULL, NULL, '2018-10-30 15:44:03', '2019-01-09 19:34:33', 1),
(40, 9, 5, 3, 4, 'Liquidación periodo 10-2018', 'Torre Carmela 2C', 7833.00000, 2, 40, 'LIQ-RENT-4', NULL, NULL, NULL, 0.00000, 7833.00000, NULL, 0, NULL, NULL, '2018-10-30 15:44:03', '2019-01-09 19:34:35', 1),
(41, 9, 1, 3, 4, 'Gasto administrativo periodo 10-2018', 'Torre Carmela 2C', 391.65000, 40, 1, 'LIQ-ADM-RENT-4', NULL, NULL, NULL, 0.00000, 391.65000, NULL, 0, NULL, NULL, '2018-10-30 15:44:03', '2019-01-09 19:34:34', 1),
(42, 9, 5, 3, 5, 'Liquidación periodo 10-2018 ', 'Torre Carmela 3B', 3822.00000, 2, 40, 'LIQ-RENT-5', NULL, NULL, NULL, 0.00000, 3822.00000, NULL, 0, NULL, NULL, '2018-10-30 15:44:03', '2019-01-18 17:08:26', 1),
(43, 9, 1, 3, 5, 'Gasto administrativo periodo 10-2018', 'Torre Carmela 3B', 191.10000, 40, 1, 'LIQ-ADM-RENT-5', NULL, NULL, NULL, 0.00000, 191.10000, NULL, 0, NULL, NULL, '2018-10-30 15:44:03', '2019-01-09 19:34:34', 1),
(44, 9, 5, 3, 6, 'Liquidación periodo 10-2018 ', 'Torre Carmela 3C', 7590.00000, 2, 40, 'LIQ-RENT-6', NULL, NULL, NULL, 0.00000, 7590.00000, NULL, 0, NULL, NULL, '2018-10-30 15:44:03', '2019-01-18 17:08:26', 1),
(45, 9, 1, 3, 6, 'Gasto administrativo periodo 10-2018', 'Torre Carmela 3C', 379.50000, 40, 1, 'LIQ-ADM-RENT-6', NULL, NULL, NULL, 0.00000, 379.50000, NULL, 0, NULL, NULL, '2018-10-30 15:44:03', '2019-01-09 19:34:34', 1),
(46, 9, 5, 3, 7, 'Liquidación periodo 10-2018 ', 'Torre Carmela 4B', 12500.00000, 2, 40, 'LIQ-RENT-7', NULL, NULL, NULL, 0.00000, 12500.00000, NULL, 0, NULL, NULL, '2018-10-30 15:44:03', '2019-01-18 17:08:26', 1),
(47, 9, 1, 3, 7, 'Gasto administrativo periodo 10-2018', 'Torre Carmela 4B', 625.00000, 40, 1, 'LIQ-ADM-RENT-7', NULL, NULL, NULL, 0.00000, 625.00000, NULL, 0, NULL, NULL, '2018-10-30 15:44:03', '2019-01-09 19:34:34', 1),
(48, 9, 5, 3, 8, 'Liquidación periodo 10-2018 ', 'Torre Carmela 5A', 11500.00000, 2, 40, 'LIQ-RENT-8', NULL, NULL, NULL, 0.00000, 11500.00000, NULL, 0, NULL, NULL, '2018-10-30 15:44:03', '2019-01-18 17:08:26', 1),
(49, 9, 1, 3, 8, 'Gasto administrativo periodo 10-2018', 'Torre Carmela 5A', 575.00000, 40, 1, 'LIQ-ADM-RENT-8', NULL, NULL, NULL, 0.00000, 575.00000, NULL, 0, NULL, NULL, '2018-10-30 15:44:03', '2019-01-09 19:34:34', 1),
(50, 9, 5, 3, 9, 'Liquidación periodo 10-2018 ', 'Torre Carmela 7A', 8760.00000, 2, 40, 'LIQ-RENT-9', NULL, NULL, NULL, 0.00000, 8760.00000, NULL, 0, NULL, NULL, '2018-10-30 15:44:03', '2019-01-18 17:08:26', 1),
(51, 9, 1, 3, 9, 'Gasto administrativo periodo 10-2018', 'Torre Carmela 7A', 438.00000, 40, 1, 'LIQ-ADM-RENT-9', NULL, NULL, NULL, 0.00000, 438.00000, NULL, 0, NULL, NULL, '2018-10-30 15:44:03', '2019-01-09 19:34:34', 1),
(52, 9, 5, 3, 10, 'Liquidación periodo 10-2018 ', 'Torre Carmela 7B', 10695.00000, 2, 40, 'LIQ-RENT-10', NULL, NULL, NULL, 0.00000, 10695.00000, NULL, 0, NULL, NULL, '2018-10-30 15:44:03', '2019-01-18 17:08:26', 1),
(53, 9, 1, 3, 10, 'Gasto administrativo periodo 10-2018', 'Torre Carmela 7B', 534.75000, 40, 1, 'LIQ-ADM-RENT-10', NULL, NULL, NULL, 0.00000, 534.75000, NULL, 0, NULL, NULL, '2018-10-30 15:44:03', '2019-01-09 19:34:34', 1),
(54, 9, 5, 3, 11, 'Liquidación periodo 10-2018 ', 'Torre Carmela 9A', 9389.00000, 2, 40, 'LIQ-RENT-11', NULL, NULL, NULL, 0.00000, 9389.00000, NULL, 0, NULL, NULL, '2018-10-30 15:44:03', '2019-01-18 17:08:26', 1),
(55, 9, 1, 3, 11, 'Gasto administrativo periodo 10-2018', 'Torre Carmela 9A', 469.45000, 40, 1, 'LIQ-ADM-RENT-11', NULL, NULL, NULL, 0.00000, 469.45000, NULL, 0, NULL, NULL, '2018-10-30 15:44:03', '2019-01-09 19:34:34', 1),
(56, 9, 5, 3, 12, 'Liquidación periodo 10-2018', 'Duplex Gandhi', 10650.00000, 2, 40, 'LIQ-RENT-12', NULL, NULL, NULL, 0.00000, 10650.00000, NULL, 0, NULL, NULL, '2018-10-30 15:44:03', '2019-01-09 19:34:35', 1),
(57, 9, 1, 3, 12, 'Gasto administrativo periodo 10-2018', 'Duplex Gandhi', 532.50000, 40, 1, 'LIQ-ADM-RENT-12', NULL, NULL, NULL, 0.00000, 532.50000, NULL, 0, NULL, NULL, '2018-10-30 15:44:03', '2019-01-09 19:34:34', 1),
(58, 9, 5, 3, 14, 'Liquidación periodo 10-2018 ', 'Casa La Finur', 20500.00000, 2, 40, 'LIQ-RENT-14', NULL, NULL, NULL, 0.00000, 20500.00000, NULL, 0, NULL, NULL, '2018-10-30 15:44:03', '2019-01-18 17:08:26', 1),
(59, 9, 1, 3, 14, 'Gasto administrativo periodo 10-2018', 'Casa La Finur', 1025.00000, 40, 1, 'LIQ-ADM-RENT-14', NULL, NULL, NULL, 0.00000, 1025.00000, NULL, 0, NULL, NULL, '2018-10-30 15:44:04', '2019-01-09 19:34:34', 1),
(60, 9, 5, 3, 16, 'Liquidación periodo 10-2018 ', 'Manantiales', 6900.00000, 2, 40, 'LIQ-RENT-15', NULL, NULL, NULL, 0.00000, 6900.00000, NULL, 0, NULL, NULL, '2018-10-30 15:44:04', '2019-01-18 17:08:26', 1),
(61, 9, 1, 3, 16, 'Gasto administrativo periodo 10-2018', 'Manantiales', 345.00000, 40, 1, 'LIQ-ADM-RENT-15', NULL, NULL, NULL, 0.00000, 345.00000, NULL, 0, NULL, NULL, '2018-10-30 15:44:04', '2019-01-09 19:34:34', 1),
(62, 9, 5, 3, 15, 'Liquidación periodo 10-2018 ', 'Local Rafael Nuñez', 8100.00000, 2, 40, 'LIQ-RENT-16', NULL, NULL, NULL, 0.00000, 8100.00000, NULL, 0, NULL, NULL, '2018-10-30 15:44:04', '2019-01-18 17:08:26', 1),
(63, 9, 1, 3, 15, 'Gasto administrativo periodo 10-2018', 'Local Rafael Nuñez', 405.00000, 40, 1, 'LIQ-ADM-RENT-16', NULL, NULL, NULL, 0.00000, 405.00000, NULL, 0, NULL, NULL, '2018-10-30 15:44:04', '2019-01-09 19:34:34', 1),
(64, NULL, 2, 3, 1, 'Aguas Cordobesas', 'Oficina 12 Cerro - ', 0.00000, 8, 5, 'GET-EXPENSE-1', NULL, NULL, NULL, 0.00000, 0.00000, NULL, 0, NULL, 65, '2018-10-30 15:44:04', '2019-01-09 18:39:33', 0),
(65, NULL, 2, 3, 1, 'Aguas Cordobesas', 'Oficina 12 Cerro - ', 0.00000, 5, 6, 'PAY-EXPENSE-1', NULL, NULL, NULL, 0.00000, 0.00000, NULL, 0, NULL, 64, '2018-10-30 15:44:04', NULL, 1),
(66, NULL, 2, 3, 1, 'Municipalidad de Cordoba', 'Oficina 12 Cerro - ', 0.00000, 8, 5, 'GET-EXPENSE-2', NULL, NULL, NULL, 0.00000, 0.00000, NULL, 0, NULL, 67, '2018-10-30 15:44:04', '2019-01-09 18:39:34', 0),
(67, NULL, 2, 3, 1, 'Municipalidad de Cordoba', 'Oficina 12 Cerro - ', 0.00000, 5, 6, 'PAY-EXPENSE-2', NULL, NULL, NULL, 0.00000, 0.00000, NULL, 0, NULL, 66, '2018-10-30 15:44:04', NULL, 1),
(68, NULL, 2, 3, 1, 'Rentas', 'Oficina 12 Cerro - ', 0.00000, 8, 5, 'GET-EXPENSE-3', NULL, NULL, NULL, 0.00000, 0.00000, NULL, 0, NULL, 69, '2018-10-30 15:44:04', '2019-01-09 18:39:35', 0),
(69, NULL, 2, 3, 1, 'Rentas', 'Oficina 12 Cerro - ', 0.00000, 5, 6, 'PAY-EXPENSE-3', NULL, NULL, NULL, 0.00000, 0.00000, NULL, 0, NULL, 68, '2018-10-30 15:44:04', NULL, 1),
(70, 1, 2, 3, 2, 'Aguas Cordobesas', 'Oficina 11 Cerro - ', 0.00000, 7, 5, 'GET-EXPENSE-4', NULL, NULL, NULL, 0.00000, 0.00000, NULL, 0, NULL, 71, '2018-10-30 15:44:04', '2018-10-30 15:54:39', 1),
(71, NULL, 2, 3, 2, 'Aguas Cordobesas', 'Oficina 11 Cerro - ', 0.00000, 5, 6, 'PAY-EXPENSE-4', NULL, NULL, NULL, 0.00000, 0.00000, NULL, 0, NULL, 70, '2018-10-30 15:44:04', NULL, 1),
(72, 1, 2, 3, 2, 'Municipalidad de Cordoba', 'Oficina 11 Cerro - ', 0.00000, 7, 5, 'GET-EXPENSE-5', NULL, NULL, NULL, 0.00000, 0.00000, NULL, 0, NULL, 73, '2018-10-30 15:44:04', '2018-10-30 15:54:39', 1),
(73, NULL, 2, 3, 2, 'Municipalidad de Cordoba', 'Oficina 11 Cerro - ', 0.00000, 5, 6, 'PAY-EXPENSE-5', NULL, NULL, NULL, 0.00000, 0.00000, NULL, 0, NULL, 72, '2018-10-30 15:44:04', NULL, 1),
(74, 1, 2, 3, 2, 'Rentas', 'Oficina 11 Cerro - ', 0.00000, 7, 5, 'GET-EXPENSE-6', NULL, NULL, NULL, 0.00000, 0.00000, NULL, 0, NULL, 75, '2018-10-30 15:44:04', '2018-10-30 15:54:39', 1),
(75, NULL, 2, 3, 2, 'Rentas', 'Oficina 11 Cerro - ', 0.00000, 5, 6, 'PAY-EXPENSE-6', NULL, NULL, NULL, 0.00000, 0.00000, NULL, 0, NULL, 74, '2018-10-30 15:44:04', NULL, 1),
(76, 3, 2, 3, 3, 'Aguas Cordobesas', 'Gomeria Caraffa - ', 500.00000, 9, 5, 'GET-EXPENSE-7', NULL, NULL, NULL, 0.00000, 0.00000, NULL, 0, 146, 77, '2018-10-30 15:44:04', '2019-01-09 18:44:58', 1),
(77, 8, 2, 3, 3, 'Aguas Cordobesas', 'Gomeria Caraffa - ', 500.00000, 5, 6, 'PAY-EXPENSE-7', NULL, NULL, NULL, 0.00000, 0.00000, NULL, 0, NULL, 76, '2018-10-30 15:44:04', '2019-01-09 19:20:04', 1),
(78, 3, 2, 3, 3, 'Municipalidad de Cordoba', 'Gomeria Caraffa - ', 200.00000, 9, 5, 'GET-EXPENSE-8', NULL, NULL, NULL, 0.00000, 0.00000, NULL, 0, 146, 79, '2018-10-30 15:44:04', '2019-01-09 18:44:58', 1),
(79, NULL, 2, 3, 3, 'Municipalidad de Cordoba', 'Gomeria Caraffa - ', 200.00000, 5, 6, 'PAY-EXPENSE-8', NULL, NULL, NULL, 0.00000, 0.00000, NULL, 0, NULL, 78, '2018-10-30 15:44:04', '2019-01-09 18:44:43', 1),
(80, 3, 2, 3, 3, 'Rentas', 'Gomeria Caraffa - ', 250.00000, 9, 5, 'GET-EXPENSE-9', NULL, NULL, NULL, 0.00000, 0.00000, NULL, 0, 146, 81, '2018-10-30 15:44:04', '2019-01-09 18:44:58', 1),
(81, NULL, 2, 3, 3, 'Rentas', 'Gomeria Caraffa - ', 250.00000, 5, 6, 'PAY-EXPENSE-9', NULL, NULL, NULL, 0.00000, 0.00000, NULL, 0, NULL, 80, '2018-10-30 15:44:04', '2019-01-09 18:44:53', 1),
(82, 26, 2, 3, 4, 'Aguas Cordobesas', 'Torre Carmela 2C - ', 0.00000, 10, 5, 'GET-EXPENSE-10', NULL, NULL, NULL, 0.00000, 0.00000, NULL, 0, NULL, 83, '2018-10-30 15:44:04', '2019-01-16 14:48:53', 1),
(83, NULL, 2, 3, 4, 'Aguas Cordobesas', 'Torre Carmela 2C - ', 0.00000, 5, 6, 'PAY-EXPENSE-10', NULL, NULL, NULL, 0.00000, 0.00000, NULL, 0, NULL, 82, '2018-10-30 15:44:04', NULL, 1),
(84, 26, 2, 3, 4, 'Municipalidad de Cordoba', 'Torre Carmela 2C - 41202303000006', 0.00000, 10, 5, 'GET-EXPENSE-11', NULL, NULL, NULL, 0.00000, 0.00000, NULL, 0, NULL, 85, '2018-10-30 15:44:04', '2019-01-16 14:48:53', 1),
(85, NULL, 2, 3, 4, 'Municipalidad de Cordoba', 'Torre Carmela 2C - 41202303000006', 0.00000, 5, 6, 'PAY-EXPENSE-11', NULL, NULL, NULL, 0.00000, 0.00000, NULL, 0, NULL, 84, '2018-10-30 15:44:04', NULL, 1),
(86, 26, 2, 3, 4, 'Rentas', 'Torre Carmela 2C - ', 0.00000, 10, 5, 'GET-EXPENSE-12', NULL, NULL, NULL, 0.00000, 0.00000, NULL, 0, NULL, 87, '2018-10-30 15:44:04', '2019-01-16 14:48:53', 1),
(87, NULL, 2, 3, 4, 'Rentas', 'Torre Carmela 2C - ', 0.00000, 5, 6, 'PAY-EXPENSE-12', NULL, NULL, NULL, 0.00000, 0.00000, NULL, 0, NULL, 86, '2018-10-30 15:44:04', NULL, 1),
(88, 15, 2, 3, 5, 'Aguas Cordobesas', 'Torre Carmela 3B - ', 0.00000, 11, 5, 'GET-EXPENSE-13', NULL, NULL, NULL, 0.00000, 0.00000, NULL, 0, NULL, 89, '2018-10-30 15:44:04', '2019-01-15 17:13:58', 1),
(89, NULL, 2, 3, 5, 'Aguas Cordobesas', 'Torre Carmela 3B - ', 0.00000, 5, 6, 'PAY-EXPENSE-13', NULL, NULL, NULL, 0.00000, 0.00000, NULL, 0, NULL, 88, '2018-10-30 15:44:04', NULL, 1),
(90, 15, 2, 3, 5, 'Municipalidad de Cordoba', 'Torre Carmela 3B - 41202303000011', 0.00000, 11, 5, 'GET-EXPENSE-14', NULL, NULL, NULL, 0.00000, 0.00000, NULL, 0, NULL, 91, '2018-10-30 15:44:04', '2019-01-15 17:13:58', 1),
(91, NULL, 2, 3, 5, 'Municipalidad de Cordoba', 'Torre Carmela 3B - 41202303000011', 0.00000, 5, 6, 'PAY-EXPENSE-14', NULL, NULL, NULL, 0.00000, 0.00000, NULL, 0, NULL, 90, '2018-10-30 15:44:04', NULL, 1),
(92, 15, 2, 3, 5, 'Rentas', 'Torre Carmela 3B - ', 0.00000, 11, 5, 'GET-EXPENSE-15', NULL, NULL, NULL, 0.00000, 0.00000, NULL, 0, NULL, 93, '2018-10-30 15:44:04', '2019-01-15 17:13:58', 1),
(93, NULL, 2, 3, 5, 'Rentas', 'Torre Carmela 3B - ', 0.00000, 5, 6, 'PAY-EXPENSE-15', NULL, NULL, NULL, 0.00000, 0.00000, NULL, 0, NULL, 92, '2018-10-30 15:44:04', NULL, 1),
(94, 12, 2, 3, 6, 'Aguas Cordobesas', 'Torre Carmela 3C - ', 0.00000, 12, 5, 'GET-EXPENSE-16', NULL, NULL, NULL, 0.00000, 0.00000, NULL, 0, NULL, 95, '2018-10-30 15:44:04', '2019-01-14 23:48:07', 1),
(95, NULL, 2, 3, 6, 'Aguas Cordobesas', 'Torre Carmela 3C - ', 0.00000, 5, 6, 'PAY-EXPENSE-16', NULL, NULL, NULL, 0.00000, 0.00000, NULL, 0, NULL, 94, '2018-10-30 15:44:04', NULL, 1),
(96, 12, 2, 3, 6, 'Municipalidad de Cordoba', 'Torre Carmela 3C - 41202303000009', 0.00000, 12, 5, 'GET-EXPENSE-17', NULL, NULL, NULL, 0.00000, 0.00000, NULL, 0, NULL, 97, '2018-10-30 15:44:04', '2019-01-14 23:48:07', 1),
(97, NULL, 2, 3, 6, 'Municipalidad de Cordoba', 'Torre Carmela 3C - 41202303000009', 0.00000, 5, 6, 'PAY-EXPENSE-17', NULL, NULL, NULL, 0.00000, 0.00000, NULL, 0, NULL, 96, '2018-10-30 15:44:04', NULL, 1),
(98, 12, 2, 3, 6, 'Rentas', 'Torre Carmela 3C - ', 0.00000, 12, 5, 'GET-EXPENSE-18', NULL, NULL, NULL, 0.00000, 0.00000, NULL, 0, NULL, 99, '2018-10-30 15:44:04', '2019-01-14 23:48:07', 1),
(99, NULL, 2, 3, 6, 'Rentas', 'Torre Carmela 3C - ', 0.00000, 5, 6, 'PAY-EXPENSE-18', NULL, NULL, NULL, 0.00000, 0.00000, NULL, 0, NULL, 98, '2018-10-30 15:44:04', NULL, 1),
(100, NULL, 2, 3, 7, 'Aguas Cordobesas', 'Torre Carmela 4B - ', 0.00000, 13, 5, 'GET-EXPENSE-19', NULL, NULL, NULL, 0.00000, 0.00000, NULL, 0, NULL, 101, '2018-10-30 15:44:04', '2019-01-15 00:21:57', 0),
(101, NULL, 2, 3, 7, 'Aguas Cordobesas', 'Torre Carmela 4B - ', 0.00000, 5, 6, 'PAY-EXPENSE-19', NULL, NULL, NULL, 0.00000, 0.00000, NULL, 0, NULL, 100, '2018-10-30 15:44:04', NULL, 1),
(102, NULL, 2, 3, 7, 'Municipalidad de Cordoba', 'Torre Carmela 4B - 412023030000', 0.00000, 13, 5, 'GET-EXPENSE-20', NULL, NULL, NULL, 0.00000, 0.00000, NULL, 0, NULL, 103, '2018-10-30 15:44:04', '2019-01-15 00:21:58', 0),
(103, NULL, 2, 3, 7, 'Municipalidad de Cordoba', 'Torre Carmela 4B - 412023030000', 0.00000, 5, 6, 'PAY-EXPENSE-20', NULL, NULL, NULL, 0.00000, 0.00000, NULL, 0, NULL, 102, '2018-10-30 15:44:04', NULL, 1),
(104, NULL, 2, 3, 7, 'Rentas', 'Torre Carmela 4B - ', 0.00000, 13, 5, 'GET-EXPENSE-21', NULL, NULL, NULL, 0.00000, 0.00000, NULL, 0, NULL, 105, '2018-10-30 15:44:04', '2019-01-15 00:21:58', 0),
(105, NULL, 2, 3, 7, 'Rentas', 'Torre Carmela 4B - ', 0.00000, 5, 6, 'PAY-EXPENSE-21', NULL, NULL, NULL, 0.00000, 0.00000, NULL, 0, NULL, 104, '2018-10-30 15:44:04', NULL, 1),
(106, 17, 2, 3, 8, 'Aguas Cordobesas', 'Torre Carmela 5A - ', 0.00000, 14, 5, 'GET-EXPENSE-22', NULL, NULL, NULL, 0.00000, 0.00000, NULL, 0, NULL, 107, '2018-10-30 15:44:04', '2019-01-15 20:10:37', 1),
(107, NULL, 2, 3, 8, 'Aguas Cordobesas', 'Torre Carmela 5A - ', 0.00000, 5, 6, 'PAY-EXPENSE-22', NULL, NULL, NULL, 0.00000, 0.00000, NULL, 0, NULL, 106, '2018-10-30 15:44:04', NULL, 1),
(108, 17, 2, 3, 8, 'Municipalidad de Cordoba', 'Torre Carmela 5A - 41202303000015', 0.00000, 14, 5, 'GET-EXPENSE-23', NULL, NULL, NULL, 0.00000, 0.00000, NULL, 0, NULL, 109, '2018-10-30 15:44:04', '2019-01-15 20:10:38', 1),
(109, NULL, 2, 3, 8, 'Municipalidad de Cordoba', 'Torre Carmela 5A - 41202303000015', 0.00000, 5, 6, 'PAY-EXPENSE-23', NULL, NULL, NULL, 0.00000, 0.00000, NULL, 0, NULL, 108, '2018-10-30 15:44:04', NULL, 1),
(110, 17, 2, 3, 8, 'Rentas', 'Torre Carmela 5A - ', 0.00000, 14, 5, 'GET-EXPENSE-24', NULL, NULL, NULL, 0.00000, 0.00000, NULL, 0, NULL, 111, '2018-10-30 15:44:04', '2019-01-15 20:10:38', 1),
(111, NULL, 2, 3, 8, 'Rentas', 'Torre Carmela 5A - ', 0.00000, 5, 6, 'PAY-EXPENSE-24', NULL, NULL, NULL, 0.00000, 0.00000, NULL, 0, NULL, 110, '2018-10-30 15:44:04', NULL, 1),
(112, 7, 2, 3, 9, 'Aguas Cordobesas', 'Torre Carmela 7A - ', 0.00000, 15, 5, 'GET-EXPENSE-25', NULL, NULL, NULL, 0.00000, 0.00000, NULL, 0, NULL, 113, '2018-10-30 15:44:04', '2019-01-09 19:13:38', 1),
(113, NULL, 2, 3, 9, 'Aguas Cordobesas', 'Torre Carmela 7A - ', 0.00000, 5, 6, 'PAY-EXPENSE-25', NULL, NULL, NULL, 0.00000, 0.00000, NULL, 0, NULL, 112, '2018-10-30 15:44:04', NULL, 1),
(114, 7, 2, 3, 9, 'Municipalidad de Cordoba', 'Torre Carmela 7A - 41202303000019', 0.00000, 15, 5, 'GET-EXPENSE-26', NULL, NULL, NULL, 0.00000, 0.00000, NULL, 0, NULL, 115, '2018-10-30 15:44:04', '2019-01-09 19:13:38', 1),
(115, NULL, 2, 3, 9, 'Municipalidad de Cordoba', 'Torre Carmela 7A - 41202303000019', 0.00000, 5, 6, 'PAY-EXPENSE-26', NULL, NULL, NULL, 0.00000, 0.00000, NULL, 0, NULL, 114, '2018-10-30 15:44:04', NULL, 1),
(116, 7, 2, 3, 9, 'Rentas', 'Torre Carmela 7A - ', 0.00000, 15, 5, 'GET-EXPENSE-27', NULL, NULL, NULL, 0.00000, 0.00000, NULL, 0, NULL, 117, '2018-10-30 15:44:04', '2019-01-09 19:13:38', 1),
(117, NULL, 2, 3, 9, 'Rentas', 'Torre Carmela 7A - ', 0.00000, 5, 6, 'PAY-EXPENSE-27', NULL, NULL, NULL, 0.00000, 0.00000, NULL, 0, NULL, 116, '2018-10-30 15:44:04', NULL, 1),
(118, NULL, 2, 3, 10, 'Aguas Cordobesas', 'Torre Carmela 7B - ', 0.00000, 16, 5, 'GET-EXPENSE-28', NULL, NULL, NULL, 0.00000, 0.00000, NULL, 0, NULL, 119, '2018-10-30 15:44:04', '2018-10-30 15:44:04', 1),
(119, NULL, 2, 3, 10, 'Aguas Cordobesas', 'Torre Carmela 7B - ', 0.00000, 5, 6, 'PAY-EXPENSE-28', NULL, NULL, NULL, 0.00000, 0.00000, NULL, 0, NULL, 118, '2018-10-30 15:44:04', NULL, 1),
(120, NULL, 2, 3, 10, 'Municipalidad de Cordoba', 'Torre Carmela 7B - 41202303000018', 0.00000, 16, 5, 'GET-EXPENSE-29', NULL, NULL, NULL, 0.00000, 0.00000, NULL, 0, NULL, 121, '2018-10-30 15:44:04', '2018-10-30 15:44:04', 1),
(121, NULL, 2, 3, 10, 'Municipalidad de Cordoba', 'Torre Carmela 7B - 41202303000018', 0.00000, 5, 6, 'PAY-EXPENSE-29', NULL, NULL, NULL, 0.00000, 0.00000, NULL, 0, NULL, 120, '2018-10-30 15:44:04', NULL, 1),
(122, NULL, 2, 3, 10, 'Rentas', 'Torre Carmela 7B - ', 0.00000, 16, 5, 'GET-EXPENSE-30', NULL, NULL, NULL, 0.00000, 0.00000, NULL, 0, NULL, 123, '2018-10-30 15:44:04', '2018-10-30 15:44:04', 1),
(123, NULL, 2, 3, 10, 'Rentas', 'Torre Carmela 7B - ', 0.00000, 5, 6, 'PAY-EXPENSE-30', NULL, NULL, NULL, 0.00000, 0.00000, NULL, 0, NULL, 122, '2018-10-30 15:44:04', NULL, 1),
(124, NULL, 2, 3, 11, 'Aguas Cordobesas', 'Torre Carmela 9A - ', 0.00000, 17, 5, 'GET-EXPENSE-31', NULL, NULL, NULL, 0.00000, 0.00000, NULL, 0, NULL, 125, '2018-10-30 15:44:04', '2018-10-30 15:44:04', 1),
(125, NULL, 2, 3, 11, 'Aguas Cordobesas', 'Torre Carmela 9A - ', 0.00000, 5, 6, 'PAY-EXPENSE-31', NULL, NULL, NULL, 0.00000, 0.00000, NULL, 0, NULL, 124, '2018-10-30 15:44:04', NULL, 1),
(126, NULL, 2, 3, 11, 'Municipalidad de Cordoba', 'Torre Carmela 9A - 41202303000023', 0.00000, 17, 5, 'GET-EXPENSE-32', NULL, NULL, NULL, 0.00000, 0.00000, NULL, 0, NULL, 127, '2018-10-30 15:44:04', '2018-10-30 15:44:04', 1),
(127, NULL, 2, 3, 11, 'Municipalidad de Cordoba', 'Torre Carmela 9A - 41202303000023', 0.00000, 5, 6, 'PAY-EXPENSE-32', NULL, NULL, NULL, 0.00000, 0.00000, NULL, 0, NULL, 126, '2018-10-30 15:44:04', NULL, 1),
(128, NULL, 2, 3, 11, 'Rentas', 'Torre Carmela 9A - ', 0.00000, 17, 5, 'GET-EXPENSE-33', NULL, NULL, NULL, 0.00000, 0.00000, NULL, 0, NULL, 129, '2018-10-30 15:44:04', '2018-10-30 15:44:04', 1),
(129, NULL, 2, 3, 11, 'Rentas', 'Torre Carmela 9A - ', 0.00000, 5, 6, 'PAY-EXPENSE-33', NULL, NULL, NULL, 0.00000, 0.00000, NULL, 0, NULL, 128, '2018-10-30 15:44:04', NULL, 1),
(130, 16, 2, 3, 12, 'Aguas Cordobesas', 'Duplex Gandhi - ', 0.00000, 18, 5, 'GET-EXPENSE-34', NULL, NULL, NULL, 0.00000, 0.00000, NULL, 0, NULL, 131, '2018-10-30 15:44:04', '2019-01-15 17:30:55', 1),
(131, NULL, 2, 3, 12, 'Aguas Cordobesas', 'Duplex Gandhi - ', 0.00000, 5, 6, 'PAY-EXPENSE-34', NULL, NULL, NULL, 0.00000, 0.00000, NULL, 0, NULL, 130, '2018-10-30 15:44:04', NULL, 1),
(132, 16, 2, 3, 12, 'Municipalidad de Cordoba', 'Duplex Gandhi - ', 0.00000, 18, 5, 'GET-EXPENSE-35', NULL, NULL, NULL, 0.00000, 0.00000, NULL, 0, NULL, 133, '2018-10-30 15:44:04', '2019-01-15 17:30:55', 1),
(133, NULL, 2, 3, 12, 'Municipalidad de Cordoba', 'Duplex Gandhi - ', 0.00000, 5, 6, 'PAY-EXPENSE-35', NULL, NULL, NULL, 0.00000, 0.00000, NULL, 0, NULL, 132, '2018-10-30 15:44:04', NULL, 1),
(134, 16, 2, 3, 12, 'Rentas', 'Duplex Gandhi - ', 0.00000, 18, 5, 'GET-EXPENSE-36', NULL, NULL, NULL, 0.00000, 0.00000, NULL, 0, NULL, 135, '2018-10-30 15:44:04', '2019-01-15 17:30:55', 1),
(135, NULL, 2, 3, 12, 'Rentas', 'Duplex Gandhi - ', 0.00000, 5, 6, 'PAY-EXPENSE-36', NULL, NULL, NULL, 0.00000, 0.00000, NULL, 0, NULL, 134, '2018-10-30 15:44:04', NULL, 1),
(136, 9, 2, 3, 13, 'Aguas Cordobesas', 'Village Plaza 2C - ', 0.00000, 40, 5, 'GET-EXPENSE-37', NULL, NULL, NULL, 0.00000, 0.00000, NULL, 0, NULL, 137, '2018-10-30 15:44:04', '2019-01-09 19:34:34', 1),
(137, NULL, 2, 3, 13, 'Aguas Cordobesas', 'Village Plaza 2C - ', 0.00000, 5, 6, 'PAY-EXPENSE-37', NULL, NULL, NULL, 0.00000, 0.00000, NULL, 0, NULL, 136, '2018-10-30 15:44:04', NULL, 1),
(138, 9, 2, 3, 13, 'Municipalidad de Cordoba', 'Village Plaza 2C - ', 0.00000, 40, 5, 'GET-EXPENSE-38', NULL, NULL, NULL, 0.00000, 0.00000, NULL, 0, NULL, 139, '2018-10-30 15:44:04', '2019-01-09 19:34:34', 1),
(139, NULL, 2, 3, 13, 'Municipalidad de Cordoba', 'Village Plaza 2C - ', 0.00000, 5, 6, 'PAY-EXPENSE-38', NULL, NULL, NULL, 0.00000, 0.00000, NULL, 0, NULL, 138, '2018-10-30 15:44:04', NULL, 1),
(140, 9, 2, 3, 13, 'Rentas', 'Village Plaza 2C - ', 0.00000, 40, 5, 'GET-EXPENSE-39', NULL, NULL, NULL, 0.00000, 0.00000, NULL, 0, NULL, 141, '2018-10-30 15:44:04', '2019-01-09 19:34:34', 1),
(141, NULL, 2, 3, 13, 'Rentas', 'Village Plaza 2C - ', 0.00000, 5, 6, 'PAY-EXPENSE-39', NULL, NULL, NULL, 0.00000, 0.00000, NULL, 0, NULL, 140, '2018-10-30 15:44:04', NULL, 1),
(142, 10, 2, 3, 14, 'Aguas Cordobesas', 'Casa La Finur - ', 0.00000, 19, 5, 'GET-EXPENSE-40', NULL, NULL, NULL, 0.00000, 0.00000, NULL, 0, NULL, 143, '2018-10-30 15:44:04', '2019-01-09 19:37:21', 1),
(143, NULL, 2, 3, 14, 'Aguas Cordobesas', 'Casa La Finur - ', 0.00000, 5, 6, 'PAY-EXPENSE-40', NULL, NULL, NULL, 0.00000, 0.00000, NULL, 0, NULL, 142, '2018-10-30 15:44:04', NULL, 1),
(144, 10, 2, 3, 14, 'Municipalidad de Cordoba', 'Casa La Finur - ', 0.00000, 19, 5, 'GET-EXPENSE-41', NULL, NULL, NULL, 0.00000, 0.00000, NULL, 0, NULL, 145, '2018-10-30 15:44:04', '2019-01-09 19:37:21', 1),
(145, NULL, 2, 3, 14, 'Municipalidad de Cordoba', 'Casa La Finur - ', 0.00000, 5, 6, 'PAY-EXPENSE-41', NULL, NULL, NULL, 0.00000, 0.00000, NULL, 0, NULL, 144, '2018-10-30 15:44:04', NULL, 1),
(146, 10, 2, 3, 14, 'Rentas', 'Casa La Finur - ', 0.00000, 19, 5, 'GET-EXPENSE-42', NULL, NULL, NULL, 0.00000, 0.00000, NULL, 0, NULL, 147, '2018-10-30 15:44:04', '2019-01-09 19:37:21', 1),
(147, NULL, 2, 3, 14, 'Rentas', 'Casa La Finur - ', 0.00000, 5, 6, 'PAY-EXPENSE-42', NULL, NULL, NULL, 0.00000, 0.00000, NULL, 0, NULL, 146, '2018-10-30 15:44:04', NULL, 1),
(148, 4, 2, 3, 15, 'Aguas Cordobesas', 'Local Rafael Nuñez - ', 0.00000, 21, 5, 'GET-EXPENSE-43', NULL, NULL, NULL, 0.00000, 0.00000, '1', 0, NULL, 149, '2018-10-30 15:44:04', '2019-01-09 18:51:58', 1),
(149, NULL, 2, 3, 15, 'Aguas Cordobesas', 'Local Rafael Nuñez - ', 0.00000, 5, 6, 'PAY-EXPENSE-43', NULL, NULL, NULL, 0.00000, 0.00000, NULL, 0, NULL, 148, '2018-10-30 15:44:04', NULL, 1),
(150, 22, 2, 3, 15, 'Municipalidad de Cordoba', 'Local Rafael Nuñez - ', 0.00000, 21, 5, 'GET-EXPENSE-44', NULL, NULL, NULL, 0.00000, 0.00000, NULL, 0, NULL, 151, '2018-10-30 15:44:04', '2019-01-15 20:14:14', 1),
(151, NULL, 2, 3, 15, 'Municipalidad de Cordoba', 'Local Rafael Nuñez - ', 0.00000, 5, 6, 'PAY-EXPENSE-44', NULL, NULL, NULL, 0.00000, 0.00000, NULL, 0, NULL, 150, '2018-10-30 15:44:04', NULL, 1),
(152, 22, 2, 3, 15, 'Rentas', 'Local Rafael Nuñez - ', 0.00000, 21, 5, 'GET-EXPENSE-45', NULL, NULL, NULL, 0.00000, 0.00000, NULL, 0, NULL, 153, '2018-10-30 15:44:04', '2019-01-15 20:14:14', 1),
(153, NULL, 2, 3, 15, 'Rentas', 'Local Rafael Nuñez - ', 0.00000, 5, 6, 'PAY-EXPENSE-45', NULL, NULL, NULL, 0.00000, 0.00000, NULL, 0, NULL, 152, '2018-10-30 15:44:04', NULL, 1),
(154, 28, 2, 3, 16, 'Aguas Cordobesas', 'Manantiales - ', 0.00000, 20, 5, 'GET-EXPENSE-46', NULL, NULL, NULL, 0.00000, 0.00000, NULL, 0, NULL, 155, '2018-10-30 15:44:04', '2019-01-16 14:52:07', 1),
(155, NULL, 2, 3, 16, 'Aguas Cordobesas', 'Manantiales - ', 0.00000, 5, 6, 'PAY-EXPENSE-46', NULL, NULL, NULL, 0.00000, 0.00000, NULL, 0, NULL, 154, '2018-10-30 15:44:04', NULL, 1),
(156, 28, 2, 3, 16, 'Municipalidad de Cordoba', 'Manantiales - ', 0.00000, 20, 5, 'GET-EXPENSE-47', NULL, NULL, NULL, 0.00000, 0.00000, NULL, 0, NULL, 157, '2018-10-30 15:44:04', '2019-01-16 14:52:07', 1),
(157, NULL, 2, 3, 16, 'Municipalidad de Cordoba', 'Manantiales - ', 0.00000, 5, 6, 'PAY-EXPENSE-47', NULL, NULL, NULL, 0.00000, 0.00000, NULL, 0, NULL, 156, '2018-10-30 15:44:04', NULL, 1),
(158, 28, 2, 3, 16, 'Rentas', 'Manantiales - ', 0.00000, 20, 5, 'GET-EXPENSE-48', NULL, NULL, NULL, 0.00000, 0.00000, NULL, 0, NULL, 159, '2018-10-30 15:44:05', '2019-01-16 14:52:08', 1),
(159, NULL, 2, 3, 16, 'Rentas', 'Manantiales - ', 0.00000, 5, 6, 'PAY-EXPENSE-48', NULL, NULL, NULL, 0.00000, 0.00000, NULL, 0, NULL, 158, '2018-10-30 15:44:05', NULL, 1),
(160, NULL, 2, 3, 18, 'Aguas Cordobesas', 'Torre Carmela 1C - ', 0.00000, 22, 5, 'GET-EXPENSE-52', NULL, NULL, NULL, 0.00000, 0.00000, NULL, 0, NULL, 161, '2018-10-30 15:44:05', '2018-10-30 15:44:05', 1),
(161, NULL, 2, 3, 18, 'Aguas Cordobesas', 'Torre Carmela 1C - ', 0.00000, 5, 6, 'PAY-EXPENSE-52', NULL, NULL, NULL, 0.00000, 0.00000, NULL, 0, NULL, 160, '2018-10-30 15:44:05', NULL, 1),
(162, NULL, 2, 3, 18, 'Municipalidad de Cordoba', 'Torre Carmela 1C - 41202303000003', 0.00000, 22, 5, 'GET-EXPENSE-53', NULL, NULL, NULL, 0.00000, 0.00000, NULL, 0, NULL, 163, '2018-10-30 15:44:05', '2018-10-30 15:44:05', 1),
(163, NULL, 2, 3, 18, 'Municipalidad de Cordoba', 'Torre Carmela 1C - 41202303000003', 0.00000, 5, 6, 'PAY-EXPENSE-53', NULL, NULL, NULL, 0.00000, 0.00000, NULL, 0, NULL, 162, '2018-10-30 15:44:05', NULL, 1),
(164, NULL, 2, 3, 18, 'Rentas', 'Torre Carmela 1C - ', 0.00000, 22, 5, 'GET-EXPENSE-54', NULL, NULL, NULL, 0.00000, 0.00000, NULL, 0, NULL, 165, '2018-10-30 15:44:05', '2018-10-30 15:44:05', 1),
(165, NULL, 2, 3, 18, 'Rentas', 'Torre Carmela 1C - ', 0.00000, 5, 6, 'PAY-EXPENSE-54', NULL, NULL, NULL, 0.00000, 0.00000, NULL, 0, NULL, 164, '2018-10-30 15:44:05', NULL, 1),
(166, NULL, 2, 3, 19, 'Aguas Cordobesas', 'Chile 349 Consultorio - ', 0.00000, 23, 5, 'GET-EXPENSE-55', NULL, NULL, NULL, 0.00000, 0.00000, NULL, 0, NULL, 167, '2018-10-30 15:44:05', '2018-10-30 15:44:05', 1),
(167, NULL, 2, 3, 19, 'Aguas Cordobesas', 'Chile 349 Consultorio - ', 0.00000, 5, 6, 'PAY-EXPENSE-55', NULL, NULL, NULL, 0.00000, 0.00000, NULL, 0, NULL, 166, '2018-10-30 15:44:05', NULL, 1),
(168, NULL, 2, 3, 19, 'Municipalidad de Cordoba', 'Chile 349 Consultorio - ', 0.00000, 23, 5, 'GET-EXPENSE-56', NULL, NULL, NULL, 0.00000, 0.00000, NULL, 0, NULL, 169, '2018-10-30 15:44:05', '2018-10-30 15:44:05', 1),
(169, NULL, 2, 3, 19, 'Municipalidad de Cordoba', 'Chile 349 Consultorio - ', 0.00000, 5, 6, 'PAY-EXPENSE-56', NULL, NULL, NULL, 0.00000, 0.00000, NULL, 0, NULL, 168, '2018-10-30 15:44:05', NULL, 1),
(170, NULL, 2, 3, 19, 'Rentas', 'Chile 349 Consultorio - ', 0.00000, 23, 5, 'GET-EXPENSE-57', NULL, NULL, NULL, 0.00000, 0.00000, NULL, 0, NULL, 171, '2018-10-30 15:44:05', '2018-10-30 15:44:05', 1),
(171, NULL, 2, 3, 19, 'Rentas', 'Chile 349 Consultorio - ', 0.00000, 5, 6, 'PAY-EXPENSE-57', NULL, NULL, NULL, 0.00000, 0.00000, NULL, 0, NULL, 170, '2018-10-30 15:44:05', NULL, 1),
(172, 6, 2, 3, 20, 'Aguas Cordobesas', 'Thays - ', 0.00000, 24, 5, 'GET-EXPENSE-58', NULL, NULL, NULL, 0.00000, 0.00000, NULL, 0, NULL, 173, '2018-10-30 15:44:05', '2019-01-09 19:10:02', 1),
(173, NULL, 2, 3, 20, 'Aguas Cordobesas', 'Thays - ', 0.00000, 5, 6, 'PAY-EXPENSE-58', NULL, NULL, NULL, 0.00000, 0.00000, NULL, 0, NULL, 172, '2018-10-30 15:44:05', NULL, 1),
(174, 6, 2, 3, 20, 'Municipalidad de Cordoba', 'Thays - ', 0.00000, 24, 5, 'GET-EXPENSE-59', NULL, NULL, NULL, 0.00000, 0.00000, NULL, 0, NULL, 175, '2018-10-30 15:44:05', '2019-01-09 19:10:02', 1),
(175, NULL, 2, 3, 20, 'Municipalidad de Cordoba', 'Thays - ', 0.00000, 5, 6, 'PAY-EXPENSE-59', NULL, NULL, NULL, 0.00000, 0.00000, NULL, 0, NULL, 174, '2018-10-30 15:44:05', NULL, 1),
(176, 6, 2, 3, 20, 'Rentas', 'Thays - ', 0.00000, 24, 5, 'GET-EXPENSE-60', NULL, NULL, NULL, 0.00000, 0.00000, NULL, 0, NULL, 177, '2018-10-30 15:44:05', '2019-01-09 19:10:02', 1),
(177, NULL, 2, 3, 20, 'Rentas', 'Thays - ', 0.00000, 5, 6, 'PAY-EXPENSE-60', NULL, NULL, NULL, 0.00000, 0.00000, NULL, 0, NULL, 176, '2018-10-30 15:44:05', NULL, 1),
(178, NULL, 2, 3, 21, 'Aguas Cordobesas', 'Pje. España 1 A - ', 0.00000, 25, 5, 'GET-EXPENSE-61', NULL, NULL, NULL, 0.00000, 0.00000, NULL, 0, NULL, 179, '2018-10-30 15:44:05', '2018-10-30 15:44:05', 1),
(179, NULL, 2, 3, 21, 'Aguas Cordobesas', 'Pje. España 1 A - ', 0.00000, 5, 6, 'PAY-EXPENSE-61', NULL, NULL, NULL, 0.00000, 0.00000, NULL, 0, NULL, 178, '2018-10-30 15:44:05', NULL, 1),
(180, NULL, 2, 3, 21, 'Municipalidad de Cordoba', 'Pje. España 1 A - ', 0.00000, 25, 5, 'GET-EXPENSE-62', NULL, NULL, NULL, 0.00000, 0.00000, NULL, 0, NULL, 181, '2018-10-30 15:44:05', '2018-10-30 15:44:05', 1),
(181, NULL, 2, 3, 21, 'Municipalidad de Cordoba', 'Pje. España 1 A - ', 0.00000, 5, 6, 'PAY-EXPENSE-62', NULL, NULL, NULL, 0.00000, 0.00000, NULL, 0, NULL, 180, '2018-10-30 15:44:05', NULL, 1),
(182, NULL, 2, 3, 21, 'Rentas', 'Pje. España 1 A - ', 0.00000, 25, 5, 'GET-EXPENSE-63', NULL, NULL, NULL, 0.00000, 0.00000, NULL, 0, NULL, 183, '2018-10-30 15:44:05', '2018-10-30 15:44:05', 1),
(183, NULL, 2, 3, 21, 'Rentas', 'Pje. España 1 A - ', 0.00000, 5, 6, 'PAY-EXPENSE-63', NULL, NULL, NULL, 0.00000, 0.00000, NULL, 0, NULL, 182, '2018-10-30 15:44:05', NULL, 1),
(184, NULL, 2, 3, 22, 'Aguas Cordobesas', 'Pje. España 2 A - ', 0.00000, 26, 5, 'GET-EXPENSE-64', NULL, NULL, NULL, 0.00000, 0.00000, NULL, 0, NULL, 185, '2018-10-30 15:44:05', '2019-01-09 19:04:49', 0),
(185, NULL, 2, 3, 22, 'Aguas Cordobesas', 'Pje. España 2 A - ', 0.00000, 5, 6, 'PAY-EXPENSE-64', NULL, NULL, NULL, 0.00000, 0.00000, NULL, 0, NULL, 184, '2018-10-30 15:44:05', NULL, 1),
(186, NULL, 2, 3, 22, 'Municipalidad de Cordoba', 'Pje. España 2 A - ', 0.00000, 26, 5, 'GET-EXPENSE-65', NULL, NULL, NULL, 0.00000, 0.00000, NULL, 0, NULL, 187, '2018-10-30 15:44:05', '2019-01-09 19:04:50', 0),
(187, NULL, 2, 3, 22, 'Municipalidad de Cordoba', 'Pje. España 2 A - ', 0.00000, 5, 6, 'PAY-EXPENSE-65', NULL, NULL, NULL, 0.00000, 0.00000, NULL, 0, NULL, 186, '2018-10-30 15:44:05', NULL, 1),
(188, NULL, 2, 3, 22, 'Rentas', 'Pje. España 2 A - ', 0.00000, 26, 5, 'GET-EXPENSE-66', NULL, NULL, NULL, 0.00000, 0.00000, NULL, 0, NULL, 189, '2018-10-30 15:44:05', '2019-01-09 19:04:52', 0),
(189, NULL, 2, 3, 22, 'Rentas', 'Pje. España 2 A - ', 0.00000, 5, 6, 'PAY-EXPENSE-66', NULL, NULL, NULL, 0.00000, 0.00000, NULL, 0, NULL, 188, '2018-10-30 15:44:05', NULL, 1),
(190, NULL, 2, 3, 25, 'Aguas Cordobesas', 'Duplex Azpeitia - ', 0.00000, 27, 5, 'GET-EXPENSE-73', NULL, NULL, NULL, 0.00000, 0.00000, NULL, 0, NULL, 191, '2018-10-30 15:44:05', '2018-10-30 15:44:05', 1),
(191, NULL, 2, 3, 25, 'Aguas Cordobesas', 'Duplex Azpeitia - ', 0.00000, 5, 6, 'PAY-EXPENSE-73', NULL, NULL, NULL, 0.00000, 0.00000, NULL, 0, NULL, 190, '2018-10-30 15:44:05', NULL, 1),
(192, NULL, 2, 3, 25, 'Municipalidad de Cordoba', 'Duplex Azpeitia - ', 0.00000, 27, 5, 'GET-EXPENSE-74', NULL, NULL, NULL, 0.00000, 0.00000, NULL, 0, NULL, 193, '2018-10-30 15:44:05', '2018-10-30 15:44:05', 1),
(193, NULL, 2, 3, 25, 'Municipalidad de Cordoba', 'Duplex Azpeitia - ', 0.00000, 5, 6, 'PAY-EXPENSE-74', NULL, NULL, NULL, 0.00000, 0.00000, NULL, 0, NULL, 192, '2018-10-30 15:44:05', NULL, 1),
(194, NULL, 2, 3, 25, 'Rentas', 'Duplex Azpeitia - ', 0.00000, 27, 5, 'GET-EXPENSE-75', NULL, NULL, NULL, 0.00000, 0.00000, NULL, 0, NULL, 195, '2018-10-30 15:44:05', '2018-10-30 15:44:05', 1),
(195, NULL, 2, 3, 25, 'Rentas', 'Duplex Azpeitia - ', 0.00000, 5, 6, 'PAY-EXPENSE-75', NULL, NULL, NULL, 0.00000, 0.00000, NULL, 0, NULL, 194, '2018-10-30 15:44:05', NULL, 1),
(196, NULL, 2, 3, 26, 'Aguas Cordobesas', 'Local Independencia 1091 - ', 0.00000, 28, 5, 'GET-EXPENSE-76', NULL, NULL, NULL, 0.00000, 0.00000, NULL, 0, NULL, 197, '2018-10-30 15:44:05', '2018-10-30 15:44:05', 1),
(197, NULL, 2, 3, 26, 'Aguas Cordobesas', 'Local Independencia 1091 - ', 0.00000, 5, 6, 'PAY-EXPENSE-76', NULL, NULL, NULL, 0.00000, 0.00000, NULL, 0, NULL, 196, '2018-10-30 15:44:05', NULL, 1),
(198, NULL, 2, 3, 26, 'Municipalidad de Cordoba', 'Local Independencia 1091 - ', 0.00000, 28, 5, 'GET-EXPENSE-77', NULL, NULL, NULL, 0.00000, 0.00000, NULL, 0, NULL, 199, '2018-10-30 15:44:05', '2018-10-30 15:44:05', 1),
(199, NULL, 2, 3, 26, 'Municipalidad de Cordoba', 'Local Independencia 1091 - ', 0.00000, 5, 6, 'PAY-EXPENSE-77', NULL, NULL, NULL, 0.00000, 0.00000, NULL, 0, NULL, 198, '2018-10-30 15:44:05', NULL, 1),
(200, NULL, 2, 3, 26, 'Rentas', 'Local Independencia 1091 - ', 0.00000, 28, 5, 'GET-EXPENSE-78', NULL, NULL, NULL, 0.00000, 0.00000, NULL, 0, NULL, 201, '2018-10-30 15:44:05', '2018-10-30 15:44:05', 1),
(201, NULL, 2, 3, 26, 'Rentas', 'Local Independencia 1091 - ', 0.00000, 5, 6, 'PAY-EXPENSE-78', NULL, NULL, NULL, 0.00000, 0.00000, NULL, 0, NULL, 200, '2018-10-30 15:44:05', NULL, 1),
(202, 30, 2, 3, 28, 'Aguas Cordobesas', 'Triplex Salguero - ', 0.00000, 29, 5, 'GET-EXPENSE-82', NULL, NULL, NULL, 0.00000, 0.00000, NULL, 0, NULL, 203, '2018-10-30 15:44:05', '2019-01-18 13:46:11', 1),
(203, NULL, 2, 3, 28, 'Aguas Cordobesas', 'Triplex Salguero - ', 0.00000, 5, 6, 'PAY-EXPENSE-82', NULL, NULL, NULL, 0.00000, 0.00000, NULL, 0, NULL, 202, '2018-10-30 15:44:05', NULL, 1),
(204, 30, 2, 3, 28, 'Municipalidad de Cordoba', 'Triplex Salguero - ', 0.00000, 29, 5, 'GET-EXPENSE-83', NULL, NULL, NULL, 0.00000, 0.00000, NULL, 0, NULL, 205, '2018-10-30 15:44:05', '2019-01-18 13:46:11', 1),
(205, NULL, 2, 3, 28, 'Municipalidad de Cordoba', 'Triplex Salguero - ', 0.00000, 5, 6, 'PAY-EXPENSE-83', NULL, NULL, NULL, 0.00000, 0.00000, NULL, 0, NULL, 204, '2018-10-30 15:44:05', NULL, 1),
(206, 30, 2, 3, 28, 'Rentas', 'Triplex Salguero - ', 0.00000, 29, 5, 'GET-EXPENSE-84', NULL, NULL, NULL, 0.00000, 0.00000, NULL, 0, NULL, 207, '2018-10-30 15:44:05', '2019-01-18 13:46:11', 1),
(207, NULL, 2, 3, 28, 'Rentas', 'Triplex Salguero - ', 0.00000, 5, 6, 'PAY-EXPENSE-84', NULL, NULL, NULL, 0.00000, 0.00000, NULL, 0, NULL, 206, '2018-10-30 15:44:05', NULL, 1),
(208, NULL, 2, 3, 30, 'Aguas Cordobesas', 'San Lorenzo Mono - ', 0.00000, 30, 5, 'GET-EXPENSE-88', NULL, NULL, NULL, 0.00000, 0.00000, NULL, 0, NULL, 209, '2018-10-30 15:44:05', '2018-10-30 15:44:05', 1),
(209, NULL, 2, 3, 30, 'Aguas Cordobesas', 'San Lorenzo Mono - ', 0.00000, 5, 6, 'PAY-EXPENSE-88', NULL, NULL, NULL, 0.00000, 0.00000, NULL, 0, NULL, 208, '2018-10-30 15:44:05', NULL, 1),
(210, NULL, 2, 3, 30, 'Municipalidad de Cordoba', 'San Lorenzo Mono - ', 0.00000, 30, 5, 'GET-EXPENSE-89', NULL, NULL, NULL, 0.00000, 0.00000, NULL, 0, NULL, 211, '2018-10-30 15:44:05', '2018-10-30 15:44:05', 1),
(211, NULL, 2, 3, 30, 'Municipalidad de Cordoba', 'San Lorenzo Mono - ', 0.00000, 5, 6, 'PAY-EXPENSE-89', NULL, NULL, NULL, 0.00000, 0.00000, NULL, 0, NULL, 210, '2018-10-30 15:44:05', NULL, 1),
(212, NULL, 2, 3, 30, 'Rentas', 'San Lorenzo Mono - ', 0.00000, 30, 5, 'GET-EXPENSE-90', NULL, NULL, NULL, 0.00000, 0.00000, NULL, 0, NULL, 213, '2018-10-30 15:44:05', '2018-10-30 15:44:05', 1),
(213, NULL, 2, 3, 30, 'Rentas', 'San Lorenzo Mono - ', 0.00000, 5, 6, 'PAY-EXPENSE-90', NULL, NULL, NULL, 0.00000, 0.00000, NULL, 0, NULL, 212, '2018-10-30 15:44:05', NULL, 1),
(214, NULL, 2, 3, 31, 'Aguas Cordobesas', 'Amb. Olmos 1028 3D - ', 0.00000, 31, 5, 'GET-EXPENSE-91', NULL, NULL, NULL, 0.00000, 0.00000, NULL, 0, NULL, 215, '2018-10-30 15:44:05', '2018-10-30 15:44:05', 1),
(215, NULL, 2, 3, 31, 'Aguas Cordobesas', 'Amb. Olmos 1028 3D - ', 0.00000, 5, 6, 'PAY-EXPENSE-91', NULL, NULL, NULL, 0.00000, 0.00000, NULL, 0, NULL, 214, '2018-10-30 15:44:05', NULL, 1),
(216, NULL, 2, 3, 31, 'Municipalidad de Cordoba', 'Amb. Olmos 1028 3D - ', 0.00000, 31, 5, 'GET-EXPENSE-92', NULL, NULL, NULL, 0.00000, 0.00000, NULL, 0, NULL, 217, '2018-10-30 15:44:05', '2018-10-30 15:44:05', 1),
(217, NULL, 2, 3, 31, 'Municipalidad de Cordoba', 'Amb. Olmos 1028 3D - ', 0.00000, 5, 6, 'PAY-EXPENSE-92', NULL, NULL, NULL, 0.00000, 0.00000, NULL, 0, NULL, 216, '2018-10-30 15:44:05', NULL, 1),
(218, NULL, 2, 3, 31, 'Rentas', 'Amb. Olmos 1028 3D - ', 0.00000, 31, 5, 'GET-EXPENSE-93', NULL, NULL, NULL, 0.00000, 0.00000, NULL, 0, NULL, 219, '2018-10-30 15:44:05', '2018-10-30 15:44:05', 1),
(219, NULL, 2, 3, 31, 'Rentas', 'Amb. Olmos 1028 3D - ', 0.00000, 5, 6, 'PAY-EXPENSE-93', NULL, NULL, NULL, 0.00000, 0.00000, NULL, 0, NULL, 218, '2018-10-30 15:44:05', NULL, 1),
(220, NULL, 2, 3, 32, 'Aguas Cordobesas', 'Mono Independencia 804 6D - ', 0.00000, 32, 5, 'GET-EXPENSE-94', NULL, NULL, NULL, 0.00000, 0.00000, NULL, 0, NULL, 221, '2018-10-30 15:44:05', '2018-10-30 15:44:05', 1),
(221, NULL, 2, 3, 32, 'Aguas Cordobesas', 'Mono Independencia 804 6D - ', 0.00000, 5, 6, 'PAY-EXPENSE-94', NULL, NULL, NULL, 0.00000, 0.00000, NULL, 0, NULL, 220, '2018-10-30 15:44:05', NULL, 1),
(222, NULL, 2, 3, 32, 'Municipalidad de Cordoba', 'Mono Independencia 804 6D - ', 0.00000, 32, 5, 'GET-EXPENSE-95', NULL, NULL, NULL, 0.00000, 0.00000, NULL, 0, NULL, 223, '2018-10-30 15:44:05', '2018-10-30 15:44:05', 1),
(223, NULL, 2, 3, 32, 'Municipalidad de Cordoba', 'Mono Independencia 804 6D - ', 0.00000, 5, 6, 'PAY-EXPENSE-95', NULL, NULL, NULL, 0.00000, 0.00000, NULL, 0, NULL, 222, '2018-10-30 15:44:05', NULL, 1),
(224, NULL, 2, 3, 32, 'Rentas', 'Mono Independencia 804 6D - ', 0.00000, 32, 5, 'GET-EXPENSE-96', NULL, NULL, NULL, 0.00000, 0.00000, NULL, 0, NULL, 225, '2018-10-30 15:44:05', '2018-10-30 15:44:05', 1),
(225, NULL, 2, 3, 32, 'Rentas', 'Mono Independencia 804 6D - ', 0.00000, 5, 6, 'PAY-EXPENSE-96', NULL, NULL, NULL, 0.00000, 0.00000, NULL, 0, NULL, 224, '2018-10-30 15:44:05', NULL, 1),
(226, NULL, 2, 3, 34, 'Aguas Cordobesas', 'Obispo Oro 451 - ', 0.00000, 33, 5, 'GET-EXPENSE-100', NULL, NULL, NULL, 0.00000, 0.00000, NULL, 0, NULL, 227, '2018-10-30 15:44:05', '2018-10-30 15:44:05', 1),
(227, NULL, 2, 3, 34, 'Aguas Cordobesas', 'Obispo Oro 451 - ', 0.00000, 5, 6, 'PAY-EXPENSE-100', NULL, NULL, NULL, 0.00000, 0.00000, NULL, 0, NULL, 226, '2018-10-30 15:44:05', NULL, 1),
(228, NULL, 2, 3, 34, 'Municipalidad de Cordoba', 'Obispo Oro 451 - ', 0.00000, 33, 5, 'GET-EXPENSE-101', NULL, NULL, NULL, 0.00000, 0.00000, NULL, 0, NULL, 229, '2018-10-30 15:44:05', '2018-10-30 15:44:05', 1),
(229, NULL, 2, 3, 34, 'Municipalidad de Cordoba', 'Obispo Oro 451 - ', 0.00000, 5, 6, 'PAY-EXPENSE-101', NULL, NULL, NULL, 0.00000, 0.00000, NULL, 0, NULL, 228, '2018-10-30 15:44:05', NULL, 1),
(230, NULL, 2, 3, 34, 'Rentas', 'Obispo Oro 451 - ', 0.00000, 33, 5, 'GET-EXPENSE-102', NULL, NULL, NULL, 0.00000, 0.00000, NULL, 0, NULL, 231, '2018-10-30 15:44:05', '2018-10-30 15:44:05', 1),
(231, NULL, 2, 3, 34, 'Rentas', 'Obispo Oro 451 - ', 0.00000, 5, 6, 'PAY-EXPENSE-102', NULL, NULL, NULL, 0.00000, 0.00000, NULL, 0, NULL, 230, '2018-10-30 15:44:05', NULL, 1),
(232, NULL, 2, 3, 36, 'Aguas Cordobesas', 'San Lorenzo 2 Dorm - ', 0.00000, 34, 5, 'GET-EXPENSE-106', NULL, NULL, NULL, 0.00000, 0.00000, NULL, 0, NULL, 233, '2018-10-30 15:44:05', '2018-10-30 15:44:05', 1),
(233, NULL, 2, 3, 36, 'Aguas Cordobesas', 'San Lorenzo 2 Dorm - ', 0.00000, 5, 6, 'PAY-EXPENSE-106', NULL, NULL, NULL, 0.00000, 0.00000, NULL, 0, NULL, 232, '2018-10-30 15:44:05', NULL, 1),
(234, NULL, 2, 3, 36, 'Municipalidad de Cordoba', 'San Lorenzo 2 Dorm - ', 0.00000, 34, 5, 'GET-EXPENSE-107', NULL, NULL, NULL, 0.00000, 0.00000, NULL, 0, NULL, 235, '2018-10-30 15:44:05', '2018-10-30 15:44:05', 1),
(235, NULL, 2, 3, 36, 'Municipalidad de Cordoba', 'San Lorenzo 2 Dorm - ', 0.00000, 5, 6, 'PAY-EXPENSE-107', NULL, NULL, NULL, 0.00000, 0.00000, NULL, 0, NULL, 234, '2018-10-30 15:44:05', NULL, 1),
(236, NULL, 2, 3, 36, 'Rentas', 'San Lorenzo 2 Dorm - ', 0.00000, 34, 5, 'GET-EXPENSE-108', NULL, NULL, NULL, 0.00000, 0.00000, NULL, 0, NULL, 237, '2018-10-30 15:44:05', '2018-10-30 15:44:05', 1),
(237, NULL, 2, 3, 36, 'Rentas', 'San Lorenzo 2 Dorm - ', 0.00000, 5, 6, 'PAY-EXPENSE-108', NULL, NULL, NULL, 0.00000, 0.00000, NULL, 0, NULL, 236, '2018-10-30 15:44:05', NULL, 1),
(238, NULL, 2, 3, 37, 'Aguas Cordobesas', 'Dean Funes - ', 0.00000, 35, 5, 'GET-EXPENSE-109', NULL, NULL, NULL, 0.00000, 0.00000, NULL, 0, NULL, 239, '2018-10-30 15:44:05', '2018-10-30 15:44:05', 1),
(239, NULL, 2, 3, 37, 'Aguas Cordobesas', 'Dean Funes - ', 0.00000, 5, 6, 'PAY-EXPENSE-109', NULL, NULL, NULL, 0.00000, 0.00000, NULL, 0, NULL, 238, '2018-10-30 15:44:05', NULL, 1),
(240, NULL, 2, 3, 37, 'Municipalidad de Cordoba', 'Dean Funes - ', 0.00000, 35, 5, 'GET-EXPENSE-110', NULL, NULL, NULL, 0.00000, 0.00000, NULL, 0, NULL, 241, '2018-10-30 15:44:05', '2018-10-30 15:44:05', 1),
(241, NULL, 2, 3, 37, 'Municipalidad de Cordoba', 'Dean Funes - ', 0.00000, 5, 6, 'PAY-EXPENSE-110', NULL, NULL, NULL, 0.00000, 0.00000, NULL, 0, NULL, 240, '2018-10-30 15:44:05', NULL, 1),
(242, NULL, 2, 3, 37, 'Rentas', 'Dean Funes - ', 0.00000, 35, 5, 'GET-EXPENSE-111', NULL, NULL, NULL, 0.00000, 0.00000, NULL, 0, NULL, 243, '2018-10-30 15:44:05', '2018-10-30 15:44:05', 1),
(243, NULL, 2, 3, 37, 'Rentas', 'Dean Funes - ', 0.00000, 5, 6, 'PAY-EXPENSE-111', NULL, NULL, NULL, 0.00000, 0.00000, NULL, 0, NULL, 242, '2018-10-30 15:44:05', NULL, 1),
(244, NULL, 2, 3, 38, 'Aguas Cordobesas', 'Montevideo - ', 0.00000, 36, 5, 'GET-EXPENSE-112', NULL, NULL, NULL, 0.00000, 0.00000, NULL, 0, NULL, 245, '2018-10-30 15:44:05', '2018-10-30 15:44:05', 1),
(245, NULL, 2, 3, 38, 'Aguas Cordobesas', 'Montevideo - ', 0.00000, 5, 6, 'PAY-EXPENSE-112', NULL, NULL, NULL, 0.00000, 0.00000, NULL, 0, NULL, 244, '2018-10-30 15:44:05', NULL, 1),
(246, NULL, 2, 3, 38, 'Municipalidad de Cordoba', 'Montevideo - ', 0.00000, 36, 5, 'GET-EXPENSE-113', NULL, NULL, NULL, 0.00000, 0.00000, NULL, 0, NULL, 247, '2018-10-30 15:44:05', '2018-10-30 15:44:05', 1),
(247, NULL, 2, 3, 38, 'Municipalidad de Cordoba', 'Montevideo - ', 0.00000, 5, 6, 'PAY-EXPENSE-113', NULL, NULL, NULL, 0.00000, 0.00000, NULL, 0, NULL, 246, '2018-10-30 15:44:05', NULL, 1),
(248, NULL, 2, 3, 38, 'Rentas', 'Montevideo - ', 0.00000, 36, 5, 'GET-EXPENSE-114', NULL, NULL, NULL, 0.00000, 0.00000, NULL, 0, NULL, 249, '2018-10-30 15:44:05', '2018-10-30 15:44:05', 1);
INSERT INTO `receipt_details` (`id_receipt_detail`, `id_receipt`, `id_expense_type`, `id_period`, `id_property`, `detail_description`, `detail_info`, `detail_ammount`, `id_issuing_account`, `id_receiving_account`, `detail_concept`, `detail_observations`, `detail_expire_date`, `detail_interest_since`, `detail_interest_rate`, `detail_original_ammount`, `detail_attachments`, `detail_custom`, `detail_id_user_modifier`, `detail_id_detail_sibling`, `creation_date`, `modification_date`, `_checked`) VALUES
(249, NULL, 2, 3, 38, 'Rentas', 'Montevideo - ', 0.00000, 5, 6, 'PAY-EXPENSE-114', NULL, NULL, NULL, 0.00000, 0.00000, NULL, 0, NULL, 248, '2018-10-30 15:44:05', NULL, 1),
(250, NULL, 2, 3, 39, 'Aguas Cordobesas', 'Belgrano 1003 6C - ', 0.00000, 37, 5, 'GET-EXPENSE-115', NULL, NULL, NULL, 0.00000, 0.00000, NULL, 0, NULL, 251, '2018-10-30 15:44:05', '2019-01-09 18:33:10', 0),
(251, NULL, 2, 3, 39, 'Aguas Cordobesas', 'Belgrano 1003 6C - ', 0.00000, 5, 6, 'PAY-EXPENSE-115', NULL, NULL, NULL, 0.00000, 0.00000, NULL, 0, NULL, 250, '2018-10-30 15:44:05', NULL, 1),
(252, NULL, 2, 3, 39, 'Municipalidad de Cordoba', 'Belgrano 1003 6C - ', 0.00000, 37, 5, 'GET-EXPENSE-116', NULL, NULL, NULL, 0.00000, 0.00000, NULL, 0, NULL, 253, '2018-10-30 15:44:05', '2019-01-09 18:33:11', 0),
(253, NULL, 2, 3, 39, 'Municipalidad de Cordoba', 'Belgrano 1003 6C - ', 0.00000, 5, 6, 'PAY-EXPENSE-116', NULL, NULL, NULL, 0.00000, 0.00000, NULL, 0, NULL, 252, '2018-10-30 15:44:05', NULL, 1),
(254, NULL, 2, 3, 39, 'Rentas', 'Belgrano 1003 6C - ', 0.00000, 37, 5, 'GET-EXPENSE-117', NULL, NULL, NULL, 0.00000, 0.00000, NULL, 0, NULL, 255, '2018-10-30 15:44:05', '2019-01-09 18:33:12', 0),
(255, NULL, 2, 3, 39, 'Rentas', 'Belgrano 1003 6C - ', 0.00000, 5, 6, 'PAY-EXPENSE-117', NULL, NULL, NULL, 0.00000, 0.00000, NULL, 0, NULL, 254, '2018-10-30 15:44:05', NULL, 1),
(256, NULL, 2, 3, 40, 'Aguas Cordobesas', 'Carlucci 29 - ', 0.00000, 38, 5, 'GET-EXPENSE-118', NULL, NULL, NULL, 0.00000, 0.00000, NULL, 0, NULL, 257, '2018-10-30 15:44:05', '2018-10-30 15:44:05', 1),
(257, NULL, 2, 3, 40, 'Aguas Cordobesas', 'Carlucci 29 - ', 0.00000, 5, 6, 'PAY-EXPENSE-118', NULL, NULL, NULL, 0.00000, 0.00000, NULL, 0, NULL, 256, '2018-10-30 15:44:05', NULL, 1),
(258, NULL, 2, 3, 40, 'Municipalidad de Cordoba', 'Carlucci 29 - ', 0.00000, 38, 5, 'GET-EXPENSE-119', NULL, NULL, NULL, 0.00000, 0.00000, NULL, 0, NULL, 259, '2018-10-30 15:44:05', '2018-10-30 15:44:05', 1),
(259, NULL, 2, 3, 40, 'Municipalidad de Cordoba', 'Carlucci 29 - ', 0.00000, 5, 6, 'PAY-EXPENSE-119', NULL, NULL, NULL, 0.00000, 0.00000, NULL, 0, NULL, 258, '2018-10-30 15:44:05', NULL, 1),
(260, NULL, 2, 3, 40, 'Rentas', 'Carlucci 29 - ', 0.00000, 38, 5, 'GET-EXPENSE-120', NULL, NULL, NULL, 0.00000, 0.00000, NULL, 0, NULL, 261, '2018-10-30 15:44:05', '2018-10-30 15:44:05', 1),
(261, NULL, 2, 3, 40, 'Rentas', 'Carlucci 29 - ', 0.00000, 5, 6, 'PAY-EXPENSE-120', NULL, NULL, NULL, 0.00000, 0.00000, NULL, 0, NULL, 260, '2018-10-30 15:44:05', NULL, 1),
(262, 1, 4, 3, 2, 'Intereses por 29 días de atraso.', 'Alquiler 10-2018 - Bonificación: $ 6,544.00', 182.35200, 7, 2, 'INT-1', NULL, NULL, NULL, 0.00000, 182.35200, NULL, 0, NULL, NULL, '2018-10-30 15:44:05', '2018-10-30 15:54:39', 1),
(263, 29, 4, 3, 1, 'Intereses por 107 días de atraso.', 'Alquiler 10-2018 - Bonificación: $ 8,190.00', 433.35000, 8, 2, 'INT-2', NULL, NULL, NULL, 0.00000, 433.35000, NULL, 0, NULL, NULL, '2018-10-30 15:44:05', '2019-01-16 18:01:09', 0),
(264, 3, 4, 3, 3, 'Intereses por 100 días de atraso.', 'Alquiler 10-2018', 1810.15000, 9, 2, 'INT-3', NULL, NULL, NULL, 0.00000, 1810.15000, NULL, 0, NULL, NULL, '2018-10-30 15:44:05', '2019-01-09 18:44:58', 1),
(265, 26, 4, 3, 4, 'Intereses por 107 días de atraso.', 'Alquiler 10-2018', 419.06550, 10, 2, 'INT-4', NULL, NULL, NULL, 0.00000, 419.06550, NULL, 0, NULL, NULL, '2018-10-30 15:44:05', '2019-01-16 14:48:53', 1),
(266, 15, 4, 3, 5, 'Intereses por 106 días de atraso.', 'Alquiler 10-2018 - Bonificación: $ 7,585.00', 202.56600, 11, 2, 'INT-5', NULL, NULL, NULL, 0.00000, 202.56600, NULL, 0, NULL, NULL, '2018-10-30 15:44:05', '2019-01-15 17:13:58', 1),
(267, 12, 4, 3, 6, 'Intereses por 105 días de atraso.', 'Alquiler 10-2018 - Bonificación: $ 2,448.00', 398.47500, 12, 2, 'INT-6', NULL, NULL, NULL, 0.00000, 398.47500, NULL, 0, NULL, NULL, '2018-10-30 15:44:05', '2019-01-14 23:48:07', 1),
(268, NULL, 4, 3, 7, 'Intereses por 109 días de atraso.', 'Alquiler 10-2018 ', 681.25000, 13, 2, 'INT-7', NULL, NULL, NULL, 0.00000, 681.25000, NULL, 0, NULL, NULL, '2018-10-30 15:44:05', '2019-01-18 17:20:52', 0),
(269, 17, 4, 3, 8, 'Intereses por 106 días de atraso.', 'Alquiler 10-2018 - Bonificación: $ 5,990.00', 609.50000, 14, 2, 'INT-8', NULL, NULL, NULL, 0.00000, 609.50000, NULL, 0, NULL, NULL, '2018-10-30 15:44:05', '2019-01-15 20:10:38', 1),
(270, 7, 4, 3, 9, 'Intereses por 100 días de atraso.', 'Alquiler 10-2018 - Bonificación: $ 3,820.00', 438.00000, 15, 2, 'INT-9', NULL, NULL, NULL, 0.00000, 438.00000, NULL, 0, NULL, NULL, '2018-10-30 15:44:05', '2019-01-09 19:13:38', 1),
(271, NULL, 4, 3, 10, 'Intereses por 109 días de atraso.', 'Alquiler 10-2018 ', 582.87750, 16, 2, 'INT-10', NULL, NULL, NULL, 0.00000, 582.87750, NULL, 0, NULL, NULL, '2018-10-30 15:44:05', '2019-01-18 17:20:53', 1),
(272, NULL, 4, 3, 11, 'Intereses por 109 días de atraso.', 'Alquiler 10-2018 ', 511.70050, 17, 2, 'INT-11', NULL, NULL, NULL, 0.00000, 511.70050, NULL, 0, NULL, NULL, '2018-10-30 15:44:05', '2019-01-18 17:20:53', 1),
(273, 16, 4, 3, 12, 'Intereses por 106 días de atraso.', 'Alquiler 10-2018', 564.45000, 18, 2, 'INT-12', NULL, NULL, NULL, 0.00000, 564.45000, NULL, 0, NULL, NULL, '2018-10-30 15:44:05', '2019-01-15 17:30:55', 1),
(274, NULL, 4, 3, 14, 'Intereses por 109 días de atraso.', 'Alquiler 10-2018 ', 1117.25000, 19, 2, 'INT-13', NULL, NULL, NULL, 0.00000, 1117.25000, NULL, 0, NULL, NULL, '2018-10-30 15:44:05', '2019-01-18 17:20:53', 0),
(275, 28, 4, 3, 16, 'Intereses por 107 días de atraso.', 'Alquiler 10-2018 - Bonificación: $ 3,594.00', 369.15000, 20, 2, 'INT-14', NULL, NULL, NULL, 0.00000, 369.15000, NULL, 0, NULL, NULL, '2018-10-30 15:44:05', '2019-01-16 14:52:08', 1),
(276, NULL, 4, 3, 15, 'Intereses por 106 días de atraso.', 'Alquiler 10-2018 - Bonificación: $ 8,192.00', 429.30000, 21, 2, 'INT-15', NULL, NULL, NULL, 0.00000, 429.30000, NULL, 0, NULL, NULL, '2018-10-30 15:44:06', '2019-01-15 03:00:03', 0),
(277, NULL, 4, 3, 18, 'Intereses por 109 días de atraso.', 'Alquiler 10-2018 ', 407.38750, 22, 2, 'INT-16', NULL, NULL, NULL, 0.00000, 407.38750, NULL, 0, NULL, NULL, '2018-10-30 15:44:06', '2019-01-18 17:20:53', 1),
(278, NULL, 4, 3, 19, 'Intereses por 109 días de atraso.', 'Alquiler 10-2018 ', 701.96000, 23, 2, 'INT-17', NULL, NULL, NULL, 0.00000, 701.96000, NULL, 0, NULL, NULL, '2018-10-30 15:44:06', '2019-01-18 17:20:53', 1),
(279, 6, 4, 3, 20, 'Intereses por 100 días de atraso.', 'Alquiler 10-2018 - Bonificación: $ 13,000.00', 950.00000, 24, 2, 'INT-18', NULL, NULL, NULL, 0.00000, 950.00000, NULL, 0, NULL, NULL, '2018-10-30 15:44:06', '2019-01-09 19:10:02', 1),
(280, NULL, 4, 3, 21, 'Intereses por 109 días de atraso.', 'Alquiler 10-2018 ', 344.71250, 25, 2, 'INT-19', NULL, NULL, NULL, 0.00000, 344.71250, NULL, 0, NULL, NULL, '2018-10-30 15:44:06', '2019-01-18 17:20:53', 1),
(281, NULL, 4, 3, 22, 'Intereses por 109 días de atraso.', 'Alquiler 10-2018', 431.04050, 26, 2, 'INT-20', NULL, NULL, NULL, 0.00000, 431.04050, NULL, 0, NULL, NULL, '2018-10-30 15:44:06', '2019-01-18 03:00:03', 0),
(282, NULL, 4, 3, 25, 'Intereses por 109 días de atraso.', 'Alquiler 10-2018 ', 1002.80000, 27, 2, 'INT-21', NULL, NULL, NULL, 0.00000, 1002.80000, NULL, 0, NULL, NULL, '2018-10-30 15:44:06', '2019-01-18 17:20:53', 1),
(283, NULL, 4, 3, 26, 'Intereses por 109 días de atraso.', 'Alquiler 10-2018 ', 953.75000, 28, 2, 'INT-22', NULL, NULL, NULL, 0.00000, 953.75000, NULL, 0, NULL, NULL, '2018-10-30 15:44:06', '2019-01-18 17:20:53', 1),
(284, NULL, 4, 3, 28, 'Intereses por 109 días de atraso.', 'Alquiler 10-2018 ', 714.49500, 29, 2, 'INT-23', NULL, NULL, NULL, 0.00000, 714.49500, NULL, 0, NULL, NULL, '2018-10-30 15:44:06', '2019-01-18 17:20:53', 0),
(285, NULL, 4, 3, 30, 'Intereses por 109 días de atraso.', 'Alquiler 10-2018', 365.53150, 30, 2, 'INT-24', NULL, NULL, NULL, 0.00000, 365.53150, NULL, 0, NULL, NULL, '2018-10-30 15:44:06', '2019-01-18 03:00:03', 1),
(286, NULL, 4, 3, 31, 'Intereses por 109 días de atraso.', 'Alquiler 10-2018 ', 360.40850, 31, 2, 'INT-25', NULL, NULL, NULL, 0.00000, 360.40850, NULL, 0, NULL, NULL, '2018-10-30 15:44:06', '2019-01-18 17:20:53', 1),
(287, NULL, 4, 3, 32, 'Intereses por 109 días de atraso.', 'Alquiler 10-2018', 265.25150, 32, 2, 'INT-26', NULL, NULL, NULL, 0.00000, 265.25150, NULL, 0, NULL, NULL, '2018-10-30 15:44:06', '2019-01-18 03:00:03', 1),
(288, NULL, 4, 3, 34, 'Intereses por 109 días de atraso.', 'Alquiler 10-2018', 663.10150, 33, 2, 'INT-27', NULL, NULL, NULL, 0.00000, 663.10150, NULL, 0, NULL, NULL, '2018-10-30 15:44:06', '2019-01-18 03:00:03', 1),
(289, NULL, 4, 3, 36, 'Intereses por 109 días de atraso.', 'Alquiler 10-2018 ', 550.45000, 34, 2, 'INT-28', NULL, NULL, NULL, 0.00000, 550.45000, NULL, 0, NULL, NULL, '2018-10-30 15:44:06', '2019-01-18 17:20:53', 1),
(290, NULL, 4, 3, 37, 'Intereses por 109 días de atraso.', 'Alquiler 10-2018', 269.77500, 35, 2, 'INT-29', NULL, NULL, NULL, 0.00000, 269.77500, NULL, 0, NULL, NULL, '2018-10-30 15:44:06', '2019-01-18 03:00:03', 1),
(291, NULL, 4, 3, 38, 'Intereses por 109 días de atraso.', 'Alquiler 10-2018 ', 354.25000, 36, 2, 'INT-30', NULL, NULL, NULL, 0.00000, 354.25000, NULL, 0, NULL, NULL, '2018-10-30 15:44:06', '2019-01-18 17:20:53', 1),
(292, NULL, 4, 3, 39, 'Intereses por 109 días de atraso.', 'Alquiler 10-2018 ', 393.49000, 37, 2, 'INT-31', NULL, NULL, NULL, 0.00000, 393.49000, NULL, 0, NULL, NULL, '2018-10-30 15:44:06', '2019-01-18 17:20:53', 0),
(293, NULL, 4, 3, 40, 'Intereses por 109 días de atraso.', 'Alquiler 10-2018 ', 612.63450, 38, 2, 'INT-32', NULL, NULL, NULL, 0.00000, 612.63450, NULL, 0, NULL, NULL, '2018-10-30 15:44:06', '2019-01-18 17:20:53', 1),
(294, NULL, 4, 3, 41, 'Intereses por 109 días de atraso.', 'Alquiler 10-2018', 397.85000, 39, 2, 'INT-33', NULL, NULL, NULL, 0.00000, 397.85000, NULL, 0, NULL, NULL, '2018-10-30 15:44:06', '2019-01-18 03:00:03', 1),
(295, 1, 1, 3, NULL, 'Gasto administrativo', 'Generado por Andrea Cerutti', 100.00000, 7, 1, 'CUSTOM-20181030125436', '', NULL, NULL, 0.00000, 100.00000, NULL, 1, 3, NULL, '2018-10-30 15:54:36', '2018-10-30 15:54:39', 1),
(296, NULL, 5, 4, 2, 'Alquiler 11-2018 ', 'Oficina 11 Cerro', 12576.00000, 7, 2, 'GET-RENT-1', NULL, '2018-11-10', '2018-11-01', 0.00050, 12576.00000, NULL, 0, NULL, NULL, '2018-11-01 03:00:01', '2019-01-18 17:08:26', 1),
(297, 29, 5, 4, 1, 'Alquiler 11-2018 ', 'Oficina 12 Cerro', 8100.00000, 8, 2, 'GET-RENT-2', NULL, '2018-11-10', '2018-11-01', 0.00050, 8100.00000, NULL, 0, NULL, NULL, '2018-11-01 03:00:01', '2019-01-18 17:08:26', 1),
(298, 26, 5, 4, 4, 'Alquiler 11-2018', 'Torre Carmela 2C', 7833.00000, 10, 2, 'GET-RENT-4', NULL, '2018-11-10', '2018-11-01', 0.00050, 7833.00000, NULL, 0, NULL, NULL, '2018-11-01 03:00:01', '2019-01-16 14:48:53', 1),
(299, 15, 5, 4, 5, 'Alquiler 11-2018 ', 'Torre Carmela 3B', 4947.00000, 11, 2, 'GET-RENT-5', NULL, '2018-11-10', '2018-11-01', 0.00050, 4947.00000, NULL, 0, NULL, NULL, '2018-11-01 03:00:01', '2019-01-18 17:08:26', 1),
(300, 12, 5, 4, 6, 'Alquiler 11-2018 ', 'Torre Carmela 3C', 7590.00000, 12, 2, 'GET-RENT-6', NULL, '2018-11-10', '2018-11-01', 0.00050, 7590.00000, NULL, 0, NULL, NULL, '2018-11-01 03:00:01', '2019-01-18 17:08:26', 1),
(301, NULL, 5, 4, 7, 'Alquiler 11-2018 ', 'Torre Carmela 4B', 12500.00000, 13, 2, 'GET-RENT-7', NULL, '2018-11-10', '2018-11-01', 0.00050, 12500.00000, NULL, 0, NULL, NULL, '2018-11-01 03:00:01', '2019-01-18 17:08:26', 0),
(302, 17, 5, 4, 8, 'Alquiler 11-2018 ', 'Torre Carmela 5A', 11500.00000, 14, 2, 'GET-RENT-8', NULL, '2018-11-10', '2018-11-01', 0.00050, 11500.00000, NULL, 0, NULL, NULL, '2018-11-01 03:00:01', '2019-01-18 17:08:26', 1),
(303, 7, 5, 4, 9, 'Alquiler 11-2018 ', 'Torre Carmela 7A', 8760.00000, 15, 2, 'GET-RENT-9', NULL, '2018-11-10', '2018-11-01', 0.00050, 8760.00000, NULL, 0, NULL, NULL, '2018-11-01 03:00:01', '2019-01-18 17:08:26', 1),
(304, NULL, 5, 4, 10, 'Alquiler 11-2018 ', 'Torre Carmela 7B', 10695.00000, 16, 2, 'GET-RENT-10', NULL, '2018-11-10', '2018-11-01', 0.00050, 10695.00000, NULL, 0, NULL, NULL, '2018-11-01 03:00:01', '2019-01-18 17:08:26', 0),
(305, NULL, 5, 4, 11, 'Alquiler 11-2018 ', 'Torre Carmela 9A', 9389.00000, 17, 2, 'GET-RENT-11', NULL, '2018-11-10', '2018-11-01', 0.00050, 9389.00000, NULL, 0, NULL, NULL, '2018-11-01 03:00:01', '2019-01-18 17:08:26', 1),
(306, 16, 5, 4, 12, 'Alquiler 11-2018', 'Duplex Gandhi', 10650.00000, 18, 2, 'GET-RENT-12', NULL, '2018-11-10', '2018-11-01', 0.00050, 10650.00000, NULL, 0, NULL, NULL, '2018-11-01 03:00:01', '2019-01-15 17:30:55', 1),
(307, NULL, 5, 4, 14, 'Alquiler 11-2018', 'Casa La Finur', 23575.00000, 19, 2, 'GET-RENT-14', NULL, '2018-11-10', '2018-11-01', 0.00050, 23575.00000, NULL, 0, NULL, NULL, '2018-11-01 03:00:01', '2019-01-09 19:36:02', 0),
(308, 28, 5, 4, 16, 'Alquiler 11-2018 ', 'Manantiales', 7935.00000, 20, 2, 'GET-RENT-15', NULL, '2018-11-10', '2018-11-01', 0.00050, 7935.00000, NULL, 0, NULL, NULL, '2018-11-01 03:00:01', '2019-01-18 17:08:26', 1),
(309, 22, 5, 4, 15, 'Alquiler 11-2018 ', 'Local Rafael Nuñez', 8100.00000, 21, 2, 'GET-RENT-16', NULL, '2018-11-10', '2018-11-01', 0.00050, 8100.00000, NULL, 0, NULL, NULL, '2018-11-01 03:00:01', '2019-01-18 17:08:26', 1),
(310, NULL, 5, 4, 18, 'Alquiler 11-2018 ', 'Torre Carmela 1C', 7475.00000, 22, 2, 'GET-RENT-17', NULL, '2018-11-10', '2018-11-01', 0.00050, 7475.00000, NULL, 0, NULL, NULL, '2018-11-01 03:00:01', '2019-01-18 17:08:26', 1),
(311, NULL, 5, 4, 19, 'Alquiler 11-2018 ', 'Chile 349 Consultorio', 12880.00000, 23, 2, 'GET-RENT-18', NULL, '2018-11-10', '2018-11-01', 0.00050, 12880.00000, NULL, 0, NULL, NULL, '2018-11-01 03:00:02', '2019-01-18 17:08:26', 1),
(312, 6, 5, 4, 20, 'Alquiler 11-2018 ', 'Thays', 19000.00000, 24, 2, 'GET-RENT-19', NULL, '2018-11-10', '2018-11-01', 0.00050, 19000.00000, NULL, 0, NULL, NULL, '2018-11-01 03:00:02', '2019-01-18 17:08:26', 1),
(313, NULL, 5, 4, 21, 'Alquiler 11-2018 ', 'Pje. España 1 A', 6325.00000, 25, 2, 'GET-RENT-20', NULL, '2018-11-10', '2018-11-01', 0.00050, 6325.00000, NULL, 0, NULL, NULL, '2018-11-01 03:00:02', '2019-01-18 17:08:26', 1),
(314, NULL, 5, 4, 22, 'Alquiler 11-2018', 'Pje. España 2 A', 7909.00000, 26, 2, 'GET-RENT-21', NULL, '2018-11-10', '2018-11-01', 0.00050, 7909.00000, NULL, 0, NULL, NULL, '2018-11-01 03:00:02', '2019-01-09 19:05:08', 0),
(315, NULL, 5, 4, 25, 'Alquiler 11-2018 ', 'Duplex Azpeitia', 18400.00000, 27, 2, 'GET-RENT-23', NULL, '2018-11-10', '2018-11-01', 0.00050, 18400.00000, NULL, 0, NULL, NULL, '2018-11-01 03:00:02', '2019-01-18 17:08:26', 1),
(316, NULL, 5, 4, 26, 'Alquiler 11-2018 ', 'Local Independencia 1091', 17500.00000, 28, 2, 'GET-RENT-25', NULL, '2018-11-10', '2018-11-01', 0.00050, 17500.00000, NULL, 0, NULL, NULL, '2018-11-01 03:00:02', '2019-01-18 17:08:26', 1),
(317, NULL, 5, 4, 28, 'Alquiler 11-2018 ', 'Triplex Salguero', 13110.00000, 29, 2, 'GET-RENT-26', NULL, '2018-11-10', '2018-11-01', 0.00050, 13110.00000, NULL, 0, NULL, NULL, '2018-11-01 03:00:02', '2019-01-18 17:08:26', 0),
(318, NULL, 5, 4, 30, 'Alquiler 11-2018', 'San Lorenzo Mono', 6707.00000, 30, 2, 'GET-RENT-27', NULL, '2018-11-10', '2018-11-01', 0.00050, 6707.00000, NULL, 0, NULL, NULL, '2018-11-01 03:00:02', NULL, 1),
(319, NULL, 5, 4, 31, 'Alquiler 11-2018 ', 'Amb. Olmos 1028 3D', 6613.00000, 31, 2, 'GET-RENT-28', NULL, '2018-11-10', '2018-11-01', 0.00050, 6613.00000, NULL, 0, NULL, NULL, '2018-11-01 03:00:02', '2019-01-18 17:08:26', 1),
(320, NULL, 5, 4, 32, 'Alquiler 11-2018', 'Mono Independencia 804 6D', 4867.00000, 32, 2, 'GET-RENT-29', NULL, '2018-11-10', '2018-11-01', 0.00050, 4867.00000, NULL, 0, NULL, NULL, '2018-11-01 03:00:02', NULL, 1),
(321, NULL, 5, 4, 34, 'Alquiler 11-2018', 'Obispo Oro 451', 12167.00000, 33, 2, 'GET-RENT-30', NULL, '2018-11-10', '2018-11-01', 0.00050, 12167.00000, NULL, 0, NULL, NULL, '2018-11-01 03:00:02', NULL, 1),
(322, NULL, 5, 4, 36, 'Alquiler 11-2018 ', 'San Lorenzo 2 Dorm', 10100.00000, 34, 2, 'GET-RENT-31', NULL, '2018-11-10', '2018-11-01', 0.00050, 10100.00000, NULL, 0, NULL, NULL, '2018-11-01 03:00:02', '2019-01-18 17:08:26', 1),
(323, NULL, 5, 4, 37, 'Alquiler 11-2018', 'Dean Funes', 4950.00000, 35, 2, 'GET-RENT-32', NULL, '2018-11-10', '2018-11-01', 0.00050, 4950.00000, NULL, 0, NULL, NULL, '2018-11-01 03:00:02', NULL, 1),
(324, NULL, 5, 4, 38, 'Alquiler 11-2018 ', 'Montevideo', 6500.00000, 36, 2, 'GET-RENT-33', NULL, '2018-11-10', '2018-11-01', 0.00050, 6500.00000, NULL, 0, NULL, NULL, '2018-11-01 03:00:02', '2019-01-18 17:08:26', 1),
(325, NULL, 5, 4, 39, 'Alquiler 11-2018 ', 'Belgrano 1003 6C', 7220.00000, 37, 2, 'GET-RENT-34', NULL, '2018-11-10', '2018-11-01', 0.00050, 7220.00000, NULL, 0, NULL, NULL, '2018-11-01 03:00:02', '2019-01-18 17:08:26', 0),
(326, NULL, 5, 4, 40, 'Alquiler 11-2018 ', 'Carlucci 29', 11241.00000, 38, 2, 'GET-RENT-35', NULL, '2018-11-10', '2018-11-01', 0.00050, 11241.00000, NULL, 0, NULL, NULL, '2018-11-01 03:00:02', '2019-01-18 17:08:26', 1),
(327, NULL, 5, 4, 41, 'Alquiler 11-2018', 'M.T. de Alvear 970 2º 11', 7300.00000, 39, 2, 'GET-RENT-36', NULL, '2018-11-10', '2018-11-01', 0.00050, 7300.00000, NULL, 0, NULL, NULL, '2018-11-01 03:00:02', NULL, 1),
(328, 9, 5, 4, 2, 'Liquidación periodo 11-2018 ', 'Oficina 11 Cerro', 12576.00000, 2, 40, 'LIQ-RENT-1', NULL, NULL, NULL, 0.00000, 12576.00000, NULL, 0, NULL, NULL, '2018-11-01 03:00:02', '2019-01-18 17:08:26', 1),
(329, 9, 1, 4, 2, 'Gasto administrativo periodo 11-2018', 'Oficina 11 Cerro', 628.80000, 40, 1, 'LIQ-ADM-RENT-1', NULL, NULL, NULL, 0.00000, 628.80000, NULL, 0, NULL, NULL, '2018-11-01 03:00:02', '2019-01-09 19:34:34', 1),
(330, 9, 5, 4, 1, 'Liquidación periodo 11-2018 ', 'Oficina 12 Cerro', 8100.00000, 2, 40, 'LIQ-RENT-2', NULL, NULL, NULL, 0.00000, 8100.00000, NULL, 0, NULL, NULL, '2018-11-01 03:00:02', '2019-01-18 17:08:26', 1),
(331, 9, 1, 4, 1, 'Gasto administrativo periodo 11-2018', 'Oficina 12 Cerro', 405.00000, 40, 1, 'LIQ-ADM-RENT-2', NULL, NULL, NULL, 0.00000, 405.00000, NULL, 0, NULL, NULL, '2018-11-01 03:00:02', '2019-01-09 19:34:34', 1),
(332, 9, 5, 4, 4, 'Liquidación periodo 11-2018', 'Torre Carmela 2C', 7833.00000, 2, 40, 'LIQ-RENT-4', NULL, NULL, NULL, 0.00000, 7833.00000, NULL, 0, NULL, NULL, '2018-11-01 03:00:02', '2019-01-09 19:34:35', 1),
(333, 9, 1, 4, 4, 'Gasto administrativo periodo 11-2018', 'Torre Carmela 2C', 391.65000, 40, 1, 'LIQ-ADM-RENT-4', NULL, NULL, NULL, 0.00000, 391.65000, NULL, 0, NULL, NULL, '2018-11-01 03:00:02', '2019-01-09 19:34:34', 1),
(334, 9, 5, 4, 5, 'Liquidación periodo 11-2018 ', 'Torre Carmela 3B', 4947.00000, 2, 40, 'LIQ-RENT-5', NULL, NULL, NULL, 0.00000, 4947.00000, NULL, 0, NULL, NULL, '2018-11-01 03:00:02', '2019-01-18 17:08:26', 1),
(335, 9, 1, 4, 5, 'Gasto administrativo periodo 11-2018', 'Torre Carmela 3B', 247.35000, 40, 1, 'LIQ-ADM-RENT-5', NULL, NULL, NULL, 0.00000, 247.35000, NULL, 0, NULL, NULL, '2018-11-01 03:00:02', '2019-01-09 19:34:34', 1),
(336, 9, 5, 4, 6, 'Liquidación periodo 11-2018 ', 'Torre Carmela 3C', 7590.00000, 2, 40, 'LIQ-RENT-6', NULL, NULL, NULL, 0.00000, 7590.00000, NULL, 0, NULL, NULL, '2018-11-01 03:00:02', '2019-01-18 17:08:26', 1),
(337, 9, 1, 4, 6, 'Gasto administrativo periodo 11-2018', 'Torre Carmela 3C', 379.50000, 40, 1, 'LIQ-ADM-RENT-6', NULL, NULL, NULL, 0.00000, 379.50000, NULL, 0, NULL, NULL, '2018-11-01 03:00:02', '2019-01-09 19:34:34', 1),
(338, 9, 5, 4, 7, 'Liquidación periodo 11-2018 ', 'Torre Carmela 4B', 12500.00000, 2, 40, 'LIQ-RENT-7', NULL, NULL, NULL, 0.00000, 12500.00000, NULL, 0, NULL, NULL, '2018-11-01 03:00:02', '2019-01-18 17:08:26', 1),
(339, 9, 1, 4, 7, 'Gasto administrativo periodo 11-2018', 'Torre Carmela 4B', 625.00000, 40, 1, 'LIQ-ADM-RENT-7', NULL, NULL, NULL, 0.00000, 625.00000, NULL, 0, NULL, NULL, '2018-11-01 03:00:02', '2019-01-09 19:34:34', 1),
(340, 9, 5, 4, 8, 'Liquidación periodo 11-2018 ', 'Torre Carmela 5A', 11500.00000, 2, 40, 'LIQ-RENT-8', NULL, NULL, NULL, 0.00000, 11500.00000, NULL, 0, NULL, NULL, '2018-11-01 03:00:02', '2019-01-18 17:08:26', 1),
(341, 9, 1, 4, 8, 'Gasto administrativo periodo 11-2018', 'Torre Carmela 5A', 575.00000, 40, 1, 'LIQ-ADM-RENT-8', NULL, NULL, NULL, 0.00000, 575.00000, NULL, 0, NULL, NULL, '2018-11-01 03:00:02', '2019-01-09 19:34:34', 1),
(342, 9, 5, 4, 9, 'Liquidación periodo 11-2018 ', 'Torre Carmela 7A', 8760.00000, 2, 40, 'LIQ-RENT-9', NULL, NULL, NULL, 0.00000, 8760.00000, NULL, 0, NULL, NULL, '2018-11-01 03:00:02', '2019-01-18 17:08:26', 1),
(343, 9, 1, 4, 9, 'Gasto administrativo periodo 11-2018', 'Torre Carmela 7A', 438.00000, 40, 1, 'LIQ-ADM-RENT-9', NULL, NULL, NULL, 0.00000, 438.00000, NULL, 0, NULL, NULL, '2018-11-01 03:00:02', '2019-01-09 19:34:34', 1),
(344, 9, 5, 4, 10, 'Liquidación periodo 11-2018 ', 'Torre Carmela 7B', 10695.00000, 2, 40, 'LIQ-RENT-10', NULL, NULL, NULL, 0.00000, 10695.00000, NULL, 0, NULL, NULL, '2018-11-01 03:00:02', '2019-01-18 17:08:26', 1),
(345, 9, 1, 4, 10, 'Gasto administrativo periodo 11-2018', 'Torre Carmela 7B', 534.75000, 40, 1, 'LIQ-ADM-RENT-10', NULL, NULL, NULL, 0.00000, 534.75000, NULL, 0, NULL, NULL, '2018-11-01 03:00:02', '2019-01-09 19:34:34', 1),
(346, 9, 5, 4, 11, 'Liquidación periodo 11-2018 ', 'Torre Carmela 9A', 9389.00000, 2, 40, 'LIQ-RENT-11', NULL, NULL, NULL, 0.00000, 9389.00000, NULL, 0, NULL, NULL, '2018-11-01 03:00:02', '2019-01-18 17:08:26', 1),
(347, 9, 1, 4, 11, 'Gasto administrativo periodo 11-2018', 'Torre Carmela 9A', 469.45000, 40, 1, 'LIQ-ADM-RENT-11', NULL, NULL, NULL, 0.00000, 469.45000, NULL, 0, NULL, NULL, '2018-11-01 03:00:02', '2019-01-09 19:34:34', 1),
(348, 9, 5, 4, 12, 'Liquidación periodo 11-2018', 'Duplex Gandhi', 10650.00000, 2, 40, 'LIQ-RENT-12', NULL, NULL, NULL, 0.00000, 10650.00000, NULL, 0, NULL, NULL, '2018-11-01 03:00:02', '2019-01-09 19:34:35', 1),
(349, 9, 1, 4, 12, 'Gasto administrativo periodo 11-2018', 'Duplex Gandhi', 532.50000, 40, 1, 'LIQ-ADM-RENT-12', NULL, NULL, NULL, 0.00000, 532.50000, NULL, 0, NULL, NULL, '2018-11-01 03:00:02', '2019-01-09 19:34:34', 1),
(350, 9, 5, 4, 14, 'Liquidación periodo 11-2018', 'Casa La Finur', 23575.00000, 2, 40, 'LIQ-RENT-14', NULL, NULL, NULL, 0.00000, 23575.00000, NULL, 0, NULL, NULL, '2018-11-01 03:00:02', '2019-01-09 19:34:35', 1),
(351, 9, 1, 4, 14, 'Gasto administrativo periodo 11-2018', 'Casa La Finur', 1178.75000, 40, 1, 'LIQ-ADM-RENT-14', NULL, NULL, NULL, 0.00000, 1178.75000, NULL, 0, NULL, NULL, '2018-11-01 03:00:02', '2019-01-09 19:34:34', 1),
(352, 9, 5, 4, 16, 'Liquidación periodo 11-2018 ', 'Manantiales', 7935.00000, 2, 40, 'LIQ-RENT-15', NULL, NULL, NULL, 0.00000, 7935.00000, NULL, 0, NULL, NULL, '2018-11-01 03:00:02', '2019-01-18 17:08:26', 1),
(353, 9, 1, 4, 16, 'Gasto administrativo periodo 11-2018', 'Manantiales', 396.75000, 40, 1, 'LIQ-ADM-RENT-15', NULL, NULL, NULL, 0.00000, 396.75000, NULL, 0, NULL, NULL, '2018-11-01 03:00:02', '2019-01-09 19:34:34', 1),
(354, 9, 5, 4, 15, 'Liquidación periodo 11-2018 ', 'Local Rafael Nuñez', 8100.00000, 2, 40, 'LIQ-RENT-16', NULL, NULL, NULL, 0.00000, 8100.00000, NULL, 0, NULL, NULL, '2018-11-01 03:00:02', '2019-01-18 17:08:26', 1),
(355, 9, 1, 4, 15, 'Gasto administrativo periodo 11-2018', 'Local Rafael Nuñez', 405.00000, 40, 1, 'LIQ-ADM-RENT-16', NULL, NULL, NULL, 0.00000, 405.00000, NULL, 0, NULL, NULL, '2018-11-01 03:00:02', '2019-01-09 19:34:34', 1),
(356, NULL, 2, 4, 1, 'Aguas Cordobesas', 'Oficina 12 Cerro - ', 0.00000, 8, 5, 'GET-EXPENSE-1', NULL, NULL, NULL, 0.00000, 0.00000, NULL, 0, NULL, 357, '2018-11-01 03:00:02', '2019-01-09 18:39:36', 0),
(357, NULL, 2, 4, 1, 'Aguas Cordobesas', 'Oficina 12 Cerro - ', 0.00000, 5, 6, 'PAY-EXPENSE-1', NULL, NULL, NULL, 0.00000, 0.00000, NULL, 0, NULL, 356, '2018-11-01 03:00:02', NULL, 1),
(358, NULL, 2, 4, 1, 'Municipalidad de Cordoba', 'Oficina 12 Cerro - ', 0.00000, 8, 5, 'GET-EXPENSE-2', NULL, NULL, NULL, 0.00000, 0.00000, NULL, 0, NULL, 359, '2018-11-01 03:00:02', '2019-01-09 18:39:37', 0),
(359, NULL, 2, 4, 1, 'Municipalidad de Cordoba', 'Oficina 12 Cerro - ', 0.00000, 5, 6, 'PAY-EXPENSE-2', NULL, NULL, NULL, 0.00000, 0.00000, NULL, 0, NULL, 358, '2018-11-01 03:00:02', NULL, 1),
(360, NULL, 2, 4, 1, 'Rentas', 'Oficina 12 Cerro - ', 0.00000, 8, 5, 'GET-EXPENSE-3', NULL, NULL, NULL, 0.00000, 0.00000, NULL, 0, NULL, 361, '2018-11-01 03:00:02', '2019-01-09 18:39:38', 0),
(361, NULL, 2, 4, 1, 'Rentas', 'Oficina 12 Cerro - ', 0.00000, 5, 6, 'PAY-EXPENSE-3', NULL, NULL, NULL, 0.00000, 0.00000, NULL, 0, NULL, 360, '2018-11-01 03:00:02', NULL, 1),
(362, NULL, 2, 4, 2, 'Aguas Cordobesas', 'Oficina 11 Cerro - ', 0.00000, 7, 5, 'GET-EXPENSE-4', NULL, NULL, NULL, 0.00000, 0.00000, NULL, 0, NULL, 363, '2018-11-01 03:00:02', '2018-11-01 03:00:02', 1),
(363, NULL, 2, 4, 2, 'Aguas Cordobesas', 'Oficina 11 Cerro - ', 0.00000, 5, 6, 'PAY-EXPENSE-4', NULL, NULL, NULL, 0.00000, 0.00000, NULL, 0, NULL, 362, '2018-11-01 03:00:02', NULL, 1),
(364, NULL, 2, 4, 2, 'Municipalidad de Cordoba', 'Oficina 11 Cerro - ', 0.00000, 7, 5, 'GET-EXPENSE-5', NULL, NULL, NULL, 0.00000, 0.00000, NULL, 0, NULL, 365, '2018-11-01 03:00:02', '2018-11-01 03:00:02', 1),
(365, NULL, 2, 4, 2, 'Municipalidad de Cordoba', 'Oficina 11 Cerro - ', 0.00000, 5, 6, 'PAY-EXPENSE-5', NULL, NULL, NULL, 0.00000, 0.00000, NULL, 0, NULL, 364, '2018-11-01 03:00:02', NULL, 1),
(366, NULL, 2, 4, 2, 'Rentas', 'Oficina 11 Cerro - ', 0.00000, 7, 5, 'GET-EXPENSE-6', NULL, NULL, NULL, 0.00000, 0.00000, NULL, 0, NULL, 367, '2018-11-01 03:00:02', '2018-11-01 03:00:02', 1),
(367, NULL, 2, 4, 2, 'Rentas', 'Oficina 11 Cerro - ', 0.00000, 5, 6, 'PAY-EXPENSE-6', NULL, NULL, NULL, 0.00000, 0.00000, NULL, 0, NULL, 366, '2018-11-01 03:00:02', NULL, 1),
(368, 9, 2, 4, 3, 'Aguas Cordobesas', 'Gomeria Caraffa - ', 0.00000, 40, 5, 'GET-EXPENSE-7', NULL, NULL, NULL, 0.00000, 0.00000, NULL, 0, NULL, 369, '2018-11-01 03:00:02', '2019-01-09 19:34:34', 1),
(369, NULL, 2, 4, 3, 'Aguas Cordobesas', 'Gomeria Caraffa - ', 0.00000, 5, 6, 'PAY-EXPENSE-7', NULL, NULL, NULL, 0.00000, 0.00000, NULL, 0, NULL, 368, '2018-11-01 03:00:02', NULL, 1),
(370, 9, 2, 4, 3, 'Municipalidad de Cordoba', 'Gomeria Caraffa - ', 0.00000, 40, 5, 'GET-EXPENSE-8', NULL, NULL, NULL, 0.00000, 0.00000, NULL, 0, NULL, 371, '2018-11-01 03:00:02', '2019-01-09 19:34:34', 1),
(371, NULL, 2, 4, 3, 'Municipalidad de Cordoba', 'Gomeria Caraffa - ', 0.00000, 5, 6, 'PAY-EXPENSE-8', NULL, NULL, NULL, 0.00000, 0.00000, NULL, 0, NULL, 370, '2018-11-01 03:00:02', NULL, 1),
(372, 9, 2, 4, 3, 'Rentas', 'Gomeria Caraffa - ', 0.00000, 40, 5, 'GET-EXPENSE-9', NULL, NULL, NULL, 0.00000, 0.00000, NULL, 0, NULL, 373, '2018-11-01 03:00:02', '2019-01-09 19:34:34', 1),
(373, NULL, 2, 4, 3, 'Rentas', 'Gomeria Caraffa - ', 0.00000, 5, 6, 'PAY-EXPENSE-9', NULL, NULL, NULL, 0.00000, 0.00000, NULL, 0, NULL, 372, '2018-11-01 03:00:02', NULL, 1),
(374, 26, 2, 4, 4, 'Aguas Cordobesas', 'Torre Carmela 2C - ', 0.00000, 10, 5, 'GET-EXPENSE-10', NULL, NULL, NULL, 0.00000, 0.00000, NULL, 0, NULL, 375, '2018-11-01 03:00:02', '2019-01-16 14:48:53', 1),
(375, NULL, 2, 4, 4, 'Aguas Cordobesas', 'Torre Carmela 2C - ', 0.00000, 5, 6, 'PAY-EXPENSE-10', NULL, NULL, NULL, 0.00000, 0.00000, NULL, 0, NULL, 374, '2018-11-01 03:00:02', NULL, 1),
(376, 26, 2, 4, 4, 'Municipalidad de Cordoba', 'Torre Carmela 2C - 41202303000006', 0.00000, 10, 5, 'GET-EXPENSE-11', NULL, NULL, NULL, 0.00000, 0.00000, NULL, 0, NULL, 377, '2018-11-01 03:00:02', '2019-01-16 14:48:53', 1),
(377, NULL, 2, 4, 4, 'Municipalidad de Cordoba', 'Torre Carmela 2C - 41202303000006', 0.00000, 5, 6, 'PAY-EXPENSE-11', NULL, NULL, NULL, 0.00000, 0.00000, NULL, 0, NULL, 376, '2018-11-01 03:00:02', NULL, 1),
(378, 26, 2, 4, 4, 'Rentas', 'Torre Carmela 2C - ', 0.00000, 10, 5, 'GET-EXPENSE-12', NULL, NULL, NULL, 0.00000, 0.00000, NULL, 0, NULL, 379, '2018-11-01 03:00:02', '2019-01-16 14:48:53', 1),
(379, NULL, 2, 4, 4, 'Rentas', 'Torre Carmela 2C - ', 0.00000, 5, 6, 'PAY-EXPENSE-12', NULL, NULL, NULL, 0.00000, 0.00000, NULL, 0, NULL, 378, '2018-11-01 03:00:02', NULL, 1),
(380, 15, 2, 4, 5, 'Aguas Cordobesas', 'Torre Carmela 3B - ', 0.00000, 11, 5, 'GET-EXPENSE-13', NULL, NULL, NULL, 0.00000, 0.00000, NULL, 0, NULL, 381, '2018-11-01 03:00:02', '2019-01-15 17:13:58', 1),
(381, NULL, 2, 4, 5, 'Aguas Cordobesas', 'Torre Carmela 3B - ', 0.00000, 5, 6, 'PAY-EXPENSE-13', NULL, NULL, NULL, 0.00000, 0.00000, NULL, 0, NULL, 380, '2018-11-01 03:00:02', NULL, 1),
(382, 15, 2, 4, 5, 'Municipalidad de Cordoba', 'Torre Carmela 3B - 41202303000011', 0.00000, 11, 5, 'GET-EXPENSE-14', NULL, NULL, NULL, 0.00000, 0.00000, NULL, 0, NULL, 383, '2018-11-01 03:00:02', '2019-01-15 17:13:58', 1),
(383, NULL, 2, 4, 5, 'Municipalidad de Cordoba', 'Torre Carmela 3B - 41202303000011', 0.00000, 5, 6, 'PAY-EXPENSE-14', NULL, NULL, NULL, 0.00000, 0.00000, NULL, 0, NULL, 382, '2018-11-01 03:00:02', NULL, 1),
(384, 15, 2, 4, 5, 'Rentas', 'Torre Carmela 3B - ', 0.00000, 11, 5, 'GET-EXPENSE-15', NULL, NULL, NULL, 0.00000, 0.00000, NULL, 0, NULL, 385, '2018-11-01 03:00:02', '2019-01-15 17:13:58', 1),
(385, NULL, 2, 4, 5, 'Rentas', 'Torre Carmela 3B - ', 0.00000, 5, 6, 'PAY-EXPENSE-15', NULL, NULL, NULL, 0.00000, 0.00000, NULL, 0, NULL, 384, '2018-11-01 03:00:02', NULL, 1),
(386, 12, 2, 4, 6, 'Aguas Cordobesas', 'Torre Carmela 3C - ', 0.00000, 12, 5, 'GET-EXPENSE-16', NULL, NULL, NULL, 0.00000, 0.00000, NULL, 0, NULL, 387, '2018-11-01 03:00:02', '2019-01-14 23:48:07', 1),
(387, NULL, 2, 4, 6, 'Aguas Cordobesas', 'Torre Carmela 3C - ', 0.00000, 5, 6, 'PAY-EXPENSE-16', NULL, NULL, NULL, 0.00000, 0.00000, NULL, 0, NULL, 386, '2018-11-01 03:00:02', NULL, 1),
(388, 12, 2, 4, 6, 'Municipalidad de Cordoba', 'Torre Carmela 3C - 41202303000009', 0.00000, 12, 5, 'GET-EXPENSE-17', NULL, NULL, NULL, 0.00000, 0.00000, NULL, 0, NULL, 389, '2018-11-01 03:00:02', '2019-01-14 23:48:07', 1),
(389, NULL, 2, 4, 6, 'Municipalidad de Cordoba', 'Torre Carmela 3C - 41202303000009', 0.00000, 5, 6, 'PAY-EXPENSE-17', NULL, NULL, NULL, 0.00000, 0.00000, NULL, 0, NULL, 388, '2018-11-01 03:00:02', NULL, 1),
(390, 12, 2, 4, 6, 'Rentas', 'Torre Carmela 3C - ', 0.00000, 12, 5, 'GET-EXPENSE-18', NULL, NULL, NULL, 0.00000, 0.00000, NULL, 0, NULL, 391, '2018-11-01 03:00:02', '2019-01-14 23:48:07', 1),
(391, NULL, 2, 4, 6, 'Rentas', 'Torre Carmela 3C - ', 0.00000, 5, 6, 'PAY-EXPENSE-18', NULL, NULL, NULL, 0.00000, 0.00000, NULL, 0, NULL, 390, '2018-11-01 03:00:02', NULL, 1),
(392, NULL, 2, 4, 7, 'Aguas Cordobesas', 'Torre Carmela 4B - ', 0.00000, 13, 5, 'GET-EXPENSE-19', NULL, NULL, NULL, 0.00000, 0.00000, NULL, 0, NULL, 393, '2018-11-01 03:00:02', '2019-01-15 00:21:59', 0),
(393, NULL, 2, 4, 7, 'Aguas Cordobesas', 'Torre Carmela 4B - ', 0.00000, 5, 6, 'PAY-EXPENSE-19', NULL, NULL, NULL, 0.00000, 0.00000, NULL, 0, NULL, 392, '2018-11-01 03:00:02', NULL, 1),
(394, NULL, 2, 4, 7, 'Municipalidad de Cordoba', 'Torre Carmela 4B - 412023030000', 0.00000, 13, 5, 'GET-EXPENSE-20', NULL, NULL, NULL, 0.00000, 0.00000, NULL, 0, NULL, 395, '2018-11-01 03:00:02', '2019-01-15 00:22:00', 0),
(395, NULL, 2, 4, 7, 'Municipalidad de Cordoba', 'Torre Carmela 4B - 412023030000', 0.00000, 5, 6, 'PAY-EXPENSE-20', NULL, NULL, NULL, 0.00000, 0.00000, NULL, 0, NULL, 394, '2018-11-01 03:00:02', NULL, 1),
(396, NULL, 2, 4, 7, 'Rentas', 'Torre Carmela 4B - ', 0.00000, 13, 5, 'GET-EXPENSE-21', NULL, NULL, NULL, 0.00000, 0.00000, NULL, 0, NULL, 397, '2018-11-01 03:00:02', '2019-01-15 00:22:01', 0),
(397, NULL, 2, 4, 7, 'Rentas', 'Torre Carmela 4B - ', 0.00000, 5, 6, 'PAY-EXPENSE-21', NULL, NULL, NULL, 0.00000, 0.00000, NULL, 0, NULL, 396, '2018-11-01 03:00:02', NULL, 1),
(398, 17, 2, 4, 8, 'Aguas Cordobesas', 'Torre Carmela 5A - ', 0.00000, 14, 5, 'GET-EXPENSE-22', NULL, NULL, NULL, 0.00000, 0.00000, NULL, 0, NULL, 399, '2018-11-01 03:00:02', '2019-01-15 20:10:38', 1),
(399, NULL, 2, 4, 8, 'Aguas Cordobesas', 'Torre Carmela 5A - ', 0.00000, 5, 6, 'PAY-EXPENSE-22', NULL, NULL, NULL, 0.00000, 0.00000, NULL, 0, NULL, 398, '2018-11-01 03:00:02', NULL, 1),
(400, 17, 2, 4, 8, 'Municipalidad de Cordoba', 'Torre Carmela 5A - 41202303000015', 0.00000, 14, 5, 'GET-EXPENSE-23', NULL, NULL, NULL, 0.00000, 0.00000, NULL, 0, NULL, 401, '2018-11-01 03:00:02', '2019-01-15 20:10:38', 1),
(401, NULL, 2, 4, 8, 'Municipalidad de Cordoba', 'Torre Carmela 5A - 41202303000015', 0.00000, 5, 6, 'PAY-EXPENSE-23', NULL, NULL, NULL, 0.00000, 0.00000, NULL, 0, NULL, 400, '2018-11-01 03:00:02', NULL, 1),
(402, 17, 2, 4, 8, 'Rentas', 'Torre Carmela 5A - ', 0.00000, 14, 5, 'GET-EXPENSE-24', NULL, NULL, NULL, 0.00000, 0.00000, NULL, 0, NULL, 403, '2018-11-01 03:00:02', '2019-01-15 20:10:38', 1),
(403, NULL, 2, 4, 8, 'Rentas', 'Torre Carmela 5A - ', 0.00000, 5, 6, 'PAY-EXPENSE-24', NULL, NULL, NULL, 0.00000, 0.00000, NULL, 0, NULL, 402, '2018-11-01 03:00:02', NULL, 1),
(404, 7, 2, 4, 9, 'Aguas Cordobesas', 'Torre Carmela 7A - ', 0.00000, 15, 5, 'GET-EXPENSE-25', NULL, NULL, NULL, 0.00000, 0.00000, NULL, 0, NULL, 405, '2018-11-01 03:00:02', '2019-01-09 19:13:38', 1),
(405, NULL, 2, 4, 9, 'Aguas Cordobesas', 'Torre Carmela 7A - ', 0.00000, 5, 6, 'PAY-EXPENSE-25', NULL, NULL, NULL, 0.00000, 0.00000, NULL, 0, NULL, 404, '2018-11-01 03:00:02', NULL, 1),
(406, 7, 2, 4, 9, 'Municipalidad de Cordoba', 'Torre Carmela 7A - 41202303000019', 0.00000, 15, 5, 'GET-EXPENSE-26', NULL, NULL, NULL, 0.00000, 0.00000, NULL, 0, NULL, 407, '2018-11-01 03:00:02', '2019-01-09 19:13:38', 1),
(407, NULL, 2, 4, 9, 'Municipalidad de Cordoba', 'Torre Carmela 7A - 41202303000019', 0.00000, 5, 6, 'PAY-EXPENSE-26', NULL, NULL, NULL, 0.00000, 0.00000, NULL, 0, NULL, 406, '2018-11-01 03:00:02', NULL, 1),
(408, 7, 2, 4, 9, 'Rentas', 'Torre Carmela 7A - ', 0.00000, 15, 5, 'GET-EXPENSE-27', NULL, NULL, NULL, 0.00000, 0.00000, NULL, 0, NULL, 409, '2018-11-01 03:00:02', '2019-01-09 19:13:38', 1),
(409, NULL, 2, 4, 9, 'Rentas', 'Torre Carmela 7A - ', 0.00000, 5, 6, 'PAY-EXPENSE-27', NULL, NULL, NULL, 0.00000, 0.00000, NULL, 0, NULL, 408, '2018-11-01 03:00:02', NULL, 1),
(410, NULL, 2, 4, 10, 'Aguas Cordobesas', 'Torre Carmela 7B - ', 0.00000, 16, 5, 'GET-EXPENSE-28', NULL, NULL, NULL, 0.00000, 0.00000, NULL, 0, NULL, 411, '2018-11-01 03:00:02', '2018-11-01 03:00:02', 1),
(411, NULL, 2, 4, 10, 'Aguas Cordobesas', 'Torre Carmela 7B - ', 0.00000, 5, 6, 'PAY-EXPENSE-28', NULL, NULL, NULL, 0.00000, 0.00000, NULL, 0, NULL, 410, '2018-11-01 03:00:02', NULL, 1),
(412, NULL, 2, 4, 10, 'Municipalidad de Cordoba', 'Torre Carmela 7B - 41202303000018', 0.00000, 16, 5, 'GET-EXPENSE-29', NULL, NULL, NULL, 0.00000, 0.00000, NULL, 0, NULL, 413, '2018-11-01 03:00:02', '2018-11-01 03:00:02', 1),
(413, NULL, 2, 4, 10, 'Municipalidad de Cordoba', 'Torre Carmela 7B - 41202303000018', 0.00000, 5, 6, 'PAY-EXPENSE-29', NULL, NULL, NULL, 0.00000, 0.00000, NULL, 0, NULL, 412, '2018-11-01 03:00:02', NULL, 1),
(414, NULL, 2, 4, 10, 'Rentas', 'Torre Carmela 7B - ', 0.00000, 16, 5, 'GET-EXPENSE-30', NULL, NULL, NULL, 0.00000, 0.00000, NULL, 0, NULL, 415, '2018-11-01 03:00:02', '2018-11-01 03:00:02', 1),
(415, NULL, 2, 4, 10, 'Rentas', 'Torre Carmela 7B - ', 0.00000, 5, 6, 'PAY-EXPENSE-30', NULL, NULL, NULL, 0.00000, 0.00000, NULL, 0, NULL, 414, '2018-11-01 03:00:02', NULL, 1),
(416, NULL, 2, 4, 11, 'Aguas Cordobesas', 'Torre Carmela 9A - ', 0.00000, 17, 5, 'GET-EXPENSE-31', NULL, NULL, NULL, 0.00000, 0.00000, NULL, 0, NULL, 417, '2018-11-01 03:00:02', '2018-11-01 03:00:02', 1),
(417, NULL, 2, 4, 11, 'Aguas Cordobesas', 'Torre Carmela 9A - ', 0.00000, 5, 6, 'PAY-EXPENSE-31', NULL, NULL, NULL, 0.00000, 0.00000, NULL, 0, NULL, 416, '2018-11-01 03:00:02', NULL, 1),
(418, NULL, 2, 4, 11, 'Municipalidad de Cordoba', 'Torre Carmela 9A - 41202303000023', 0.00000, 17, 5, 'GET-EXPENSE-32', NULL, NULL, NULL, 0.00000, 0.00000, NULL, 0, NULL, 419, '2018-11-01 03:00:02', '2018-11-01 03:00:02', 1),
(419, NULL, 2, 4, 11, 'Municipalidad de Cordoba', 'Torre Carmela 9A - 41202303000023', 0.00000, 5, 6, 'PAY-EXPENSE-32', NULL, NULL, NULL, 0.00000, 0.00000, NULL, 0, NULL, 418, '2018-11-01 03:00:02', NULL, 1),
(420, NULL, 2, 4, 11, 'Rentas', 'Torre Carmela 9A - ', 0.00000, 17, 5, 'GET-EXPENSE-33', NULL, NULL, NULL, 0.00000, 0.00000, NULL, 0, NULL, 421, '2018-11-01 03:00:02', '2018-11-01 03:00:02', 1),
(421, NULL, 2, 4, 11, 'Rentas', 'Torre Carmela 9A - ', 0.00000, 5, 6, 'PAY-EXPENSE-33', NULL, NULL, NULL, 0.00000, 0.00000, NULL, 0, NULL, 420, '2018-11-01 03:00:02', NULL, 1),
(422, 16, 2, 4, 12, 'Aguas Cordobesas', 'Duplex Gandhi - ', 0.00000, 18, 5, 'GET-EXPENSE-34', NULL, NULL, NULL, 0.00000, 0.00000, NULL, 0, NULL, 423, '2018-11-01 03:00:02', '2019-01-15 17:30:55', 1),
(423, NULL, 2, 4, 12, 'Aguas Cordobesas', 'Duplex Gandhi - ', 0.00000, 5, 6, 'PAY-EXPENSE-34', NULL, NULL, NULL, 0.00000, 0.00000, NULL, 0, NULL, 422, '2018-11-01 03:00:02', NULL, 1),
(424, 16, 2, 4, 12, 'Municipalidad de Cordoba', 'Duplex Gandhi - ', 0.00000, 18, 5, 'GET-EXPENSE-35', NULL, NULL, NULL, 0.00000, 0.00000, NULL, 0, NULL, 425, '2018-11-01 03:00:02', '2019-01-15 17:30:55', 1),
(425, NULL, 2, 4, 12, 'Municipalidad de Cordoba', 'Duplex Gandhi - ', 0.00000, 5, 6, 'PAY-EXPENSE-35', NULL, NULL, NULL, 0.00000, 0.00000, NULL, 0, NULL, 424, '2018-11-01 03:00:02', NULL, 1),
(426, 16, 2, 4, 12, 'Rentas', 'Duplex Gandhi - ', 0.00000, 18, 5, 'GET-EXPENSE-36', NULL, NULL, NULL, 0.00000, 0.00000, NULL, 0, NULL, 427, '2018-11-01 03:00:02', '2019-01-15 17:30:55', 1),
(427, NULL, 2, 4, 12, 'Rentas', 'Duplex Gandhi - ', 0.00000, 5, 6, 'PAY-EXPENSE-36', NULL, NULL, NULL, 0.00000, 0.00000, NULL, 0, NULL, 426, '2018-11-01 03:00:02', NULL, 1),
(428, 9, 2, 4, 13, 'Aguas Cordobesas', 'Village Plaza 2C - ', 0.00000, 40, 5, 'GET-EXPENSE-37', NULL, NULL, NULL, 0.00000, 0.00000, NULL, 0, NULL, 429, '2018-11-01 03:00:02', '2019-01-09 19:34:34', 1),
(429, NULL, 2, 4, 13, 'Aguas Cordobesas', 'Village Plaza 2C - ', 0.00000, 5, 6, 'PAY-EXPENSE-37', NULL, NULL, NULL, 0.00000, 0.00000, NULL, 0, NULL, 428, '2018-11-01 03:00:02', NULL, 1),
(430, 9, 2, 4, 13, 'Municipalidad de Cordoba', 'Village Plaza 2C - ', 0.00000, 40, 5, 'GET-EXPENSE-38', NULL, NULL, NULL, 0.00000, 0.00000, NULL, 0, NULL, 431, '2018-11-01 03:00:02', '2019-01-09 19:34:34', 1),
(431, NULL, 2, 4, 13, 'Municipalidad de Cordoba', 'Village Plaza 2C - ', 0.00000, 5, 6, 'PAY-EXPENSE-38', NULL, NULL, NULL, 0.00000, 0.00000, NULL, 0, NULL, 430, '2018-11-01 03:00:02', NULL, 1),
(432, 9, 2, 4, 13, 'Rentas', 'Village Plaza 2C - ', 0.00000, 40, 5, 'GET-EXPENSE-39', NULL, NULL, NULL, 0.00000, 0.00000, NULL, 0, NULL, 433, '2018-11-01 03:00:02', '2019-01-09 19:34:34', 1),
(433, NULL, 2, 4, 13, 'Rentas', 'Village Plaza 2C - ', 0.00000, 5, 6, 'PAY-EXPENSE-39', NULL, NULL, NULL, 0.00000, 0.00000, NULL, 0, NULL, 432, '2018-11-01 03:00:02', NULL, 1),
(434, 10, 2, 4, 14, 'Aguas Cordobesas', 'Casa La Finur - ', 0.00000, 19, 5, 'GET-EXPENSE-40', NULL, NULL, NULL, 0.00000, 0.00000, NULL, 0, NULL, 435, '2018-11-01 03:00:02', '2019-01-09 19:37:21', 1),
(435, NULL, 2, 4, 14, 'Aguas Cordobesas', 'Casa La Finur - ', 0.00000, 5, 6, 'PAY-EXPENSE-40', NULL, NULL, NULL, 0.00000, 0.00000, NULL, 0, NULL, 434, '2018-11-01 03:00:02', NULL, 1),
(436, 10, 2, 4, 14, 'Municipalidad de Cordoba', 'Casa La Finur - ', 0.00000, 19, 5, 'GET-EXPENSE-41', NULL, NULL, NULL, 0.00000, 0.00000, NULL, 0, NULL, 437, '2018-11-01 03:00:02', '2019-01-09 19:37:21', 1),
(437, NULL, 2, 4, 14, 'Municipalidad de Cordoba', 'Casa La Finur - ', 0.00000, 5, 6, 'PAY-EXPENSE-41', NULL, NULL, NULL, 0.00000, 0.00000, NULL, 0, NULL, 436, '2018-11-01 03:00:02', NULL, 1),
(438, 10, 2, 4, 14, 'Rentas', 'Casa La Finur - ', 0.00000, 19, 5, 'GET-EXPENSE-42', NULL, NULL, NULL, 0.00000, 0.00000, NULL, 0, NULL, 439, '2018-11-01 03:00:03', '2019-01-09 19:37:21', 1),
(439, NULL, 2, 4, 14, 'Rentas', 'Casa La Finur - ', 0.00000, 5, 6, 'PAY-EXPENSE-42', NULL, NULL, NULL, 0.00000, 0.00000, NULL, 0, NULL, 438, '2018-11-01 03:00:03', NULL, 1),
(440, 22, 2, 4, 15, 'Aguas Cordobesas', 'Local Rafael Nuñez - ', 0.00000, 21, 5, 'GET-EXPENSE-43', NULL, NULL, NULL, 0.00000, 0.00000, NULL, 0, NULL, 441, '2018-11-01 03:00:03', '2019-01-15 20:14:14', 1),
(441, NULL, 2, 4, 15, 'Aguas Cordobesas', 'Local Rafael Nuñez - ', 0.00000, 5, 6, 'PAY-EXPENSE-43', NULL, NULL, NULL, 0.00000, 0.00000, NULL, 0, NULL, 440, '2018-11-01 03:00:03', NULL, 1),
(442, 22, 2, 4, 15, 'Municipalidad de Cordoba', 'Local Rafael Nuñez - ', 0.00000, 21, 5, 'GET-EXPENSE-44', NULL, NULL, NULL, 0.00000, 0.00000, NULL, 0, NULL, 443, '2018-11-01 03:00:03', '2019-01-15 20:14:14', 1),
(443, NULL, 2, 4, 15, 'Municipalidad de Cordoba', 'Local Rafael Nuñez - ', 0.00000, 5, 6, 'PAY-EXPENSE-44', NULL, NULL, NULL, 0.00000, 0.00000, NULL, 0, NULL, 442, '2018-11-01 03:00:03', NULL, 1),
(444, 22, 2, 4, 15, 'Rentas', 'Local Rafael Nuñez - ', 0.00000, 21, 5, 'GET-EXPENSE-45', NULL, NULL, NULL, 0.00000, 0.00000, NULL, 0, NULL, 445, '2018-11-01 03:00:03', '2019-01-15 20:14:14', 1),
(445, NULL, 2, 4, 15, 'Rentas', 'Local Rafael Nuñez - ', 0.00000, 5, 6, 'PAY-EXPENSE-45', NULL, NULL, NULL, 0.00000, 0.00000, NULL, 0, NULL, 444, '2018-11-01 03:00:03', NULL, 1),
(446, 28, 2, 4, 16, 'Aguas Cordobesas', 'Manantiales - ', 0.00000, 20, 5, 'GET-EXPENSE-46', NULL, NULL, NULL, 0.00000, 0.00000, NULL, 0, NULL, 447, '2018-11-01 03:00:03', '2019-01-16 14:52:08', 1),
(447, NULL, 2, 4, 16, 'Aguas Cordobesas', 'Manantiales - ', 0.00000, 5, 6, 'PAY-EXPENSE-46', NULL, NULL, NULL, 0.00000, 0.00000, NULL, 0, NULL, 446, '2018-11-01 03:00:03', NULL, 1),
(448, 28, 2, 4, 16, 'Municipalidad de Cordoba', 'Manantiales - ', 0.00000, 20, 5, 'GET-EXPENSE-47', NULL, NULL, NULL, 0.00000, 0.00000, NULL, 0, NULL, 449, '2018-11-01 03:00:03', '2019-01-16 14:52:08', 1),
(449, NULL, 2, 4, 16, 'Municipalidad de Cordoba', 'Manantiales - ', 0.00000, 5, 6, 'PAY-EXPENSE-47', NULL, NULL, NULL, 0.00000, 0.00000, NULL, 0, NULL, 448, '2018-11-01 03:00:03', NULL, 1),
(450, 28, 2, 4, 16, 'Rentas', 'Manantiales - ', 0.00000, 20, 5, 'GET-EXPENSE-48', NULL, NULL, NULL, 0.00000, 0.00000, NULL, 0, NULL, 451, '2018-11-01 03:00:03', '2019-01-16 14:52:08', 1),
(451, NULL, 2, 4, 16, 'Rentas', 'Manantiales - ', 0.00000, 5, 6, 'PAY-EXPENSE-48', NULL, NULL, NULL, 0.00000, 0.00000, NULL, 0, NULL, 450, '2018-11-01 03:00:03', NULL, 1),
(452, NULL, 2, 4, 18, 'Aguas Cordobesas', 'Torre Carmela 1C - ', 0.00000, 22, 5, 'GET-EXPENSE-52', NULL, NULL, NULL, 0.00000, 0.00000, NULL, 0, NULL, 453, '2018-11-01 03:00:03', '2018-11-01 03:00:03', 1),
(453, NULL, 2, 4, 18, 'Aguas Cordobesas', 'Torre Carmela 1C - ', 0.00000, 5, 6, 'PAY-EXPENSE-52', NULL, NULL, NULL, 0.00000, 0.00000, NULL, 0, NULL, 452, '2018-11-01 03:00:03', NULL, 1),
(454, NULL, 2, 4, 18, 'Municipalidad de Cordoba', 'Torre Carmela 1C - 41202303000003', 0.00000, 22, 5, 'GET-EXPENSE-53', NULL, NULL, NULL, 0.00000, 0.00000, NULL, 0, NULL, 455, '2018-11-01 03:00:03', '2018-11-01 03:00:03', 1),
(455, NULL, 2, 4, 18, 'Municipalidad de Cordoba', 'Torre Carmela 1C - 41202303000003', 0.00000, 5, 6, 'PAY-EXPENSE-53', NULL, NULL, NULL, 0.00000, 0.00000, NULL, 0, NULL, 454, '2018-11-01 03:00:03', NULL, 1),
(456, NULL, 2, 4, 18, 'Rentas', 'Torre Carmela 1C - ', 0.00000, 22, 5, 'GET-EXPENSE-54', NULL, NULL, NULL, 0.00000, 0.00000, NULL, 0, NULL, 457, '2018-11-01 03:00:03', '2018-11-01 03:00:03', 1),
(457, NULL, 2, 4, 18, 'Rentas', 'Torre Carmela 1C - ', 0.00000, 5, 6, 'PAY-EXPENSE-54', NULL, NULL, NULL, 0.00000, 0.00000, NULL, 0, NULL, 456, '2018-11-01 03:00:03', NULL, 1),
(458, NULL, 2, 4, 19, 'Aguas Cordobesas', 'Chile 349 Consultorio - ', 0.00000, 23, 5, 'GET-EXPENSE-55', NULL, NULL, NULL, 0.00000, 0.00000, NULL, 0, NULL, 459, '2018-11-01 03:00:03', '2018-11-01 03:00:03', 1),
(459, NULL, 2, 4, 19, 'Aguas Cordobesas', 'Chile 349 Consultorio - ', 0.00000, 5, 6, 'PAY-EXPENSE-55', NULL, NULL, NULL, 0.00000, 0.00000, NULL, 0, NULL, 458, '2018-11-01 03:00:03', NULL, 1),
(460, NULL, 2, 4, 19, 'Municipalidad de Cordoba', 'Chile 349 Consultorio - ', 0.00000, 23, 5, 'GET-EXPENSE-56', NULL, NULL, NULL, 0.00000, 0.00000, NULL, 0, NULL, 461, '2018-11-01 03:00:03', '2018-11-01 03:00:03', 1),
(461, NULL, 2, 4, 19, 'Municipalidad de Cordoba', 'Chile 349 Consultorio - ', 0.00000, 5, 6, 'PAY-EXPENSE-56', NULL, NULL, NULL, 0.00000, 0.00000, NULL, 0, NULL, 460, '2018-11-01 03:00:03', NULL, 1),
(462, NULL, 2, 4, 19, 'Rentas', 'Chile 349 Consultorio - ', 0.00000, 23, 5, 'GET-EXPENSE-57', NULL, NULL, NULL, 0.00000, 0.00000, NULL, 0, NULL, 463, '2018-11-01 03:00:03', '2018-11-01 03:00:03', 1),
(463, NULL, 2, 4, 19, 'Rentas', 'Chile 349 Consultorio - ', 0.00000, 5, 6, 'PAY-EXPENSE-57', NULL, NULL, NULL, 0.00000, 0.00000, NULL, 0, NULL, 462, '2018-11-01 03:00:03', NULL, 1),
(464, 6, 2, 4, 20, 'Aguas Cordobesas', 'Thays - ', 0.00000, 24, 5, 'GET-EXPENSE-58', NULL, NULL, NULL, 0.00000, 0.00000, NULL, 0, NULL, 465, '2018-11-01 03:00:03', '2019-01-09 19:10:02', 1),
(465, NULL, 2, 4, 20, 'Aguas Cordobesas', 'Thays - ', 0.00000, 5, 6, 'PAY-EXPENSE-58', NULL, NULL, NULL, 0.00000, 0.00000, NULL, 0, NULL, 464, '2018-11-01 03:00:03', NULL, 1),
(466, 6, 2, 4, 20, 'Municipalidad de Cordoba', 'Thays - ', 0.00000, 24, 5, 'GET-EXPENSE-59', NULL, NULL, NULL, 0.00000, 0.00000, NULL, 0, NULL, 467, '2018-11-01 03:00:03', '2019-01-09 19:10:02', 1),
(467, NULL, 2, 4, 20, 'Municipalidad de Cordoba', 'Thays - ', 0.00000, 5, 6, 'PAY-EXPENSE-59', NULL, NULL, NULL, 0.00000, 0.00000, NULL, 0, NULL, 466, '2018-11-01 03:00:03', NULL, 1),
(468, 6, 2, 4, 20, 'Rentas', 'Thays - ', 0.00000, 24, 5, 'GET-EXPENSE-60', NULL, NULL, NULL, 0.00000, 0.00000, NULL, 0, NULL, 469, '2018-11-01 03:00:03', '2019-01-09 19:10:02', 1),
(469, NULL, 2, 4, 20, 'Rentas', 'Thays - ', 0.00000, 5, 6, 'PAY-EXPENSE-60', NULL, NULL, NULL, 0.00000, 0.00000, NULL, 0, NULL, 468, '2018-11-01 03:00:03', NULL, 1),
(470, NULL, 2, 4, 21, 'Aguas Cordobesas', 'Pje. España 1 A - ', 0.00000, 25, 5, 'GET-EXPENSE-61', NULL, NULL, NULL, 0.00000, 0.00000, NULL, 0, NULL, 471, '2018-11-01 03:00:03', '2018-11-01 03:00:03', 1),
(471, NULL, 2, 4, 21, 'Aguas Cordobesas', 'Pje. España 1 A - ', 0.00000, 5, 6, 'PAY-EXPENSE-61', NULL, NULL, NULL, 0.00000, 0.00000, NULL, 0, NULL, 470, '2018-11-01 03:00:03', NULL, 1),
(472, NULL, 2, 4, 21, 'Municipalidad de Cordoba', 'Pje. España 1 A - ', 0.00000, 25, 5, 'GET-EXPENSE-62', NULL, NULL, NULL, 0.00000, 0.00000, NULL, 0, NULL, 473, '2018-11-01 03:00:03', '2018-11-01 03:00:03', 1),
(473, NULL, 2, 4, 21, 'Municipalidad de Cordoba', 'Pje. España 1 A - ', 0.00000, 5, 6, 'PAY-EXPENSE-62', NULL, NULL, NULL, 0.00000, 0.00000, NULL, 0, NULL, 472, '2018-11-01 03:00:03', NULL, 1),
(474, NULL, 2, 4, 21, 'Rentas', 'Pje. España 1 A - ', 0.00000, 25, 5, 'GET-EXPENSE-63', NULL, NULL, NULL, 0.00000, 0.00000, NULL, 0, NULL, 475, '2018-11-01 03:00:03', '2018-11-01 03:00:03', 1),
(475, NULL, 2, 4, 21, 'Rentas', 'Pje. España 1 A - ', 0.00000, 5, 6, 'PAY-EXPENSE-63', NULL, NULL, NULL, 0.00000, 0.00000, NULL, 0, NULL, 474, '2018-11-01 03:00:03', NULL, 1),
(476, NULL, 2, 4, 22, 'Aguas Cordobesas', 'Pje. España 2 A - ', 0.00000, 26, 5, 'GET-EXPENSE-64', NULL, NULL, NULL, 0.00000, 0.00000, NULL, 0, NULL, 477, '2018-11-01 03:00:03', '2019-01-09 19:04:53', 0),
(477, NULL, 2, 4, 22, 'Aguas Cordobesas', 'Pje. España 2 A - ', 0.00000, 5, 6, 'PAY-EXPENSE-64', NULL, NULL, NULL, 0.00000, 0.00000, NULL, 0, NULL, 476, '2018-11-01 03:00:03', NULL, 1),
(478, NULL, 2, 4, 22, 'Municipalidad de Cordoba', 'Pje. España 2 A - ', 0.00000, 26, 5, 'GET-EXPENSE-65', NULL, NULL, NULL, 0.00000, 0.00000, NULL, 0, NULL, 479, '2018-11-01 03:00:03', '2019-01-09 19:04:55', 0),
(479, NULL, 2, 4, 22, 'Municipalidad de Cordoba', 'Pje. España 2 A - ', 0.00000, 5, 6, 'PAY-EXPENSE-65', NULL, NULL, NULL, 0.00000, 0.00000, NULL, 0, NULL, 478, '2018-11-01 03:00:03', NULL, 1),
(480, NULL, 2, 4, 22, 'Rentas', 'Pje. España 2 A - ', 0.00000, 26, 5, 'GET-EXPENSE-66', NULL, NULL, NULL, 0.00000, 0.00000, NULL, 0, NULL, 481, '2018-11-01 03:00:03', '2019-01-09 19:04:54', 0),
(481, NULL, 2, 4, 22, 'Rentas', 'Pje. España 2 A - ', 0.00000, 5, 6, 'PAY-EXPENSE-66', NULL, NULL, NULL, 0.00000, 0.00000, NULL, 0, NULL, 480, '2018-11-01 03:00:03', NULL, 1),
(482, NULL, 2, 4, 25, 'Aguas Cordobesas', 'Duplex Azpeitia - ', 0.00000, 27, 5, 'GET-EXPENSE-73', NULL, NULL, NULL, 0.00000, 0.00000, NULL, 0, NULL, 483, '2018-11-01 03:00:03', '2018-11-01 03:00:03', 1),
(483, NULL, 2, 4, 25, 'Aguas Cordobesas', 'Duplex Azpeitia - ', 0.00000, 5, 6, 'PAY-EXPENSE-73', NULL, NULL, NULL, 0.00000, 0.00000, NULL, 0, NULL, 482, '2018-11-01 03:00:03', NULL, 1),
(484, NULL, 2, 4, 25, 'Municipalidad de Cordoba', 'Duplex Azpeitia - ', 0.00000, 27, 5, 'GET-EXPENSE-74', NULL, NULL, NULL, 0.00000, 0.00000, NULL, 0, NULL, 485, '2018-11-01 03:00:03', '2018-11-01 03:00:03', 1),
(485, NULL, 2, 4, 25, 'Municipalidad de Cordoba', 'Duplex Azpeitia - ', 0.00000, 5, 6, 'PAY-EXPENSE-74', NULL, NULL, NULL, 0.00000, 0.00000, NULL, 0, NULL, 484, '2018-11-01 03:00:03', NULL, 1),
(486, NULL, 2, 4, 25, 'Rentas', 'Duplex Azpeitia - ', 0.00000, 27, 5, 'GET-EXPENSE-75', NULL, NULL, NULL, 0.00000, 0.00000, NULL, 0, NULL, 487, '2018-11-01 03:00:03', '2018-11-01 03:00:03', 1),
(487, NULL, 2, 4, 25, 'Rentas', 'Duplex Azpeitia - ', 0.00000, 5, 6, 'PAY-EXPENSE-75', NULL, NULL, NULL, 0.00000, 0.00000, NULL, 0, NULL, 486, '2018-11-01 03:00:03', NULL, 1),
(488, NULL, 2, 4, 26, 'Aguas Cordobesas', 'Local Independencia 1091 - ', 0.00000, 28, 5, 'GET-EXPENSE-76', NULL, NULL, NULL, 0.00000, 0.00000, NULL, 0, NULL, 489, '2018-11-01 03:00:03', '2018-11-01 03:00:03', 1),
(489, NULL, 2, 4, 26, 'Aguas Cordobesas', 'Local Independencia 1091 - ', 0.00000, 5, 6, 'PAY-EXPENSE-76', NULL, NULL, NULL, 0.00000, 0.00000, NULL, 0, NULL, 488, '2018-11-01 03:00:03', NULL, 1),
(490, NULL, 2, 4, 26, 'Municipalidad de Cordoba', 'Local Independencia 1091 - ', 0.00000, 28, 5, 'GET-EXPENSE-77', NULL, NULL, NULL, 0.00000, 0.00000, NULL, 0, NULL, 491, '2018-11-01 03:00:03', '2018-11-01 03:00:03', 1),
(491, NULL, 2, 4, 26, 'Municipalidad de Cordoba', 'Local Independencia 1091 - ', 0.00000, 5, 6, 'PAY-EXPENSE-77', NULL, NULL, NULL, 0.00000, 0.00000, NULL, 0, NULL, 490, '2018-11-01 03:00:03', NULL, 1);
INSERT INTO `receipt_details` (`id_receipt_detail`, `id_receipt`, `id_expense_type`, `id_period`, `id_property`, `detail_description`, `detail_info`, `detail_ammount`, `id_issuing_account`, `id_receiving_account`, `detail_concept`, `detail_observations`, `detail_expire_date`, `detail_interest_since`, `detail_interest_rate`, `detail_original_ammount`, `detail_attachments`, `detail_custom`, `detail_id_user_modifier`, `detail_id_detail_sibling`, `creation_date`, `modification_date`, `_checked`) VALUES
(492, NULL, 2, 4, 26, 'Rentas', 'Local Independencia 1091 - ', 0.00000, 28, 5, 'GET-EXPENSE-78', NULL, NULL, NULL, 0.00000, 0.00000, NULL, 0, NULL, 493, '2018-11-01 03:00:03', '2018-11-01 03:00:03', 1),
(493, NULL, 2, 4, 26, 'Rentas', 'Local Independencia 1091 - ', 0.00000, 5, 6, 'PAY-EXPENSE-78', NULL, NULL, NULL, 0.00000, 0.00000, NULL, 0, NULL, 492, '2018-11-01 03:00:03', NULL, 1),
(494, 30, 2, 4, 28, 'Aguas Cordobesas', 'Triplex Salguero - ', 0.00000, 29, 5, 'GET-EXPENSE-82', NULL, NULL, NULL, 0.00000, 0.00000, NULL, 0, NULL, 495, '2018-11-01 03:00:03', '2019-01-18 13:46:11', 1),
(495, NULL, 2, 4, 28, 'Aguas Cordobesas', 'Triplex Salguero - ', 0.00000, 5, 6, 'PAY-EXPENSE-82', NULL, NULL, NULL, 0.00000, 0.00000, NULL, 0, NULL, 494, '2018-11-01 03:00:03', NULL, 1),
(496, 30, 2, 4, 28, 'Municipalidad de Cordoba', 'Triplex Salguero - ', 0.00000, 29, 5, 'GET-EXPENSE-83', NULL, NULL, NULL, 0.00000, 0.00000, NULL, 0, NULL, 497, '2018-11-01 03:00:03', '2019-01-18 13:46:11', 1),
(497, NULL, 2, 4, 28, 'Municipalidad de Cordoba', 'Triplex Salguero - ', 0.00000, 5, 6, 'PAY-EXPENSE-83', NULL, NULL, NULL, 0.00000, 0.00000, NULL, 0, NULL, 496, '2018-11-01 03:00:03', NULL, 1),
(498, 30, 2, 4, 28, 'Rentas', 'Triplex Salguero - ', 0.00000, 29, 5, 'GET-EXPENSE-84', NULL, NULL, NULL, 0.00000, 0.00000, NULL, 0, NULL, 499, '2018-11-01 03:00:03', '2019-01-18 13:46:11', 1),
(499, NULL, 2, 4, 28, 'Rentas', 'Triplex Salguero - ', 0.00000, 5, 6, 'PAY-EXPENSE-84', NULL, NULL, NULL, 0.00000, 0.00000, NULL, 0, NULL, 498, '2018-11-01 03:00:03', NULL, 1),
(500, NULL, 2, 4, 30, 'Aguas Cordobesas', 'San Lorenzo Mono - ', 0.00000, 30, 5, 'GET-EXPENSE-88', NULL, NULL, NULL, 0.00000, 0.00000, NULL, 0, NULL, 501, '2018-11-01 03:00:03', '2018-11-01 03:00:03', 1),
(501, NULL, 2, 4, 30, 'Aguas Cordobesas', 'San Lorenzo Mono - ', 0.00000, 5, 6, 'PAY-EXPENSE-88', NULL, NULL, NULL, 0.00000, 0.00000, NULL, 0, NULL, 500, '2018-11-01 03:00:03', NULL, 1),
(502, NULL, 2, 4, 30, 'Municipalidad de Cordoba', 'San Lorenzo Mono - ', 0.00000, 30, 5, 'GET-EXPENSE-89', NULL, NULL, NULL, 0.00000, 0.00000, NULL, 0, NULL, 503, '2018-11-01 03:00:03', '2018-11-01 03:00:03', 1),
(503, NULL, 2, 4, 30, 'Municipalidad de Cordoba', 'San Lorenzo Mono - ', 0.00000, 5, 6, 'PAY-EXPENSE-89', NULL, NULL, NULL, 0.00000, 0.00000, NULL, 0, NULL, 502, '2018-11-01 03:00:03', NULL, 1),
(504, NULL, 2, 4, 30, 'Rentas', 'San Lorenzo Mono - ', 0.00000, 30, 5, 'GET-EXPENSE-90', NULL, NULL, NULL, 0.00000, 0.00000, NULL, 0, NULL, 505, '2018-11-01 03:00:03', '2018-11-01 03:00:03', 1),
(505, NULL, 2, 4, 30, 'Rentas', 'San Lorenzo Mono - ', 0.00000, 5, 6, 'PAY-EXPENSE-90', NULL, NULL, NULL, 0.00000, 0.00000, NULL, 0, NULL, 504, '2018-11-01 03:00:03', NULL, 1),
(506, NULL, 2, 4, 31, 'Aguas Cordobesas', 'Amb. Olmos 1028 3D - ', 0.00000, 31, 5, 'GET-EXPENSE-91', NULL, NULL, NULL, 0.00000, 0.00000, NULL, 0, NULL, 507, '2018-11-01 03:00:03', '2018-11-01 03:00:03', 1),
(507, NULL, 2, 4, 31, 'Aguas Cordobesas', 'Amb. Olmos 1028 3D - ', 0.00000, 5, 6, 'PAY-EXPENSE-91', NULL, NULL, NULL, 0.00000, 0.00000, NULL, 0, NULL, 506, '2018-11-01 03:00:03', NULL, 1),
(508, NULL, 2, 4, 31, 'Municipalidad de Cordoba', 'Amb. Olmos 1028 3D - ', 0.00000, 31, 5, 'GET-EXPENSE-92', NULL, NULL, NULL, 0.00000, 0.00000, NULL, 0, NULL, 509, '2018-11-01 03:00:03', '2018-11-01 03:00:03', 1),
(509, NULL, 2, 4, 31, 'Municipalidad de Cordoba', 'Amb. Olmos 1028 3D - ', 0.00000, 5, 6, 'PAY-EXPENSE-92', NULL, NULL, NULL, 0.00000, 0.00000, NULL, 0, NULL, 508, '2018-11-01 03:00:03', NULL, 1),
(510, NULL, 2, 4, 31, 'Rentas', 'Amb. Olmos 1028 3D - ', 0.00000, 31, 5, 'GET-EXPENSE-93', NULL, NULL, NULL, 0.00000, 0.00000, NULL, 0, NULL, 511, '2018-11-01 03:00:03', '2018-11-01 03:00:03', 1),
(511, NULL, 2, 4, 31, 'Rentas', 'Amb. Olmos 1028 3D - ', 0.00000, 5, 6, 'PAY-EXPENSE-93', NULL, NULL, NULL, 0.00000, 0.00000, NULL, 0, NULL, 510, '2018-11-01 03:00:03', NULL, 1),
(512, NULL, 2, 4, 32, 'Aguas Cordobesas', 'Mono Independencia 804 6D - ', 0.00000, 32, 5, 'GET-EXPENSE-94', NULL, NULL, NULL, 0.00000, 0.00000, NULL, 0, NULL, 513, '2018-11-01 03:00:03', '2018-11-01 03:00:03', 1),
(513, NULL, 2, 4, 32, 'Aguas Cordobesas', 'Mono Independencia 804 6D - ', 0.00000, 5, 6, 'PAY-EXPENSE-94', NULL, NULL, NULL, 0.00000, 0.00000, NULL, 0, NULL, 512, '2018-11-01 03:00:03', NULL, 1),
(514, NULL, 2, 4, 32, 'Municipalidad de Cordoba', 'Mono Independencia 804 6D - ', 0.00000, 32, 5, 'GET-EXPENSE-95', NULL, NULL, NULL, 0.00000, 0.00000, NULL, 0, NULL, 515, '2018-11-01 03:00:03', '2018-11-01 03:00:03', 1),
(515, NULL, 2, 4, 32, 'Municipalidad de Cordoba', 'Mono Independencia 804 6D - ', 0.00000, 5, 6, 'PAY-EXPENSE-95', NULL, NULL, NULL, 0.00000, 0.00000, NULL, 0, NULL, 514, '2018-11-01 03:00:03', NULL, 1),
(516, NULL, 2, 4, 32, 'Rentas', 'Mono Independencia 804 6D - ', 0.00000, 32, 5, 'GET-EXPENSE-96', NULL, NULL, NULL, 0.00000, 0.00000, NULL, 0, NULL, 517, '2018-11-01 03:00:03', '2018-11-01 03:00:03', 1),
(517, NULL, 2, 4, 32, 'Rentas', 'Mono Independencia 804 6D - ', 0.00000, 5, 6, 'PAY-EXPENSE-96', NULL, NULL, NULL, 0.00000, 0.00000, NULL, 0, NULL, 516, '2018-11-01 03:00:03', NULL, 1),
(518, NULL, 2, 4, 34, 'Aguas Cordobesas', 'Obispo Oro 451 - ', 0.00000, 33, 5, 'GET-EXPENSE-100', NULL, NULL, NULL, 0.00000, 0.00000, NULL, 0, NULL, 519, '2018-11-01 03:00:03', '2018-11-01 03:00:03', 1),
(519, NULL, 2, 4, 34, 'Aguas Cordobesas', 'Obispo Oro 451 - ', 0.00000, 5, 6, 'PAY-EXPENSE-100', NULL, NULL, NULL, 0.00000, 0.00000, NULL, 0, NULL, 518, '2018-11-01 03:00:03', NULL, 1),
(520, NULL, 2, 4, 34, 'Municipalidad de Cordoba', 'Obispo Oro 451 - ', 0.00000, 33, 5, 'GET-EXPENSE-101', NULL, NULL, NULL, 0.00000, 0.00000, NULL, 0, NULL, 521, '2018-11-01 03:00:03', '2018-11-01 03:00:03', 1),
(521, NULL, 2, 4, 34, 'Municipalidad de Cordoba', 'Obispo Oro 451 - ', 0.00000, 5, 6, 'PAY-EXPENSE-101', NULL, NULL, NULL, 0.00000, 0.00000, NULL, 0, NULL, 520, '2018-11-01 03:00:03', NULL, 1),
(522, NULL, 2, 4, 34, 'Rentas', 'Obispo Oro 451 - ', 0.00000, 33, 5, 'GET-EXPENSE-102', NULL, NULL, NULL, 0.00000, 0.00000, NULL, 0, NULL, 523, '2018-11-01 03:00:03', '2018-11-01 03:00:03', 1),
(523, NULL, 2, 4, 34, 'Rentas', 'Obispo Oro 451 - ', 0.00000, 5, 6, 'PAY-EXPENSE-102', NULL, NULL, NULL, 0.00000, 0.00000, NULL, 0, NULL, 522, '2018-11-01 03:00:03', NULL, 1),
(524, NULL, 2, 4, 36, 'Aguas Cordobesas', 'San Lorenzo 2 Dorm - ', 0.00000, 34, 5, 'GET-EXPENSE-106', NULL, NULL, NULL, 0.00000, 0.00000, NULL, 0, NULL, 525, '2018-11-01 03:00:03', '2018-11-01 03:00:03', 1),
(525, NULL, 2, 4, 36, 'Aguas Cordobesas', 'San Lorenzo 2 Dorm - ', 0.00000, 5, 6, 'PAY-EXPENSE-106', NULL, NULL, NULL, 0.00000, 0.00000, NULL, 0, NULL, 524, '2018-11-01 03:00:03', NULL, 1),
(526, NULL, 2, 4, 36, 'Municipalidad de Cordoba', 'San Lorenzo 2 Dorm - ', 0.00000, 34, 5, 'GET-EXPENSE-107', NULL, NULL, NULL, 0.00000, 0.00000, NULL, 0, NULL, 527, '2018-11-01 03:00:03', '2018-11-01 03:00:03', 1),
(527, NULL, 2, 4, 36, 'Municipalidad de Cordoba', 'San Lorenzo 2 Dorm - ', 0.00000, 5, 6, 'PAY-EXPENSE-107', NULL, NULL, NULL, 0.00000, 0.00000, NULL, 0, NULL, 526, '2018-11-01 03:00:03', NULL, 1),
(528, NULL, 2, 4, 36, 'Rentas', 'San Lorenzo 2 Dorm - ', 0.00000, 34, 5, 'GET-EXPENSE-108', NULL, NULL, NULL, 0.00000, 0.00000, NULL, 0, NULL, 529, '2018-11-01 03:00:03', '2018-11-01 03:00:03', 1),
(529, NULL, 2, 4, 36, 'Rentas', 'San Lorenzo 2 Dorm - ', 0.00000, 5, 6, 'PAY-EXPENSE-108', NULL, NULL, NULL, 0.00000, 0.00000, NULL, 0, NULL, 528, '2018-11-01 03:00:03', NULL, 1),
(530, NULL, 2, 4, 37, 'Aguas Cordobesas', 'Dean Funes - ', 0.00000, 35, 5, 'GET-EXPENSE-109', NULL, NULL, NULL, 0.00000, 0.00000, NULL, 0, NULL, 531, '2018-11-01 03:00:03', '2018-11-01 03:00:03', 1),
(531, NULL, 2, 4, 37, 'Aguas Cordobesas', 'Dean Funes - ', 0.00000, 5, 6, 'PAY-EXPENSE-109', NULL, NULL, NULL, 0.00000, 0.00000, NULL, 0, NULL, 530, '2018-11-01 03:00:03', NULL, 1),
(532, NULL, 2, 4, 37, 'Municipalidad de Cordoba', 'Dean Funes - ', 0.00000, 35, 5, 'GET-EXPENSE-110', NULL, NULL, NULL, 0.00000, 0.00000, NULL, 0, NULL, 533, '2018-11-01 03:00:03', '2018-11-01 03:00:03', 1),
(533, NULL, 2, 4, 37, 'Municipalidad de Cordoba', 'Dean Funes - ', 0.00000, 5, 6, 'PAY-EXPENSE-110', NULL, NULL, NULL, 0.00000, 0.00000, NULL, 0, NULL, 532, '2018-11-01 03:00:03', NULL, 1),
(534, NULL, 2, 4, 37, 'Rentas', 'Dean Funes - ', 0.00000, 35, 5, 'GET-EXPENSE-111', NULL, NULL, NULL, 0.00000, 0.00000, NULL, 0, NULL, 535, '2018-11-01 03:00:03', '2018-11-01 03:00:03', 1),
(535, NULL, 2, 4, 37, 'Rentas', 'Dean Funes - ', 0.00000, 5, 6, 'PAY-EXPENSE-111', NULL, NULL, NULL, 0.00000, 0.00000, NULL, 0, NULL, 534, '2018-11-01 03:00:03', NULL, 1),
(536, NULL, 2, 4, 38, 'Aguas Cordobesas', 'Montevideo - ', 0.00000, 36, 5, 'GET-EXPENSE-112', NULL, NULL, NULL, 0.00000, 0.00000, NULL, 0, NULL, 537, '2018-11-01 03:00:03', '2018-11-01 03:00:03', 1),
(537, NULL, 2, 4, 38, 'Aguas Cordobesas', 'Montevideo - ', 0.00000, 5, 6, 'PAY-EXPENSE-112', NULL, NULL, NULL, 0.00000, 0.00000, NULL, 0, NULL, 536, '2018-11-01 03:00:03', NULL, 1),
(538, NULL, 2, 4, 38, 'Municipalidad de Cordoba', 'Montevideo - ', 0.00000, 36, 5, 'GET-EXPENSE-113', NULL, NULL, NULL, 0.00000, 0.00000, NULL, 0, NULL, 539, '2018-11-01 03:00:03', '2018-11-01 03:00:03', 1),
(539, NULL, 2, 4, 38, 'Municipalidad de Cordoba', 'Montevideo - ', 0.00000, 5, 6, 'PAY-EXPENSE-113', NULL, NULL, NULL, 0.00000, 0.00000, NULL, 0, NULL, 538, '2018-11-01 03:00:03', NULL, 1),
(540, NULL, 2, 4, 38, 'Rentas', 'Montevideo - ', 0.00000, 36, 5, 'GET-EXPENSE-114', NULL, NULL, NULL, 0.00000, 0.00000, NULL, 0, NULL, 541, '2018-11-01 03:00:03', '2018-11-01 03:00:03', 1),
(541, NULL, 2, 4, 38, 'Rentas', 'Montevideo - ', 0.00000, 5, 6, 'PAY-EXPENSE-114', NULL, NULL, NULL, 0.00000, 0.00000, NULL, 0, NULL, 540, '2018-11-01 03:00:03', NULL, 1),
(542, NULL, 2, 4, 39, 'Aguas Cordobesas', 'Belgrano 1003 6C - ', 0.00000, 37, 5, 'GET-EXPENSE-115', NULL, NULL, NULL, 0.00000, 0.00000, NULL, 0, NULL, 543, '2018-11-01 03:00:03', '2019-01-09 18:33:12', 0),
(543, NULL, 2, 4, 39, 'Aguas Cordobesas', 'Belgrano 1003 6C - ', 0.00000, 5, 6, 'PAY-EXPENSE-115', NULL, NULL, NULL, 0.00000, 0.00000, NULL, 0, NULL, 542, '2018-11-01 03:00:03', NULL, 1),
(544, NULL, 2, 4, 39, 'Municipalidad de Cordoba', 'Belgrano 1003 6C - ', 0.00000, 37, 5, 'GET-EXPENSE-116', NULL, NULL, NULL, 0.00000, 0.00000, NULL, 0, NULL, 545, '2018-11-01 03:00:03', '2019-01-09 18:33:20', 0),
(545, NULL, 2, 4, 39, 'Municipalidad de Cordoba', 'Belgrano 1003 6C - ', 0.00000, 5, 6, 'PAY-EXPENSE-116', NULL, NULL, NULL, 0.00000, 0.00000, NULL, 0, NULL, 544, '2018-11-01 03:00:03', NULL, 1),
(546, NULL, 2, 4, 39, 'Rentas', 'Belgrano 1003 6C - ', 0.00000, 37, 5, 'GET-EXPENSE-117', NULL, NULL, NULL, 0.00000, 0.00000, NULL, 0, NULL, 547, '2018-11-01 03:00:03', '2019-01-09 18:33:21', 0),
(547, NULL, 2, 4, 39, 'Rentas', 'Belgrano 1003 6C - ', 0.00000, 5, 6, 'PAY-EXPENSE-117', NULL, NULL, NULL, 0.00000, 0.00000, NULL, 0, NULL, 546, '2018-11-01 03:00:03', NULL, 1),
(548, NULL, 2, 4, 40, 'Aguas Cordobesas', 'Carlucci 29 - ', 0.00000, 38, 5, 'GET-EXPENSE-118', NULL, NULL, NULL, 0.00000, 0.00000, NULL, 0, NULL, 549, '2018-11-01 03:00:03', '2018-11-01 03:00:03', 1),
(549, NULL, 2, 4, 40, 'Aguas Cordobesas', 'Carlucci 29 - ', 0.00000, 5, 6, 'PAY-EXPENSE-118', NULL, NULL, NULL, 0.00000, 0.00000, NULL, 0, NULL, 548, '2018-11-01 03:00:03', NULL, 1),
(550, NULL, 2, 4, 40, 'Municipalidad de Cordoba', 'Carlucci 29 - ', 0.00000, 38, 5, 'GET-EXPENSE-119', NULL, NULL, NULL, 0.00000, 0.00000, NULL, 0, NULL, 551, '2018-11-01 03:00:03', '2018-11-01 03:00:03', 1),
(551, NULL, 2, 4, 40, 'Municipalidad de Cordoba', 'Carlucci 29 - ', 0.00000, 5, 6, 'PAY-EXPENSE-119', NULL, NULL, NULL, 0.00000, 0.00000, NULL, 0, NULL, 550, '2018-11-01 03:00:03', NULL, 1),
(552, NULL, 2, 4, 40, 'Rentas', 'Carlucci 29 - ', 0.00000, 38, 5, 'GET-EXPENSE-120', NULL, NULL, NULL, 0.00000, 0.00000, NULL, 0, NULL, 553, '2018-11-01 03:00:03', '2018-11-01 03:00:03', 1),
(553, NULL, 2, 4, 40, 'Rentas', 'Carlucci 29 - ', 0.00000, 5, 6, 'PAY-EXPENSE-120', NULL, NULL, NULL, 0.00000, 0.00000, NULL, 0, NULL, 552, '2018-11-01 03:00:03', NULL, 1),
(554, NULL, 4, 4, 2, 'Intereses por 78 días de atraso.', 'Alquiler 11-2018 ', 490.46400, 7, 2, 'INT-296', NULL, NULL, NULL, 0.00000, 490.46400, NULL, 0, NULL, NULL, '2018-11-11 03:00:03', '2019-01-18 17:20:53', 1),
(555, 24, 4, 4, 1, 'Intereses por 76 días de atraso.', 'Alquiler 11-2018 - Bonificación: $ 8,190.00', 307.80000, 8, 2, 'INT-297', NULL, NULL, NULL, 0.00000, 307.80000, NULL, 0, NULL, NULL, '2018-11-11 03:00:03', '2019-01-16 03:00:03', 1),
(556, 26, 4, 4, 4, 'Intereses por 76 días de atraso.', 'Alquiler 11-2018', 297.65400, 10, 2, 'INT-298', NULL, NULL, NULL, 0.00000, 297.65400, NULL, 0, NULL, NULL, '2018-11-11 03:00:03', '2019-01-16 14:48:53', 1),
(557, 15, 4, 4, 5, 'Intereses por 75 días de atraso.', 'Alquiler 11-2018 - Bonificación: $ 6,460.00', 185.51250, 11, 2, 'INT-299', NULL, NULL, NULL, 0.00000, 185.51250, NULL, 0, NULL, NULL, '2018-11-11 03:00:03', '2019-01-15 17:13:58', 1),
(558, 12, 4, 4, 6, 'Intereses por 74 días de atraso.', 'Alquiler 11-2018 - Bonificación: $ 2,448.00', 280.83000, 12, 2, 'INT-300', NULL, NULL, NULL, 0.00000, 280.83000, NULL, 0, NULL, NULL, '2018-11-11 03:00:03', '2019-01-14 23:48:07', 1),
(559, NULL, 4, 4, 7, 'Intereses por 78 días de atraso.', 'Alquiler 11-2018 ', 487.50000, 13, 2, 'INT-301', NULL, NULL, NULL, 0.00000, 487.50000, NULL, 0, NULL, NULL, '2018-11-11 03:00:03', '2019-01-18 17:20:53', 0),
(560, 17, 4, 4, 8, 'Intereses por 75 días de atraso.', 'Alquiler 11-2018 - Bonificación: $ 5,990.00', 431.25000, 14, 2, 'INT-302', NULL, NULL, NULL, 0.00000, 431.25000, NULL, 0, NULL, NULL, '2018-11-11 03:00:03', '2019-01-15 20:10:38', 1),
(561, 7, 4, 4, 9, 'Intereses por 69 días de atraso.', 'Alquiler 11-2018 - Bonificación: $ 3,820.00', 302.22000, 15, 2, 'INT-303', NULL, NULL, NULL, 0.00000, 302.22000, NULL, 0, NULL, NULL, '2018-11-11 03:00:03', '2019-01-09 19:13:38', 1),
(562, NULL, 4, 4, 10, 'Intereses por 78 días de atraso.', 'Alquiler 11-2018 ', 417.10500, 16, 2, 'INT-304', NULL, NULL, NULL, 0.00000, 417.10500, NULL, 0, NULL, NULL, '2018-11-11 03:00:03', '2019-01-18 17:20:53', 1),
(563, NULL, 4, 4, 11, 'Intereses por 78 días de atraso.', 'Alquiler 11-2018 ', 366.17100, 17, 2, 'INT-305', NULL, NULL, NULL, 0.00000, 366.17100, NULL, 0, NULL, NULL, '2018-11-11 03:00:03', '2019-01-18 17:20:53', 1),
(564, 16, 4, 4, 12, 'Intereses por 75 días de atraso.', 'Alquiler 11-2018', 399.37500, 18, 2, 'INT-306', NULL, NULL, NULL, 0.00000, 399.37500, NULL, 0, NULL, NULL, '2018-11-11 03:00:03', '2019-01-15 17:30:55', 1),
(565, NULL, 4, 4, 14, 'Intereses por 78 días de atraso.', 'Alquiler 11-2018', 919.42500, 19, 2, 'INT-307', NULL, NULL, NULL, 0.00000, 919.42500, NULL, 0, NULL, NULL, '2018-11-11 03:00:04', '2019-01-18 03:00:03', 0),
(566, 28, 4, 4, 16, 'Intereses por 76 días de atraso.', 'Alquiler 11-2018 - Bonificación: $ 2,559.00', 301.53000, 20, 2, 'INT-308', NULL, NULL, NULL, 0.00000, 301.53000, NULL, 0, NULL, NULL, '2018-11-11 03:00:04', '2019-01-16 14:52:08', 1),
(567, NULL, 4, 4, 15, 'Intereses por 75 días de atraso.', 'Alquiler 11-2018 - Bonificación: $ 8,192.00', 303.75000, 21, 2, 'INT-309', NULL, NULL, NULL, 0.00000, 303.75000, NULL, 0, NULL, NULL, '2018-11-11 03:00:04', '2019-01-15 03:00:04', 0),
(568, NULL, 4, 4, 18, 'Intereses por 78 días de atraso.', 'Alquiler 11-2018 ', 291.52500, 22, 2, 'INT-310', NULL, NULL, NULL, 0.00000, 291.52500, NULL, 0, NULL, NULL, '2018-11-11 03:00:04', '2019-01-18 17:20:53', 1),
(569, NULL, 4, 4, 19, 'Intereses por 78 días de atraso.', 'Alquiler 11-2018 ', 502.32000, 23, 2, 'INT-311', NULL, NULL, NULL, 0.00000, 502.32000, NULL, 0, NULL, NULL, '2018-11-11 03:00:04', '2019-01-18 17:20:53', 1),
(570, 6, 4, 4, 20, 'Intereses por 69 días de atraso.', 'Alquiler 11-2018 - Bonificación: $ 13,000.00', 655.50000, 24, 2, 'INT-312', NULL, NULL, NULL, 0.00000, 655.50000, NULL, 0, NULL, NULL, '2018-11-11 03:00:04', '2019-01-09 19:10:02', 1),
(571, NULL, 4, 4, 21, 'Intereses por 78 días de atraso.', 'Alquiler 11-2018 ', 246.67500, 25, 2, 'INT-313', NULL, NULL, NULL, 0.00000, 246.67500, NULL, 0, NULL, NULL, '2018-11-11 03:00:04', '2019-01-18 17:20:53', 1),
(572, NULL, 4, 4, 22, 'Intereses por 78 días de atraso.', 'Alquiler 11-2018', 308.45100, 26, 2, 'INT-314', NULL, NULL, NULL, 0.00000, 308.45100, NULL, 0, NULL, NULL, '2018-11-11 03:00:04', '2019-01-18 03:00:03', 0),
(573, NULL, 4, 4, 25, 'Intereses por 78 días de atraso.', 'Alquiler 11-2018 ', 717.60000, 27, 2, 'INT-315', NULL, NULL, NULL, 0.00000, 717.60000, NULL, 0, NULL, NULL, '2018-11-11 03:00:04', '2019-01-18 17:20:53', 1),
(574, NULL, 4, 4, 26, 'Intereses por 78 días de atraso.', 'Alquiler 11-2018 ', 682.50000, 28, 2, 'INT-316', NULL, NULL, NULL, 0.00000, 682.50000, NULL, 0, NULL, NULL, '2018-11-11 03:00:04', '2019-01-18 17:20:53', 1),
(575, NULL, 4, 4, 28, 'Intereses por 78 días de atraso.', 'Alquiler 11-2018 ', 511.29000, 29, 2, 'INT-317', NULL, NULL, NULL, 0.00000, 511.29000, NULL, 0, NULL, NULL, '2018-11-11 03:00:04', '2019-01-18 17:20:53', 0),
(576, NULL, 4, 4, 30, 'Intereses por 78 días de atraso.', 'Alquiler 11-2018', 261.57300, 30, 2, 'INT-318', NULL, NULL, NULL, 0.00000, 261.57300, NULL, 0, NULL, NULL, '2018-11-11 03:00:04', '2019-01-18 03:00:03', 1),
(577, NULL, 4, 4, 31, 'Intereses por 78 días de atraso.', 'Alquiler 11-2018 ', 257.90700, 31, 2, 'INT-319', NULL, NULL, NULL, 0.00000, 257.90700, NULL, 0, NULL, NULL, '2018-11-11 03:00:04', '2019-01-18 17:20:53', 1),
(578, NULL, 4, 4, 32, 'Intereses por 78 días de atraso.', 'Alquiler 11-2018', 189.81300, 32, 2, 'INT-320', NULL, NULL, NULL, 0.00000, 189.81300, NULL, 0, NULL, NULL, '2018-11-11 03:00:04', '2019-01-18 03:00:03', 1),
(579, NULL, 4, 4, 34, 'Intereses por 78 días de atraso.', 'Alquiler 11-2018', 474.51300, 33, 2, 'INT-321', NULL, NULL, NULL, 0.00000, 474.51300, NULL, 0, NULL, NULL, '2018-11-11 03:00:04', '2019-01-18 03:00:03', 1),
(580, NULL, 4, 4, 36, 'Intereses por 78 días de atraso.', 'Alquiler 11-2018 ', 393.90000, 34, 2, 'INT-322', NULL, NULL, NULL, 0.00000, 393.90000, NULL, 0, NULL, NULL, '2018-11-11 03:00:04', '2019-01-18 17:20:53', 1),
(581, NULL, 4, 4, 37, 'Intereses por 78 días de atraso.', 'Alquiler 11-2018', 193.05000, 35, 2, 'INT-323', NULL, NULL, NULL, 0.00000, 193.05000, NULL, 0, NULL, NULL, '2018-11-11 03:00:04', '2019-01-18 03:00:03', 1),
(582, NULL, 4, 4, 38, 'Intereses por 78 días de atraso.', 'Alquiler 11-2018 ', 253.50000, 36, 2, 'INT-324', NULL, NULL, NULL, 0.00000, 253.50000, NULL, 0, NULL, NULL, '2018-11-11 03:00:04', '2019-01-18 17:20:53', 1),
(583, NULL, 4, 4, 39, 'Intereses por 78 días de atraso.', 'Alquiler 11-2018 ', 281.58000, 37, 2, 'INT-325', NULL, NULL, NULL, 0.00000, 281.58000, NULL, 0, NULL, NULL, '2018-11-11 03:00:04', '2019-01-18 17:20:53', 0),
(584, NULL, 4, 4, 40, 'Intereses por 78 días de atraso.', 'Alquiler 11-2018 ', 438.39900, 38, 2, 'INT-326', NULL, NULL, NULL, 0.00000, 438.39900, NULL, 0, NULL, NULL, '2018-11-11 03:00:04', '2019-01-18 17:20:53', 1),
(585, NULL, 4, 4, 41, 'Intereses por 78 días de atraso.', 'Alquiler 11-2018', 284.70000, 39, 2, 'INT-327', NULL, NULL, NULL, 0.00000, 284.70000, NULL, 0, NULL, NULL, '2018-11-11 03:00:04', '2019-01-18 03:00:03', 1),
(586, NULL, 5, 5, 2, 'Alquiler 12-2018 ', 'Oficina 11 Cerro', 12576.00000, 7, 2, 'GET-RENT-1', NULL, '2018-12-10', '2018-12-01', 0.00050, 12576.00000, NULL, 0, NULL, NULL, '2018-12-01 03:00:02', '2019-01-18 17:08:26', 1),
(587, 24, 5, 5, 1, 'Alquiler 12-2018 ', 'Oficina 12 Cerro', 8100.00000, 8, 2, 'GET-RENT-2', NULL, '2018-12-10', '2018-12-01', 0.00050, 8100.00000, NULL, 0, NULL, NULL, '2018-12-01 03:00:02', '2019-01-18 17:08:26', 1),
(588, 26, 5, 5, 4, 'Alquiler 12-2018', 'Torre Carmela 2C', 7833.00000, 10, 2, 'GET-RENT-4', NULL, '2018-12-10', '2018-12-01', 0.00050, 7833.00000, NULL, 0, NULL, NULL, '2018-12-01 03:00:02', '2019-01-16 14:48:53', 1),
(589, 15, 5, 5, 5, 'Alquiler 12-2018 ', 'Torre Carmela 3B', 4947.00000, 11, 2, 'GET-RENT-5', NULL, '2018-12-10', '2018-12-01', 0.00050, 4947.00000, NULL, 0, NULL, NULL, '2018-12-01 03:00:02', '2019-01-18 17:08:26', 1),
(590, 12, 5, 5, 6, 'Alquiler 12-2018 ', 'Torre Carmela 3C', 7590.00000, 12, 2, 'GET-RENT-6', NULL, '2018-12-10', '2018-12-01', 0.00050, 7590.00000, NULL, 0, NULL, NULL, '2018-12-01 03:00:02', '2019-01-18 17:08:26', 1),
(591, 25, 5, 5, 7, 'Alquiler 12-2018 ', 'Torre Carmela 4B', 12500.00000, 13, 2, 'GET-RENT-7', NULL, '2018-12-10', '2018-12-01', 0.00050, 12500.00000, NULL, 0, NULL, NULL, '2018-12-01 03:00:02', '2019-01-18 17:08:26', 1),
(592, 17, 5, 5, 8, 'Alquiler 12-2018 ', 'Torre Carmela 5A', 11500.00000, 14, 2, 'GET-RENT-8', NULL, '2018-12-10', '2018-12-01', 0.00050, 11500.00000, NULL, 0, NULL, NULL, '2018-12-01 03:00:02', '2019-01-18 17:08:26', 1),
(593, 7, 5, 5, 9, 'Alquiler 12-2018 ', 'Torre Carmela 7A', 11080.00000, 15, 2, 'GET-RENT-9', NULL, '2018-12-10', '2018-12-01', 0.00050, 11080.00000, NULL, 0, NULL, NULL, '2018-12-01 03:00:02', '2019-01-18 17:08:26', 1),
(594, NULL, 5, 5, 10, 'Alquiler 12-2018 ', 'Torre Carmela 7B', 10695.00000, 16, 2, 'GET-RENT-10', NULL, '2018-12-10', '2018-12-01', 0.00050, 10695.00000, NULL, 0, NULL, NULL, '2018-12-01 03:00:02', '2019-01-18 17:08:26', 0),
(595, NULL, 5, 5, 11, 'Alquiler 12-2018 ', 'Torre Carmela 9A', 9389.00000, 17, 2, 'GET-RENT-11', NULL, '2018-12-10', '2018-12-01', 0.00050, 9389.00000, NULL, 0, NULL, NULL, '2018-12-01 03:00:02', '2019-01-18 17:08:26', 1),
(596, NULL, 5, 5, 14, 'Alquiler 12-2018', 'Casa La Finur', 23575.00000, 19, 2, 'GET-RENT-14', NULL, '2018-12-10', '2018-12-01', 0.00050, 23575.00000, NULL, 0, NULL, NULL, '2018-12-01 03:00:02', '2019-01-09 19:36:01', 0),
(597, 28, 5, 5, 16, 'Alquiler 12-2018 ', 'Manantiales', 7935.00000, 20, 2, 'GET-RENT-15', NULL, '2018-12-10', '2018-12-01', 0.00050, 7935.00000, NULL, 0, NULL, NULL, '2018-12-01 03:00:02', '2019-01-18 17:08:26', 1),
(598, 21, 5, 5, 15, 'Alquiler 12-2018 ', 'Local Rafael Nuñez', 8100.00000, 21, 2, 'GET-RENT-16', NULL, '2018-12-10', '2018-12-01', 0.00050, 8100.00000, NULL, 0, NULL, NULL, '2018-12-01 03:00:02', '2019-01-18 17:08:26', 1),
(599, NULL, 5, 5, 18, 'Alquiler 12-2018 ', 'Torre Carmela 1C', 7475.00000, 22, 2, 'GET-RENT-17', NULL, '2018-12-10', '2018-12-01', 0.00050, 7475.00000, NULL, 0, NULL, NULL, '2018-12-01 03:00:02', '2019-01-18 17:08:26', 1),
(600, NULL, 5, 5, 19, 'Alquiler 12-2018 ', 'Chile 349 Consultorio', 12880.00000, 23, 2, 'GET-RENT-18', NULL, '2018-12-10', '2018-12-01', 0.00050, 12880.00000, NULL, 0, NULL, NULL, '2018-12-01 03:00:02', '2019-01-18 17:08:26', 1),
(601, 6, 5, 5, 20, 'Alquiler 12-2018 ', 'Thays', 19000.00000, 24, 2, 'GET-RENT-19', NULL, '2018-12-10', '2018-12-01', 0.00050, 19000.00000, NULL, 0, NULL, NULL, '2018-12-01 03:00:02', '2019-01-18 17:08:26', 1),
(602, NULL, 5, 5, 21, 'Alquiler 12-2018 ', 'Pje. España 1 A', 7273.00000, 25, 2, 'GET-RENT-20', NULL, '2018-12-10', '2018-12-01', 0.00050, 7273.00000, NULL, 0, NULL, NULL, '2018-12-01 03:00:02', '2019-01-18 17:08:26', 1),
(603, NULL, 5, 5, 22, 'Alquiler 12-2018', 'Pje. España 2 A', 7909.00000, 26, 2, 'GET-RENT-21', NULL, '2018-12-10', '2018-12-01', 0.00050, 7909.00000, NULL, 0, NULL, NULL, '2018-12-01 03:00:02', '2019-01-09 19:05:09', 0),
(604, NULL, 5, 5, 25, 'Alquiler 12-2018 ', 'Duplex Azpeitia', 18400.00000, 27, 2, 'GET-RENT-23', NULL, '2018-12-10', '2018-12-01', 0.00050, 18400.00000, NULL, 0, NULL, NULL, '2018-12-01 03:00:02', '2019-01-18 17:08:26', 1),
(605, NULL, 5, 5, 26, 'Alquiler 12-2018 ', 'Local Independencia 1091', 17500.00000, 28, 2, 'GET-RENT-25', NULL, '2018-12-10', '2018-12-01', 0.00050, 17500.00000, NULL, 0, NULL, NULL, '2018-12-01 03:00:02', '2019-01-18 17:08:26', 1),
(606, NULL, 5, 5, 28, 'Alquiler 12-2018 ', 'Triplex Salguero', 13110.00000, 29, 2, 'GET-RENT-26', NULL, '2018-12-10', '2018-12-01', 0.00050, 13110.00000, NULL, 0, NULL, NULL, '2018-12-01 03:00:02', '2019-01-18 17:08:26', 0),
(607, NULL, 5, 5, 30, 'Alquiler 12-2018', 'San Lorenzo Mono', 6707.00000, 30, 2, 'GET-RENT-27', NULL, '2018-12-10', '2018-12-01', 0.00050, 6707.00000, NULL, 0, NULL, NULL, '2018-12-01 03:00:02', NULL, 1),
(608, NULL, 5, 5, 31, 'Alquiler 12-2018 ', 'Amb. Olmos 1028 3D', 6613.00000, 31, 2, 'GET-RENT-28', NULL, '2018-12-10', '2018-12-01', 0.00050, 6613.00000, NULL, 0, NULL, NULL, '2018-12-01 03:00:02', '2019-01-18 17:08:26', 1),
(609, NULL, 5, 5, 32, 'Alquiler 12-2018', 'Mono Independencia 804 6D', 4867.00000, 32, 2, 'GET-RENT-29', NULL, '2018-12-10', '2018-12-01', 0.00050, 4867.00000, NULL, 0, NULL, NULL, '2018-12-01 03:00:02', NULL, 1),
(610, NULL, 5, 5, 34, 'Alquiler 12-2018', 'Obispo Oro 451', 12167.00000, 33, 2, 'GET-RENT-30', NULL, '2018-12-10', '2018-12-01', 0.00050, 12167.00000, NULL, 0, NULL, NULL, '2018-12-01 03:00:02', NULL, 1),
(611, NULL, 5, 5, 36, 'Alquiler 12-2018 ', 'San Lorenzo 2 Dorm', 10100.00000, 34, 2, 'GET-RENT-31', NULL, '2018-12-10', '2018-12-01', 0.00050, 10100.00000, NULL, 0, NULL, NULL, '2018-12-01 03:00:02', '2019-01-18 17:08:26', 1),
(612, NULL, 5, 5, 37, 'Alquiler 12-2018', 'Dean Funes', 4950.00000, 35, 2, 'GET-RENT-32', NULL, '2018-12-10', '2018-12-01', 0.00050, 4950.00000, NULL, 0, NULL, NULL, '2018-12-01 03:00:02', NULL, 1),
(613, NULL, 5, 5, 38, 'Alquiler 12-2018 ', 'Montevideo', 6500.00000, 36, 2, 'GET-RENT-33', NULL, '2018-12-10', '2018-12-01', 0.00050, 6500.00000, NULL, 0, NULL, NULL, '2018-12-01 03:00:02', '2019-01-18 17:08:26', 1),
(614, NULL, 5, 5, 39, 'Alquiler 12-2018 ', 'Belgrano 1003 6C', 7220.00000, 37, 2, 'GET-RENT-34', NULL, '2018-12-10', '2018-12-01', 0.00050, 7220.00000, NULL, 0, NULL, NULL, '2018-12-01 03:00:02', '2019-01-18 17:08:26', 0),
(615, NULL, 5, 5, 40, 'Alquiler 12-2018 ', 'Carlucci 29', 11241.00000, 38, 2, 'GET-RENT-35', NULL, '2018-12-10', '2018-12-01', 0.00050, 11241.00000, NULL, 0, NULL, NULL, '2018-12-01 03:00:02', '2019-01-18 17:08:26', 1),
(616, NULL, 5, 5, 41, 'Alquiler 12-2018', 'M.T. de Alvear 970 2º 11', 7300.00000, 39, 2, 'GET-RENT-36', NULL, '2018-12-10', '2018-12-01', 0.00050, 7300.00000, NULL, 0, NULL, NULL, '2018-12-01 03:00:02', NULL, 1),
(617, 9, 5, 5, 2, 'Liquidación periodo 12-2018 ', 'Oficina 11 Cerro', 12576.00000, 2, 40, 'LIQ-RENT-1', NULL, NULL, NULL, 0.00000, 12576.00000, NULL, 0, NULL, NULL, '2018-12-01 03:00:02', '2019-01-18 17:08:26', 1),
(618, 9, 1, 5, 2, 'Gasto administrativo periodo 12-2018', 'Oficina 11 Cerro', 628.80000, 40, 1, 'LIQ-ADM-RENT-1', NULL, NULL, NULL, 0.00000, 628.80000, NULL, 0, NULL, NULL, '2018-12-01 03:00:02', '2019-01-09 19:34:34', 1),
(619, 9, 5, 5, 1, 'Liquidación periodo 12-2018 ', 'Oficina 12 Cerro', 8100.00000, 2, 40, 'LIQ-RENT-2', NULL, NULL, NULL, 0.00000, 8100.00000, NULL, 0, NULL, NULL, '2018-12-01 03:00:02', '2019-01-18 17:08:26', 1),
(620, 9, 1, 5, 1, 'Gasto administrativo periodo 12-2018', 'Oficina 12 Cerro', 405.00000, 40, 1, 'LIQ-ADM-RENT-2', NULL, NULL, NULL, 0.00000, 405.00000, NULL, 0, NULL, NULL, '2018-12-01 03:00:02', '2019-01-09 19:34:34', 1),
(621, 9, 5, 5, 4, 'Liquidación periodo 12-2018', 'Torre Carmela 2C', 7833.00000, 2, 40, 'LIQ-RENT-4', NULL, NULL, NULL, 0.00000, 7833.00000, NULL, 0, NULL, NULL, '2018-12-01 03:00:02', '2019-01-09 19:34:35', 1),
(622, 9, 1, 5, 4, 'Gasto administrativo periodo 12-2018', 'Torre Carmela 2C', 391.65000, 40, 1, 'LIQ-ADM-RENT-4', NULL, NULL, NULL, 0.00000, 391.65000, NULL, 0, NULL, NULL, '2018-12-01 03:00:02', '2019-01-09 19:34:34', 1),
(623, 9, 5, 5, 5, 'Liquidación periodo 12-2018 ', 'Torre Carmela 3B', 4947.00000, 2, 40, 'LIQ-RENT-5', NULL, NULL, NULL, 0.00000, 4947.00000, NULL, 0, NULL, NULL, '2018-12-01 03:00:02', '2019-01-18 17:08:26', 1),
(624, 9, 1, 5, 5, 'Gasto administrativo periodo 12-2018', 'Torre Carmela 3B', 247.35000, 40, 1, 'LIQ-ADM-RENT-5', NULL, NULL, NULL, 0.00000, 247.35000, NULL, 0, NULL, NULL, '2018-12-01 03:00:02', '2019-01-09 19:34:34', 1),
(625, 9, 5, 5, 6, 'Liquidación periodo 12-2018 ', 'Torre Carmela 3C', 7590.00000, 2, 40, 'LIQ-RENT-6', NULL, NULL, NULL, 0.00000, 7590.00000, NULL, 0, NULL, NULL, '2018-12-01 03:00:02', '2019-01-18 17:08:26', 1),
(626, 9, 1, 5, 6, 'Gasto administrativo periodo 12-2018', 'Torre Carmela 3C', 379.50000, 40, 1, 'LIQ-ADM-RENT-6', NULL, NULL, NULL, 0.00000, 379.50000, NULL, 0, NULL, NULL, '2018-12-01 03:00:02', '2019-01-09 19:34:34', 1),
(627, 9, 5, 5, 7, 'Liquidación periodo 12-2018 ', 'Torre Carmela 4B', 12500.00000, 2, 40, 'LIQ-RENT-7', NULL, NULL, NULL, 0.00000, 12500.00000, NULL, 0, NULL, NULL, '2018-12-01 03:00:02', '2019-01-18 17:08:26', 1),
(628, 9, 1, 5, 7, 'Gasto administrativo periodo 12-2018', 'Torre Carmela 4B', 625.00000, 40, 1, 'LIQ-ADM-RENT-7', NULL, NULL, NULL, 0.00000, 625.00000, NULL, 0, NULL, NULL, '2018-12-01 03:00:02', '2019-01-09 19:34:34', 1),
(629, 9, 5, 5, 8, 'Liquidación periodo 12-2018 ', 'Torre Carmela 5A', 11500.00000, 2, 40, 'LIQ-RENT-8', NULL, NULL, NULL, 0.00000, 11500.00000, NULL, 0, NULL, NULL, '2018-12-01 03:00:02', '2019-01-18 17:08:26', 1),
(630, 9, 1, 5, 8, 'Gasto administrativo periodo 12-2018', 'Torre Carmela 5A', 575.00000, 40, 1, 'LIQ-ADM-RENT-8', NULL, NULL, NULL, 0.00000, 575.00000, NULL, 0, NULL, NULL, '2018-12-01 03:00:02', '2019-01-09 19:34:34', 1),
(631, 9, 5, 5, 9, 'Liquidación periodo 12-2018 ', 'Torre Carmela 7A', 11080.00000, 2, 40, 'LIQ-RENT-9', NULL, NULL, NULL, 0.00000, 11080.00000, NULL, 0, NULL, NULL, '2018-12-01 03:00:02', '2019-01-18 17:08:26', 1),
(632, 9, 1, 5, 9, 'Gasto administrativo periodo 12-2018', 'Torre Carmela 7A', 554.00000, 40, 1, 'LIQ-ADM-RENT-9', NULL, NULL, NULL, 0.00000, 554.00000, NULL, 0, NULL, NULL, '2018-12-01 03:00:02', '2019-01-09 19:34:34', 1),
(633, 9, 5, 5, 10, 'Liquidación periodo 12-2018 ', 'Torre Carmela 7B', 10695.00000, 2, 40, 'LIQ-RENT-10', NULL, NULL, NULL, 0.00000, 10695.00000, NULL, 0, NULL, NULL, '2018-12-01 03:00:02', '2019-01-18 17:08:26', 1),
(634, 9, 1, 5, 10, 'Gasto administrativo periodo 12-2018', 'Torre Carmela 7B', 534.75000, 40, 1, 'LIQ-ADM-RENT-10', NULL, NULL, NULL, 0.00000, 534.75000, NULL, 0, NULL, NULL, '2018-12-01 03:00:02', '2019-01-09 19:34:34', 1),
(635, 9, 5, 5, 11, 'Liquidación periodo 12-2018 ', 'Torre Carmela 9A', 9389.00000, 2, 40, 'LIQ-RENT-11', NULL, NULL, NULL, 0.00000, 9389.00000, NULL, 0, NULL, NULL, '2018-12-01 03:00:02', '2019-01-18 17:08:26', 1),
(636, 9, 1, 5, 11, 'Gasto administrativo periodo 12-2018', 'Torre Carmela 9A', 469.45000, 40, 1, 'LIQ-ADM-RENT-11', NULL, NULL, NULL, 0.00000, 469.45000, NULL, 0, NULL, NULL, '2018-12-01 03:00:02', '2019-01-09 19:34:34', 1),
(637, 9, 5, 5, 14, 'Liquidación periodo 12-2018', 'Casa La Finur', 23575.00000, 2, 40, 'LIQ-RENT-14', NULL, NULL, NULL, 0.00000, 23575.00000, NULL, 0, NULL, NULL, '2018-12-01 03:00:02', '2019-01-09 19:34:35', 1),
(638, 9, 1, 5, 14, 'Gasto administrativo periodo 12-2018', 'Casa La Finur', 1178.75000, 40, 1, 'LIQ-ADM-RENT-14', NULL, NULL, NULL, 0.00000, 1178.75000, NULL, 0, NULL, NULL, '2018-12-01 03:00:02', '2019-01-09 19:34:34', 1),
(639, 9, 5, 5, 16, 'Liquidación periodo 12-2018 ', 'Manantiales', 7935.00000, 2, 40, 'LIQ-RENT-15', NULL, NULL, NULL, 0.00000, 7935.00000, NULL, 0, NULL, NULL, '2018-12-01 03:00:02', '2019-01-18 17:08:26', 1),
(640, 9, 1, 5, 16, 'Gasto administrativo periodo 12-2018', 'Manantiales', 396.75000, 40, 1, 'LIQ-ADM-RENT-15', NULL, NULL, NULL, 0.00000, 396.75000, NULL, 0, NULL, NULL, '2018-12-01 03:00:02', '2019-01-09 19:34:34', 1),
(641, 9, 5, 5, 15, 'Liquidación periodo 12-2018 ', 'Local Rafael Nuñez', 8100.00000, 2, 40, 'LIQ-RENT-16', NULL, NULL, NULL, 0.00000, 8100.00000, NULL, 0, NULL, NULL, '2018-12-01 03:00:02', '2019-01-18 17:08:26', 1),
(642, 9, 1, 5, 15, 'Gasto administrativo periodo 12-2018', 'Local Rafael Nuñez', 405.00000, 40, 1, 'LIQ-ADM-RENT-16', NULL, NULL, NULL, 0.00000, 405.00000, NULL, 0, NULL, NULL, '2018-12-01 03:00:02', '2019-01-09 19:34:34', 1),
(643, NULL, 2, 5, 1, 'Aguas Cordobesas', 'Oficina 12 Cerro - ', 0.00000, 8, 5, 'GET-EXPENSE-1', NULL, NULL, NULL, 0.00000, 0.00000, NULL, 0, NULL, 644, '2018-12-01 03:00:03', '2019-01-09 18:39:39', 0),
(644, NULL, 2, 5, 1, 'Aguas Cordobesas', 'Oficina 12 Cerro - ', 0.00000, 5, 6, 'PAY-EXPENSE-1', NULL, NULL, NULL, 0.00000, 0.00000, NULL, 0, NULL, 643, '2018-12-01 03:00:03', NULL, 1),
(645, NULL, 2, 5, 1, 'Municipalidad de Cordoba', 'Oficina 12 Cerro - ', 0.00000, 8, 5, 'GET-EXPENSE-2', NULL, NULL, NULL, 0.00000, 0.00000, NULL, 0, NULL, 646, '2018-12-01 03:00:03', '2019-01-09 18:39:41', 0),
(646, NULL, 2, 5, 1, 'Municipalidad de Cordoba', 'Oficina 12 Cerro - ', 0.00000, 5, 6, 'PAY-EXPENSE-2', NULL, NULL, NULL, 0.00000, 0.00000, NULL, 0, NULL, 645, '2018-12-01 03:00:03', NULL, 1),
(647, NULL, 2, 5, 1, 'Rentas', 'Oficina 12 Cerro - ', 0.00000, 8, 5, 'GET-EXPENSE-3', NULL, NULL, NULL, 0.00000, 0.00000, NULL, 0, NULL, 648, '2018-12-01 03:00:03', '2019-01-09 18:39:41', 0),
(648, NULL, 2, 5, 1, 'Rentas', 'Oficina 12 Cerro - ', 0.00000, 5, 6, 'PAY-EXPENSE-3', NULL, NULL, NULL, 0.00000, 0.00000, NULL, 0, NULL, 647, '2018-12-01 03:00:03', NULL, 1),
(649, NULL, 2, 5, 2, 'Aguas Cordobesas', 'Oficina 11 Cerro - ', 0.00000, 7, 5, 'GET-EXPENSE-4', NULL, NULL, NULL, 0.00000, 0.00000, NULL, 0, NULL, 650, '2018-12-01 03:00:03', '2018-12-01 03:00:03', 1),
(650, NULL, 2, 5, 2, 'Aguas Cordobesas', 'Oficina 11 Cerro - ', 0.00000, 5, 6, 'PAY-EXPENSE-4', NULL, NULL, NULL, 0.00000, 0.00000, NULL, 0, NULL, 649, '2018-12-01 03:00:03', NULL, 1),
(651, NULL, 2, 5, 2, 'Municipalidad de Cordoba', 'Oficina 11 Cerro - ', 0.00000, 7, 5, 'GET-EXPENSE-5', NULL, NULL, NULL, 0.00000, 0.00000, NULL, 0, NULL, 652, '2018-12-01 03:00:03', '2018-12-01 03:00:03', 1),
(652, NULL, 2, 5, 2, 'Municipalidad de Cordoba', 'Oficina 11 Cerro - ', 0.00000, 5, 6, 'PAY-EXPENSE-5', NULL, NULL, NULL, 0.00000, 0.00000, NULL, 0, NULL, 651, '2018-12-01 03:00:03', NULL, 1),
(653, NULL, 2, 5, 2, 'Rentas', 'Oficina 11 Cerro - ', 0.00000, 7, 5, 'GET-EXPENSE-6', NULL, NULL, NULL, 0.00000, 0.00000, NULL, 0, NULL, 654, '2018-12-01 03:00:03', '2018-12-01 03:00:03', 1),
(654, NULL, 2, 5, 2, 'Rentas', 'Oficina 11 Cerro - ', 0.00000, 5, 6, 'PAY-EXPENSE-6', NULL, NULL, NULL, 0.00000, 0.00000, NULL, 0, NULL, 653, '2018-12-01 03:00:03', NULL, 1),
(655, 9, 2, 5, 3, 'Aguas Cordobesas', 'Gomeria Caraffa - ', 0.00000, 40, 5, 'GET-EXPENSE-7', NULL, NULL, NULL, 0.00000, 0.00000, NULL, 0, NULL, 656, '2018-12-01 03:00:03', '2019-01-09 19:34:34', 1),
(656, NULL, 2, 5, 3, 'Aguas Cordobesas', 'Gomeria Caraffa - ', 0.00000, 5, 6, 'PAY-EXPENSE-7', NULL, NULL, NULL, 0.00000, 0.00000, NULL, 0, NULL, 655, '2018-12-01 03:00:03', NULL, 1),
(657, 9, 2, 5, 3, 'Municipalidad de Cordoba', 'Gomeria Caraffa - ', 0.00000, 40, 5, 'GET-EXPENSE-8', NULL, NULL, NULL, 0.00000, 0.00000, NULL, 0, NULL, 658, '2018-12-01 03:00:03', '2019-01-09 19:34:34', 1),
(658, NULL, 2, 5, 3, 'Municipalidad de Cordoba', 'Gomeria Caraffa - ', 0.00000, 5, 6, 'PAY-EXPENSE-8', NULL, NULL, NULL, 0.00000, 0.00000, NULL, 0, NULL, 657, '2018-12-01 03:00:03', NULL, 1),
(659, 9, 2, 5, 3, 'Rentas', 'Gomeria Caraffa - ', 0.00000, 40, 5, 'GET-EXPENSE-9', NULL, NULL, NULL, 0.00000, 0.00000, NULL, 0, NULL, 660, '2018-12-01 03:00:03', '2019-01-09 19:34:34', 1),
(660, NULL, 2, 5, 3, 'Rentas', 'Gomeria Caraffa - ', 0.00000, 5, 6, 'PAY-EXPENSE-9', NULL, NULL, NULL, 0.00000, 0.00000, NULL, 0, NULL, 659, '2018-12-01 03:00:03', NULL, 1),
(661, 26, 2, 5, 4, 'Aguas Cordobesas', 'Torre Carmela 2C - ', 0.00000, 10, 5, 'GET-EXPENSE-10', NULL, NULL, NULL, 0.00000, 0.00000, NULL, 0, NULL, 662, '2018-12-01 03:00:03', '2019-01-16 14:48:53', 1),
(662, NULL, 2, 5, 4, 'Aguas Cordobesas', 'Torre Carmela 2C - ', 0.00000, 5, 6, 'PAY-EXPENSE-10', NULL, NULL, NULL, 0.00000, 0.00000, NULL, 0, NULL, 661, '2018-12-01 03:00:03', NULL, 1),
(663, 26, 2, 5, 4, 'Municipalidad de Cordoba', 'Torre Carmela 2C - 41202303000006', 0.00000, 10, 5, 'GET-EXPENSE-11', NULL, NULL, NULL, 0.00000, 0.00000, NULL, 0, NULL, 664, '2018-12-01 03:00:03', '2019-01-16 14:48:53', 1),
(664, NULL, 2, 5, 4, 'Municipalidad de Cordoba', 'Torre Carmela 2C - 41202303000006', 0.00000, 5, 6, 'PAY-EXPENSE-11', NULL, NULL, NULL, 0.00000, 0.00000, NULL, 0, NULL, 663, '2018-12-01 03:00:03', NULL, 1),
(665, 26, 2, 5, 4, 'Rentas', 'Torre Carmela 2C - ', 0.00000, 10, 5, 'GET-EXPENSE-12', NULL, NULL, NULL, 0.00000, 0.00000, NULL, 0, NULL, 666, '2018-12-01 03:00:03', '2019-01-16 14:48:53', 1),
(666, NULL, 2, 5, 4, 'Rentas', 'Torre Carmela 2C - ', 0.00000, 5, 6, 'PAY-EXPENSE-12', NULL, NULL, NULL, 0.00000, 0.00000, NULL, 0, NULL, 665, '2018-12-01 03:00:03', NULL, 1),
(667, 15, 2, 5, 5, 'Aguas Cordobesas', 'Torre Carmela 3B - ', 0.00000, 11, 5, 'GET-EXPENSE-13', NULL, NULL, NULL, 0.00000, 0.00000, NULL, 0, NULL, 668, '2018-12-01 03:00:03', '2019-01-15 17:13:58', 1),
(668, NULL, 2, 5, 5, 'Aguas Cordobesas', 'Torre Carmela 3B - ', 0.00000, 5, 6, 'PAY-EXPENSE-13', NULL, NULL, NULL, 0.00000, 0.00000, NULL, 0, NULL, 667, '2018-12-01 03:00:03', NULL, 1),
(669, 15, 2, 5, 5, 'Municipalidad de Cordoba', 'Torre Carmela 3B - 41202303000011', 0.00000, 11, 5, 'GET-EXPENSE-14', NULL, NULL, NULL, 0.00000, 0.00000, NULL, 0, NULL, 670, '2018-12-01 03:00:03', '2019-01-15 17:13:58', 1),
(670, NULL, 2, 5, 5, 'Municipalidad de Cordoba', 'Torre Carmela 3B - 41202303000011', 0.00000, 5, 6, 'PAY-EXPENSE-14', NULL, NULL, NULL, 0.00000, 0.00000, NULL, 0, NULL, 669, '2018-12-01 03:00:03', NULL, 1),
(671, 15, 2, 5, 5, 'Rentas', 'Torre Carmela 3B - ', 0.00000, 11, 5, 'GET-EXPENSE-15', NULL, NULL, NULL, 0.00000, 0.00000, NULL, 0, NULL, 672, '2018-12-01 03:00:03', '2019-01-15 17:13:58', 1),
(672, NULL, 2, 5, 5, 'Rentas', 'Torre Carmela 3B - ', 0.00000, 5, 6, 'PAY-EXPENSE-15', NULL, NULL, NULL, 0.00000, 0.00000, NULL, 0, NULL, 671, '2018-12-01 03:00:03', NULL, 1),
(673, 12, 2, 5, 6, 'Aguas Cordobesas', 'Torre Carmela 3C - ', 0.00000, 12, 5, 'GET-EXPENSE-16', NULL, NULL, NULL, 0.00000, 0.00000, NULL, 0, NULL, 674, '2018-12-01 03:00:03', '2019-01-14 23:48:07', 1),
(674, NULL, 2, 5, 6, 'Aguas Cordobesas', 'Torre Carmela 3C - ', 0.00000, 5, 6, 'PAY-EXPENSE-16', NULL, NULL, NULL, 0.00000, 0.00000, NULL, 0, NULL, 673, '2018-12-01 03:00:03', NULL, 1),
(675, 12, 2, 5, 6, 'Municipalidad de Cordoba', 'Torre Carmela 3C - 41202303000009', 0.00000, 12, 5, 'GET-EXPENSE-17', NULL, NULL, NULL, 0.00000, 0.00000, NULL, 0, NULL, 676, '2018-12-01 03:00:03', '2019-01-14 23:48:07', 1),
(676, NULL, 2, 5, 6, 'Municipalidad de Cordoba', 'Torre Carmela 3C - 41202303000009', 0.00000, 5, 6, 'PAY-EXPENSE-17', NULL, NULL, NULL, 0.00000, 0.00000, NULL, 0, NULL, 675, '2018-12-01 03:00:03', NULL, 1),
(677, 12, 2, 5, 6, 'Rentas', 'Torre Carmela 3C - ', 0.00000, 12, 5, 'GET-EXPENSE-18', NULL, NULL, NULL, 0.00000, 0.00000, NULL, 0, NULL, 678, '2018-12-01 03:00:03', '2019-01-14 23:48:07', 1),
(678, NULL, 2, 5, 6, 'Rentas', 'Torre Carmela 3C - ', 0.00000, 5, 6, 'PAY-EXPENSE-18', NULL, NULL, NULL, 0.00000, 0.00000, NULL, 0, NULL, 677, '2018-12-01 03:00:03', NULL, 1),
(679, NULL, 2, 5, 7, 'Aguas Cordobesas', 'Torre Carmela 4B - ', 0.00000, 13, 5, 'GET-EXPENSE-19', NULL, NULL, NULL, 0.00000, 0.00000, NULL, 0, NULL, 680, '2018-12-01 03:00:03', '2019-01-15 00:22:01', 0),
(680, NULL, 2, 5, 7, 'Aguas Cordobesas', 'Torre Carmela 4B - ', 0.00000, 5, 6, 'PAY-EXPENSE-19', NULL, NULL, NULL, 0.00000, 0.00000, NULL, 0, NULL, 679, '2018-12-01 03:00:03', NULL, 1),
(681, NULL, 2, 5, 7, 'Municipalidad de Cordoba', 'Torre Carmela 4B - 412023030000', 0.00000, 13, 5, 'GET-EXPENSE-20', NULL, NULL, NULL, 0.00000, 0.00000, NULL, 0, NULL, 682, '2018-12-01 03:00:03', '2019-01-15 00:22:05', 0),
(682, NULL, 2, 5, 7, 'Municipalidad de Cordoba', 'Torre Carmela 4B - 412023030000', 0.00000, 5, 6, 'PAY-EXPENSE-20', NULL, NULL, NULL, 0.00000, 0.00000, NULL, 0, NULL, 681, '2018-12-01 03:00:03', NULL, 1),
(683, NULL, 2, 5, 7, 'Rentas', 'Torre Carmela 4B - ', 0.00000, 13, 5, 'GET-EXPENSE-21', NULL, NULL, NULL, 0.00000, 0.00000, NULL, 0, NULL, 684, '2018-12-01 03:00:03', '2019-01-15 00:22:04', 0),
(684, NULL, 2, 5, 7, 'Rentas', 'Torre Carmela 4B - ', 0.00000, 5, 6, 'PAY-EXPENSE-21', NULL, NULL, NULL, 0.00000, 0.00000, NULL, 0, NULL, 683, '2018-12-01 03:00:03', NULL, 1),
(685, 17, 2, 5, 8, 'Aguas Cordobesas', 'Torre Carmela 5A - ', 0.00000, 14, 5, 'GET-EXPENSE-22', NULL, NULL, NULL, 0.00000, 0.00000, NULL, 0, NULL, 686, '2018-12-01 03:00:03', '2019-01-15 20:10:38', 1),
(686, NULL, 2, 5, 8, 'Aguas Cordobesas', 'Torre Carmela 5A - ', 0.00000, 5, 6, 'PAY-EXPENSE-22', NULL, NULL, NULL, 0.00000, 0.00000, NULL, 0, NULL, 685, '2018-12-01 03:00:03', NULL, 1),
(687, 17, 2, 5, 8, 'Municipalidad de Cordoba', 'Torre Carmela 5A - 41202303000015', 0.00000, 14, 5, 'GET-EXPENSE-23', NULL, NULL, NULL, 0.00000, 0.00000, NULL, 0, NULL, 688, '2018-12-01 03:00:03', '2019-01-15 20:10:38', 1),
(688, NULL, 2, 5, 8, 'Municipalidad de Cordoba', 'Torre Carmela 5A - 41202303000015', 0.00000, 5, 6, 'PAY-EXPENSE-23', NULL, NULL, NULL, 0.00000, 0.00000, NULL, 0, NULL, 687, '2018-12-01 03:00:03', NULL, 1),
(689, 17, 2, 5, 8, 'Rentas', 'Torre Carmela 5A - ', 0.00000, 14, 5, 'GET-EXPENSE-24', NULL, NULL, NULL, 0.00000, 0.00000, NULL, 0, NULL, 690, '2018-12-01 03:00:03', '2019-01-15 20:10:38', 1),
(690, NULL, 2, 5, 8, 'Rentas', 'Torre Carmela 5A - ', 0.00000, 5, 6, 'PAY-EXPENSE-24', NULL, NULL, NULL, 0.00000, 0.00000, NULL, 0, NULL, 689, '2018-12-01 03:00:03', NULL, 1),
(691, 7, 2, 5, 9, 'Aguas Cordobesas', 'Torre Carmela 7A - ', 0.00000, 15, 5, 'GET-EXPENSE-25', NULL, NULL, NULL, 0.00000, 0.00000, NULL, 0, NULL, 692, '2018-12-01 03:00:03', '2019-01-09 19:13:38', 1),
(692, NULL, 2, 5, 9, 'Aguas Cordobesas', 'Torre Carmela 7A - ', 0.00000, 5, 6, 'PAY-EXPENSE-25', NULL, NULL, NULL, 0.00000, 0.00000, NULL, 0, NULL, 691, '2018-12-01 03:00:03', NULL, 1),
(693, 7, 2, 5, 9, 'Municipalidad de Cordoba', 'Torre Carmela 7A - 41202303000019', 0.00000, 15, 5, 'GET-EXPENSE-26', NULL, NULL, NULL, 0.00000, 0.00000, NULL, 0, NULL, 694, '2018-12-01 03:00:03', '2019-01-09 19:13:38', 1),
(694, NULL, 2, 5, 9, 'Municipalidad de Cordoba', 'Torre Carmela 7A - 41202303000019', 0.00000, 5, 6, 'PAY-EXPENSE-26', NULL, NULL, NULL, 0.00000, 0.00000, NULL, 0, NULL, 693, '2018-12-01 03:00:03', NULL, 1),
(695, 7, 2, 5, 9, 'Rentas', 'Torre Carmela 7A - ', 0.00000, 15, 5, 'GET-EXPENSE-27', NULL, NULL, NULL, 0.00000, 0.00000, NULL, 0, NULL, 696, '2018-12-01 03:00:03', '2019-01-09 19:13:38', 1),
(696, NULL, 2, 5, 9, 'Rentas', 'Torre Carmela 7A - ', 0.00000, 5, 6, 'PAY-EXPENSE-27', NULL, NULL, NULL, 0.00000, 0.00000, NULL, 0, NULL, 695, '2018-12-01 03:00:03', NULL, 1),
(697, NULL, 2, 5, 10, 'Aguas Cordobesas', 'Torre Carmela 7B - ', 0.00000, 16, 5, 'GET-EXPENSE-28', NULL, NULL, NULL, 0.00000, 0.00000, NULL, 0, NULL, 698, '2018-12-01 03:00:03', '2018-12-01 03:00:03', 1),
(698, NULL, 2, 5, 10, 'Aguas Cordobesas', 'Torre Carmela 7B - ', 0.00000, 5, 6, 'PAY-EXPENSE-28', NULL, NULL, NULL, 0.00000, 0.00000, NULL, 0, NULL, 697, '2018-12-01 03:00:03', NULL, 1),
(699, NULL, 2, 5, 10, 'Municipalidad de Cordoba', 'Torre Carmela 7B - 41202303000018', 0.00000, 16, 5, 'GET-EXPENSE-29', NULL, NULL, NULL, 0.00000, 0.00000, NULL, 0, NULL, 700, '2018-12-01 03:00:03', '2018-12-01 03:00:03', 1),
(700, NULL, 2, 5, 10, 'Municipalidad de Cordoba', 'Torre Carmela 7B - 41202303000018', 0.00000, 5, 6, 'PAY-EXPENSE-29', NULL, NULL, NULL, 0.00000, 0.00000, NULL, 0, NULL, 699, '2018-12-01 03:00:03', NULL, 1),
(701, NULL, 2, 5, 10, 'Rentas', 'Torre Carmela 7B - ', 0.00000, 16, 5, 'GET-EXPENSE-30', NULL, NULL, NULL, 0.00000, 0.00000, NULL, 0, NULL, 702, '2018-12-01 03:00:03', '2018-12-01 03:00:03', 1),
(702, NULL, 2, 5, 10, 'Rentas', 'Torre Carmela 7B - ', 0.00000, 5, 6, 'PAY-EXPENSE-30', NULL, NULL, NULL, 0.00000, 0.00000, NULL, 0, NULL, 701, '2018-12-01 03:00:03', NULL, 1),
(703, NULL, 2, 5, 11, 'Aguas Cordobesas', 'Torre Carmela 9A - ', 0.00000, 17, 5, 'GET-EXPENSE-31', NULL, NULL, NULL, 0.00000, 0.00000, NULL, 0, NULL, 704, '2018-12-01 03:00:03', '2018-12-01 03:00:03', 1),
(704, NULL, 2, 5, 11, 'Aguas Cordobesas', 'Torre Carmela 9A - ', 0.00000, 5, 6, 'PAY-EXPENSE-31', NULL, NULL, NULL, 0.00000, 0.00000, NULL, 0, NULL, 703, '2018-12-01 03:00:03', NULL, 1),
(705, NULL, 2, 5, 11, 'Municipalidad de Cordoba', 'Torre Carmela 9A - 41202303000023', 0.00000, 17, 5, 'GET-EXPENSE-32', NULL, NULL, NULL, 0.00000, 0.00000, NULL, 0, NULL, 706, '2018-12-01 03:00:03', '2018-12-01 03:00:03', 1),
(706, NULL, 2, 5, 11, 'Municipalidad de Cordoba', 'Torre Carmela 9A - 41202303000023', 0.00000, 5, 6, 'PAY-EXPENSE-32', NULL, NULL, NULL, 0.00000, 0.00000, NULL, 0, NULL, 705, '2018-12-01 03:00:03', NULL, 1),
(707, NULL, 2, 5, 11, 'Rentas', 'Torre Carmela 9A - ', 0.00000, 17, 5, 'GET-EXPENSE-33', NULL, NULL, NULL, 0.00000, 0.00000, NULL, 0, NULL, 708, '2018-12-01 03:00:03', '2018-12-01 03:00:03', 1),
(708, NULL, 2, 5, 11, 'Rentas', 'Torre Carmela 9A - ', 0.00000, 5, 6, 'PAY-EXPENSE-33', NULL, NULL, NULL, 0.00000, 0.00000, NULL, 0, NULL, 707, '2018-12-01 03:00:03', NULL, 1),
(709, 9, 2, 5, 12, 'Aguas Cordobesas', 'Duplex Gandhi - ', 0.00000, 40, 5, 'GET-EXPENSE-34', NULL, NULL, NULL, 0.00000, 0.00000, NULL, 0, NULL, 710, '2018-12-01 03:00:03', '2019-01-09 19:34:34', 1),
(710, NULL, 2, 5, 12, 'Aguas Cordobesas', 'Duplex Gandhi - ', 0.00000, 5, 6, 'PAY-EXPENSE-34', NULL, NULL, NULL, 0.00000, 0.00000, NULL, 0, NULL, 709, '2018-12-01 03:00:03', NULL, 1),
(711, 9, 2, 5, 12, 'Municipalidad de Cordoba', 'Duplex Gandhi - ', 0.00000, 40, 5, 'GET-EXPENSE-35', NULL, NULL, NULL, 0.00000, 0.00000, NULL, 0, NULL, 712, '2018-12-01 03:00:03', '2019-01-09 19:34:34', 1),
(712, NULL, 2, 5, 12, 'Municipalidad de Cordoba', 'Duplex Gandhi - ', 0.00000, 5, 6, 'PAY-EXPENSE-35', NULL, NULL, NULL, 0.00000, 0.00000, NULL, 0, NULL, 711, '2018-12-01 03:00:03', NULL, 1),
(713, 9, 2, 5, 12, 'Rentas', 'Duplex Gandhi - ', 0.00000, 40, 5, 'GET-EXPENSE-36', NULL, NULL, NULL, 0.00000, 0.00000, NULL, 0, NULL, 714, '2018-12-01 03:00:03', '2019-01-09 19:34:34', 1),
(714, NULL, 2, 5, 12, 'Rentas', 'Duplex Gandhi - ', 0.00000, 5, 6, 'PAY-EXPENSE-36', NULL, NULL, NULL, 0.00000, 0.00000, NULL, 0, NULL, 713, '2018-12-01 03:00:03', NULL, 1),
(715, 9, 2, 5, 13, 'Aguas Cordobesas', 'Village Plaza 2C - ', 0.00000, 40, 5, 'GET-EXPENSE-37', NULL, NULL, NULL, 0.00000, 0.00000, NULL, 0, NULL, 716, '2018-12-01 03:00:03', '2019-01-09 19:34:34', 1),
(716, NULL, 2, 5, 13, 'Aguas Cordobesas', 'Village Plaza 2C - ', 0.00000, 5, 6, 'PAY-EXPENSE-37', NULL, NULL, NULL, 0.00000, 0.00000, NULL, 0, NULL, 715, '2018-12-01 03:00:03', NULL, 1),
(717, 9, 2, 5, 13, 'Municipalidad de Cordoba', 'Village Plaza 2C - ', 0.00000, 40, 5, 'GET-EXPENSE-38', NULL, NULL, NULL, 0.00000, 0.00000, NULL, 0, NULL, 718, '2018-12-01 03:00:03', '2019-01-09 19:34:34', 1),
(718, NULL, 2, 5, 13, 'Municipalidad de Cordoba', 'Village Plaza 2C - ', 0.00000, 5, 6, 'PAY-EXPENSE-38', NULL, NULL, NULL, 0.00000, 0.00000, NULL, 0, NULL, 717, '2018-12-01 03:00:03', NULL, 1),
(719, 9, 2, 5, 13, 'Rentas', 'Village Plaza 2C - ', 0.00000, 40, 5, 'GET-EXPENSE-39', NULL, NULL, NULL, 0.00000, 0.00000, NULL, 0, NULL, 720, '2018-12-01 03:00:03', '2019-01-09 19:34:34', 1),
(720, NULL, 2, 5, 13, 'Rentas', 'Village Plaza 2C - ', 0.00000, 5, 6, 'PAY-EXPENSE-39', NULL, NULL, NULL, 0.00000, 0.00000, NULL, 0, NULL, 719, '2018-12-01 03:00:03', NULL, 1),
(721, 10, 2, 5, 14, 'Aguas Cordobesas', 'Casa La Finur - ', 0.00000, 19, 5, 'GET-EXPENSE-40', NULL, NULL, NULL, 0.00000, 0.00000, NULL, 0, NULL, 722, '2018-12-01 03:00:03', '2019-01-09 19:37:21', 1),
(722, NULL, 2, 5, 14, 'Aguas Cordobesas', 'Casa La Finur - ', 0.00000, 5, 6, 'PAY-EXPENSE-40', NULL, NULL, NULL, 0.00000, 0.00000, NULL, 0, NULL, 721, '2018-12-01 03:00:03', NULL, 1),
(723, 10, 2, 5, 14, 'Municipalidad de Cordoba', 'Casa La Finur - ', 0.00000, 19, 5, 'GET-EXPENSE-41', NULL, NULL, NULL, 0.00000, 0.00000, NULL, 0, NULL, 724, '2018-12-01 03:00:03', '2019-01-09 19:37:21', 1),
(724, NULL, 2, 5, 14, 'Municipalidad de Cordoba', 'Casa La Finur - ', 0.00000, 5, 6, 'PAY-EXPENSE-41', NULL, NULL, NULL, 0.00000, 0.00000, NULL, 0, NULL, 723, '2018-12-01 03:00:03', NULL, 1),
(725, 10, 2, 5, 14, 'Rentas', 'Casa La Finur - ', 0.00000, 19, 5, 'GET-EXPENSE-42', NULL, NULL, NULL, 0.00000, 0.00000, NULL, 0, NULL, 726, '2018-12-01 03:00:03', '2019-01-09 19:37:21', 1),
(726, NULL, 2, 5, 14, 'Rentas', 'Casa La Finur - ', 0.00000, 5, 6, 'PAY-EXPENSE-42', NULL, NULL, NULL, 0.00000, 0.00000, NULL, 0, NULL, 725, '2018-12-01 03:00:03', NULL, 1),
(727, 22, 2, 5, 15, 'Aguas Cordobesas', 'Local Rafael Nuñez - ', 0.00000, 21, 5, 'GET-EXPENSE-43', NULL, NULL, NULL, 0.00000, 0.00000, NULL, 0, NULL, 728, '2018-12-01 03:00:03', '2019-01-15 20:14:14', 1),
(728, NULL, 2, 5, 15, 'Aguas Cordobesas', 'Local Rafael Nuñez - ', 0.00000, 5, 6, 'PAY-EXPENSE-43', NULL, NULL, NULL, 0.00000, 0.00000, NULL, 0, NULL, 727, '2018-12-01 03:00:03', NULL, 1),
(729, 22, 2, 5, 15, 'Municipalidad de Cordoba', 'Local Rafael Nuñez - ', 0.00000, 21, 5, 'GET-EXPENSE-44', NULL, NULL, NULL, 0.00000, 0.00000, NULL, 0, NULL, 730, '2018-12-01 03:00:03', '2019-01-15 20:14:15', 1),
(730, NULL, 2, 5, 15, 'Municipalidad de Cordoba', 'Local Rafael Nuñez - ', 0.00000, 5, 6, 'PAY-EXPENSE-44', NULL, NULL, NULL, 0.00000, 0.00000, NULL, 0, NULL, 729, '2018-12-01 03:00:03', NULL, 1),
(731, 22, 2, 5, 15, 'Rentas', 'Local Rafael Nuñez - ', 0.00000, 21, 5, 'GET-EXPENSE-45', NULL, NULL, NULL, 0.00000, 0.00000, NULL, 0, NULL, 732, '2018-12-01 03:00:04', '2019-01-15 20:14:15', 1),
(732, NULL, 2, 5, 15, 'Rentas', 'Local Rafael Nuñez - ', 0.00000, 5, 6, 'PAY-EXPENSE-45', NULL, NULL, NULL, 0.00000, 0.00000, NULL, 0, NULL, 731, '2018-12-01 03:00:04', NULL, 1),
(733, 28, 2, 5, 16, 'Aguas Cordobesas', 'Manantiales - ', 0.00000, 20, 5, 'GET-EXPENSE-46', NULL, NULL, NULL, 0.00000, 0.00000, NULL, 0, NULL, 734, '2018-12-01 03:00:04', '2019-01-16 14:52:08', 1),
(734, NULL, 2, 5, 16, 'Aguas Cordobesas', 'Manantiales - ', 0.00000, 5, 6, 'PAY-EXPENSE-46', NULL, NULL, NULL, 0.00000, 0.00000, NULL, 0, NULL, 733, '2018-12-01 03:00:04', NULL, 1),
(735, 28, 2, 5, 16, 'Municipalidad de Cordoba', 'Manantiales - ', 0.00000, 20, 5, 'GET-EXPENSE-47', NULL, NULL, NULL, 0.00000, 0.00000, NULL, 0, NULL, 736, '2018-12-01 03:00:04', '2019-01-16 14:52:08', 1);
INSERT INTO `receipt_details` (`id_receipt_detail`, `id_receipt`, `id_expense_type`, `id_period`, `id_property`, `detail_description`, `detail_info`, `detail_ammount`, `id_issuing_account`, `id_receiving_account`, `detail_concept`, `detail_observations`, `detail_expire_date`, `detail_interest_since`, `detail_interest_rate`, `detail_original_ammount`, `detail_attachments`, `detail_custom`, `detail_id_user_modifier`, `detail_id_detail_sibling`, `creation_date`, `modification_date`, `_checked`) VALUES
(736, NULL, 2, 5, 16, 'Municipalidad de Cordoba', 'Manantiales - ', 0.00000, 5, 6, 'PAY-EXPENSE-47', NULL, NULL, NULL, 0.00000, 0.00000, NULL, 0, NULL, 735, '2018-12-01 03:00:04', NULL, 1),
(737, 28, 2, 5, 16, 'Rentas', 'Manantiales - ', 0.00000, 20, 5, 'GET-EXPENSE-48', NULL, NULL, NULL, 0.00000, 0.00000, NULL, 0, NULL, 738, '2018-12-01 03:00:04', '2019-01-16 14:52:08', 1),
(738, NULL, 2, 5, 16, 'Rentas', 'Manantiales - ', 0.00000, 5, 6, 'PAY-EXPENSE-48', NULL, NULL, NULL, 0.00000, 0.00000, NULL, 0, NULL, 737, '2018-12-01 03:00:04', NULL, 1),
(739, NULL, 2, 5, 18, 'Aguas Cordobesas', 'Torre Carmela 1C - ', 0.00000, 22, 5, 'GET-EXPENSE-52', NULL, NULL, NULL, 0.00000, 0.00000, NULL, 0, NULL, 740, '2018-12-01 03:00:04', '2018-12-01 03:00:04', 1),
(740, NULL, 2, 5, 18, 'Aguas Cordobesas', 'Torre Carmela 1C - ', 0.00000, 5, 6, 'PAY-EXPENSE-52', NULL, NULL, NULL, 0.00000, 0.00000, NULL, 0, NULL, 739, '2018-12-01 03:00:04', NULL, 1),
(741, NULL, 2, 5, 18, 'Municipalidad de Cordoba', 'Torre Carmela 1C - 41202303000003', 0.00000, 22, 5, 'GET-EXPENSE-53', NULL, NULL, NULL, 0.00000, 0.00000, NULL, 0, NULL, 742, '2018-12-01 03:00:04', '2018-12-01 03:00:04', 1),
(742, NULL, 2, 5, 18, 'Municipalidad de Cordoba', 'Torre Carmela 1C - 41202303000003', 0.00000, 5, 6, 'PAY-EXPENSE-53', NULL, NULL, NULL, 0.00000, 0.00000, NULL, 0, NULL, 741, '2018-12-01 03:00:04', NULL, 1),
(743, NULL, 2, 5, 18, 'Rentas', 'Torre Carmela 1C - ', 0.00000, 22, 5, 'GET-EXPENSE-54', NULL, NULL, NULL, 0.00000, 0.00000, NULL, 0, NULL, 744, '2018-12-01 03:00:04', '2018-12-01 03:00:04', 1),
(744, NULL, 2, 5, 18, 'Rentas', 'Torre Carmela 1C - ', 0.00000, 5, 6, 'PAY-EXPENSE-54', NULL, NULL, NULL, 0.00000, 0.00000, NULL, 0, NULL, 743, '2018-12-01 03:00:04', NULL, 1),
(745, NULL, 2, 5, 19, 'Aguas Cordobesas', 'Chile 349 Consultorio - ', 0.00000, 23, 5, 'GET-EXPENSE-55', NULL, NULL, NULL, 0.00000, 0.00000, NULL, 0, NULL, 746, '2018-12-01 03:00:04', '2018-12-01 03:00:04', 1),
(746, NULL, 2, 5, 19, 'Aguas Cordobesas', 'Chile 349 Consultorio - ', 0.00000, 5, 6, 'PAY-EXPENSE-55', NULL, NULL, NULL, 0.00000, 0.00000, NULL, 0, NULL, 745, '2018-12-01 03:00:04', NULL, 1),
(747, NULL, 2, 5, 19, 'Municipalidad de Cordoba', 'Chile 349 Consultorio - ', 0.00000, 23, 5, 'GET-EXPENSE-56', NULL, NULL, NULL, 0.00000, 0.00000, NULL, 0, NULL, 748, '2018-12-01 03:00:04', '2018-12-01 03:00:04', 1),
(748, NULL, 2, 5, 19, 'Municipalidad de Cordoba', 'Chile 349 Consultorio - ', 0.00000, 5, 6, 'PAY-EXPENSE-56', NULL, NULL, NULL, 0.00000, 0.00000, NULL, 0, NULL, 747, '2018-12-01 03:00:04', NULL, 1),
(749, NULL, 2, 5, 19, 'Rentas', 'Chile 349 Consultorio - ', 0.00000, 23, 5, 'GET-EXPENSE-57', NULL, NULL, NULL, 0.00000, 0.00000, NULL, 0, NULL, 750, '2018-12-01 03:00:04', '2018-12-01 03:00:04', 1),
(750, NULL, 2, 5, 19, 'Rentas', 'Chile 349 Consultorio - ', 0.00000, 5, 6, 'PAY-EXPENSE-57', NULL, NULL, NULL, 0.00000, 0.00000, NULL, 0, NULL, 749, '2018-12-01 03:00:04', NULL, 1),
(751, 6, 2, 5, 20, 'Aguas Cordobesas', 'Thays - ', 0.00000, 24, 5, 'GET-EXPENSE-58', NULL, NULL, NULL, 0.00000, 0.00000, NULL, 0, NULL, 752, '2018-12-01 03:00:04', '2019-01-09 19:10:02', 1),
(752, NULL, 2, 5, 20, 'Aguas Cordobesas', 'Thays - ', 0.00000, 5, 6, 'PAY-EXPENSE-58', NULL, NULL, NULL, 0.00000, 0.00000, NULL, 0, NULL, 751, '2018-12-01 03:00:04', NULL, 1),
(753, 6, 2, 5, 20, 'Municipalidad de Cordoba', 'Thays - ', 0.00000, 24, 5, 'GET-EXPENSE-59', NULL, NULL, NULL, 0.00000, 0.00000, NULL, 0, NULL, 754, '2018-12-01 03:00:04', '2019-01-09 19:10:02', 1),
(754, NULL, 2, 5, 20, 'Municipalidad de Cordoba', 'Thays - ', 0.00000, 5, 6, 'PAY-EXPENSE-59', NULL, NULL, NULL, 0.00000, 0.00000, NULL, 0, NULL, 753, '2018-12-01 03:00:04', NULL, 1),
(755, 6, 2, 5, 20, 'Rentas', 'Thays - ', 0.00000, 24, 5, 'GET-EXPENSE-60', NULL, NULL, NULL, 0.00000, 0.00000, NULL, 0, NULL, 756, '2018-12-01 03:00:04', '2019-01-09 19:10:02', 1),
(756, NULL, 2, 5, 20, 'Rentas', 'Thays - ', 0.00000, 5, 6, 'PAY-EXPENSE-60', NULL, NULL, NULL, 0.00000, 0.00000, NULL, 0, NULL, 755, '2018-12-01 03:00:04', NULL, 1),
(757, NULL, 2, 5, 21, 'Aguas Cordobesas', 'Pje. España 1 A - ', 0.00000, 25, 5, 'GET-EXPENSE-61', NULL, NULL, NULL, 0.00000, 0.00000, NULL, 0, NULL, 758, '2018-12-01 03:00:04', '2018-12-01 03:00:04', 1),
(758, NULL, 2, 5, 21, 'Aguas Cordobesas', 'Pje. España 1 A - ', 0.00000, 5, 6, 'PAY-EXPENSE-61', NULL, NULL, NULL, 0.00000, 0.00000, NULL, 0, NULL, 757, '2018-12-01 03:00:04', NULL, 1),
(759, NULL, 2, 5, 21, 'Municipalidad de Cordoba', 'Pje. España 1 A - ', 0.00000, 25, 5, 'GET-EXPENSE-62', NULL, NULL, NULL, 0.00000, 0.00000, NULL, 0, NULL, 760, '2018-12-01 03:00:04', '2018-12-01 03:00:04', 1),
(760, NULL, 2, 5, 21, 'Municipalidad de Cordoba', 'Pje. España 1 A - ', 0.00000, 5, 6, 'PAY-EXPENSE-62', NULL, NULL, NULL, 0.00000, 0.00000, NULL, 0, NULL, 759, '2018-12-01 03:00:04', NULL, 1),
(761, NULL, 2, 5, 21, 'Rentas', 'Pje. España 1 A - ', 0.00000, 25, 5, 'GET-EXPENSE-63', NULL, NULL, NULL, 0.00000, 0.00000, NULL, 0, NULL, 762, '2018-12-01 03:00:04', '2018-12-01 03:00:04', 1),
(762, NULL, 2, 5, 21, 'Rentas', 'Pje. España 1 A - ', 0.00000, 5, 6, 'PAY-EXPENSE-63', NULL, NULL, NULL, 0.00000, 0.00000, NULL, 0, NULL, 761, '2018-12-01 03:00:04', NULL, 1),
(763, NULL, 2, 5, 22, 'Aguas Cordobesas', 'Pje. España 2 A - ', 0.00000, 26, 5, 'GET-EXPENSE-64', NULL, NULL, NULL, 0.00000, 0.00000, NULL, 0, NULL, 764, '2018-12-01 03:00:04', '2019-01-09 19:04:57', 0),
(764, NULL, 2, 5, 22, 'Aguas Cordobesas', 'Pje. España 2 A - ', 0.00000, 5, 6, 'PAY-EXPENSE-64', NULL, NULL, NULL, 0.00000, 0.00000, NULL, 0, NULL, 763, '2018-12-01 03:00:04', NULL, 1),
(765, 5, 2, 5, 22, 'Municipalidad de Cordoba', 'Pje. España 2 A - ', 0.00000, 26, 5, 'GET-EXPENSE-65', NULL, NULL, NULL, 0.00000, 0.00000, NULL, 0, NULL, 766, '2018-12-01 03:00:04', '2019-01-09 19:05:22', 1),
(766, NULL, 2, 5, 22, 'Municipalidad de Cordoba', 'Pje. España 2 A - ', 0.00000, 5, 6, 'PAY-EXPENSE-65', NULL, NULL, NULL, 0.00000, 0.00000, NULL, 0, NULL, 765, '2018-12-01 03:00:04', NULL, 1),
(767, 5, 2, 5, 22, 'Rentas', 'Pje. España 2 A - ', 0.00000, 26, 5, 'GET-EXPENSE-66', NULL, NULL, NULL, 0.00000, 0.00000, NULL, 0, NULL, 768, '2018-12-01 03:00:04', '2019-01-09 19:05:22', 1),
(768, NULL, 2, 5, 22, 'Rentas', 'Pje. España 2 A - ', 0.00000, 5, 6, 'PAY-EXPENSE-66', NULL, NULL, NULL, 0.00000, 0.00000, NULL, 0, NULL, 767, '2018-12-01 03:00:04', NULL, 1),
(769, NULL, 2, 5, 25, 'Aguas Cordobesas', 'Duplex Azpeitia - ', 0.00000, 27, 5, 'GET-EXPENSE-73', NULL, NULL, NULL, 0.00000, 0.00000, NULL, 0, NULL, 770, '2018-12-01 03:00:04', '2018-12-01 03:00:04', 1),
(770, NULL, 2, 5, 25, 'Aguas Cordobesas', 'Duplex Azpeitia - ', 0.00000, 5, 6, 'PAY-EXPENSE-73', NULL, NULL, NULL, 0.00000, 0.00000, NULL, 0, NULL, 769, '2018-12-01 03:00:04', NULL, 1),
(771, NULL, 2, 5, 25, 'Municipalidad de Cordoba', 'Duplex Azpeitia - ', 0.00000, 27, 5, 'GET-EXPENSE-74', NULL, NULL, NULL, 0.00000, 0.00000, NULL, 0, NULL, 772, '2018-12-01 03:00:04', '2018-12-01 03:00:04', 1),
(772, NULL, 2, 5, 25, 'Municipalidad de Cordoba', 'Duplex Azpeitia - ', 0.00000, 5, 6, 'PAY-EXPENSE-74', NULL, NULL, NULL, 0.00000, 0.00000, NULL, 0, NULL, 771, '2018-12-01 03:00:04', NULL, 1),
(773, NULL, 2, 5, 25, 'Rentas', 'Duplex Azpeitia - ', 0.00000, 27, 5, 'GET-EXPENSE-75', NULL, NULL, NULL, 0.00000, 0.00000, NULL, 0, NULL, 774, '2018-12-01 03:00:04', '2018-12-01 03:00:04', 1),
(774, NULL, 2, 5, 25, 'Rentas', 'Duplex Azpeitia - ', 0.00000, 5, 6, 'PAY-EXPENSE-75', NULL, NULL, NULL, 0.00000, 0.00000, NULL, 0, NULL, 773, '2018-12-01 03:00:04', NULL, 1),
(775, NULL, 2, 5, 26, 'Aguas Cordobesas', 'Local Independencia 1091 - ', 0.00000, 28, 5, 'GET-EXPENSE-76', NULL, NULL, NULL, 0.00000, 0.00000, NULL, 0, NULL, 776, '2018-12-01 03:00:04', '2018-12-01 03:00:04', 1),
(776, NULL, 2, 5, 26, 'Aguas Cordobesas', 'Local Independencia 1091 - ', 0.00000, 5, 6, 'PAY-EXPENSE-76', NULL, NULL, NULL, 0.00000, 0.00000, NULL, 0, NULL, 775, '2018-12-01 03:00:04', NULL, 1),
(777, NULL, 2, 5, 26, 'Municipalidad de Cordoba', 'Local Independencia 1091 - ', 0.00000, 28, 5, 'GET-EXPENSE-77', NULL, NULL, NULL, 0.00000, 0.00000, NULL, 0, NULL, 778, '2018-12-01 03:00:04', '2018-12-01 03:00:04', 1),
(778, NULL, 2, 5, 26, 'Municipalidad de Cordoba', 'Local Independencia 1091 - ', 0.00000, 5, 6, 'PAY-EXPENSE-77', NULL, NULL, NULL, 0.00000, 0.00000, NULL, 0, NULL, 777, '2018-12-01 03:00:04', NULL, 1),
(779, NULL, 2, 5, 26, 'Rentas', 'Local Independencia 1091 - ', 0.00000, 28, 5, 'GET-EXPENSE-78', NULL, NULL, NULL, 0.00000, 0.00000, NULL, 0, NULL, 780, '2018-12-01 03:00:04', '2018-12-01 03:00:04', 1),
(780, NULL, 2, 5, 26, 'Rentas', 'Local Independencia 1091 - ', 0.00000, 5, 6, 'PAY-EXPENSE-78', NULL, NULL, NULL, 0.00000, 0.00000, NULL, 0, NULL, 779, '2018-12-01 03:00:04', NULL, 1),
(781, 30, 2, 5, 28, 'Aguas Cordobesas', 'Triplex Salguero - ', 0.00000, 29, 5, 'GET-EXPENSE-82', NULL, NULL, NULL, 0.00000, 0.00000, NULL, 0, NULL, 782, '2018-12-01 03:00:05', '2019-01-18 13:46:11', 1),
(782, NULL, 2, 5, 28, 'Aguas Cordobesas', 'Triplex Salguero - ', 0.00000, 5, 6, 'PAY-EXPENSE-82', NULL, NULL, NULL, 0.00000, 0.00000, NULL, 0, NULL, 781, '2018-12-01 03:00:05', NULL, 1),
(783, 30, 2, 5, 28, 'Municipalidad de Cordoba', 'Triplex Salguero - ', 0.00000, 29, 5, 'GET-EXPENSE-83', NULL, NULL, NULL, 0.00000, 0.00000, NULL, 0, NULL, 784, '2018-12-01 03:00:05', '2019-01-18 13:46:11', 1),
(784, NULL, 2, 5, 28, 'Municipalidad de Cordoba', 'Triplex Salguero - ', 0.00000, 5, 6, 'PAY-EXPENSE-83', NULL, NULL, NULL, 0.00000, 0.00000, NULL, 0, NULL, 783, '2018-12-01 03:00:05', NULL, 1),
(785, 30, 2, 5, 28, 'Rentas', 'Triplex Salguero - ', 0.00000, 29, 5, 'GET-EXPENSE-84', NULL, NULL, NULL, 0.00000, 0.00000, NULL, 0, NULL, 786, '2018-12-01 03:00:05', '2019-01-18 13:46:11', 1),
(786, NULL, 2, 5, 28, 'Rentas', 'Triplex Salguero - ', 0.00000, 5, 6, 'PAY-EXPENSE-84', NULL, NULL, NULL, 0.00000, 0.00000, NULL, 0, NULL, 785, '2018-12-01 03:00:05', NULL, 1),
(787, NULL, 2, 5, 30, 'Aguas Cordobesas', 'San Lorenzo Mono - ', 0.00000, 30, 5, 'GET-EXPENSE-88', NULL, NULL, NULL, 0.00000, 0.00000, NULL, 0, NULL, 788, '2018-12-01 03:00:05', '2018-12-01 03:00:05', 1),
(788, NULL, 2, 5, 30, 'Aguas Cordobesas', 'San Lorenzo Mono - ', 0.00000, 5, 6, 'PAY-EXPENSE-88', NULL, NULL, NULL, 0.00000, 0.00000, NULL, 0, NULL, 787, '2018-12-01 03:00:05', NULL, 1),
(789, NULL, 2, 5, 30, 'Municipalidad de Cordoba', 'San Lorenzo Mono - ', 0.00000, 30, 5, 'GET-EXPENSE-89', NULL, NULL, NULL, 0.00000, 0.00000, NULL, 0, NULL, 790, '2018-12-01 03:00:05', '2018-12-01 03:00:05', 1),
(790, NULL, 2, 5, 30, 'Municipalidad de Cordoba', 'San Lorenzo Mono - ', 0.00000, 5, 6, 'PAY-EXPENSE-89', NULL, NULL, NULL, 0.00000, 0.00000, NULL, 0, NULL, 789, '2018-12-01 03:00:05', NULL, 1),
(791, NULL, 2, 5, 30, 'Rentas', 'San Lorenzo Mono - ', 0.00000, 30, 5, 'GET-EXPENSE-90', NULL, NULL, NULL, 0.00000, 0.00000, NULL, 0, NULL, 792, '2018-12-01 03:00:05', '2018-12-01 03:00:05', 1),
(792, NULL, 2, 5, 30, 'Rentas', 'San Lorenzo Mono - ', 0.00000, 5, 6, 'PAY-EXPENSE-90', NULL, NULL, NULL, 0.00000, 0.00000, NULL, 0, NULL, 791, '2018-12-01 03:00:05', NULL, 1),
(793, NULL, 2, 5, 31, 'Aguas Cordobesas', 'Amb. Olmos 1028 3D - ', 0.00000, 31, 5, 'GET-EXPENSE-91', NULL, NULL, NULL, 0.00000, 0.00000, NULL, 0, NULL, 794, '2018-12-01 03:00:05', '2018-12-01 03:00:05', 1),
(794, NULL, 2, 5, 31, 'Aguas Cordobesas', 'Amb. Olmos 1028 3D - ', 0.00000, 5, 6, 'PAY-EXPENSE-91', NULL, NULL, NULL, 0.00000, 0.00000, NULL, 0, NULL, 793, '2018-12-01 03:00:05', NULL, 1),
(795, NULL, 2, 5, 31, 'Municipalidad de Cordoba', 'Amb. Olmos 1028 3D - ', 0.00000, 31, 5, 'GET-EXPENSE-92', NULL, NULL, NULL, 0.00000, 0.00000, NULL, 0, NULL, 796, '2018-12-01 03:00:05', '2018-12-01 03:00:05', 1),
(796, NULL, 2, 5, 31, 'Municipalidad de Cordoba', 'Amb. Olmos 1028 3D - ', 0.00000, 5, 6, 'PAY-EXPENSE-92', NULL, NULL, NULL, 0.00000, 0.00000, NULL, 0, NULL, 795, '2018-12-01 03:00:05', NULL, 1),
(797, NULL, 2, 5, 31, 'Rentas', 'Amb. Olmos 1028 3D - ', 0.00000, 31, 5, 'GET-EXPENSE-93', NULL, NULL, NULL, 0.00000, 0.00000, NULL, 0, NULL, 798, '2018-12-01 03:00:05', '2018-12-01 03:00:05', 1),
(798, NULL, 2, 5, 31, 'Rentas', 'Amb. Olmos 1028 3D - ', 0.00000, 5, 6, 'PAY-EXPENSE-93', NULL, NULL, NULL, 0.00000, 0.00000, NULL, 0, NULL, 797, '2018-12-01 03:00:05', NULL, 1),
(799, NULL, 2, 5, 32, 'Aguas Cordobesas', 'Mono Independencia 804 6D - ', 0.00000, 32, 5, 'GET-EXPENSE-94', NULL, NULL, NULL, 0.00000, 0.00000, NULL, 0, NULL, 800, '2018-12-01 03:00:05', '2018-12-01 03:00:05', 1),
(800, NULL, 2, 5, 32, 'Aguas Cordobesas', 'Mono Independencia 804 6D - ', 0.00000, 5, 6, 'PAY-EXPENSE-94', NULL, NULL, NULL, 0.00000, 0.00000, NULL, 0, NULL, 799, '2018-12-01 03:00:05', NULL, 1),
(801, NULL, 2, 5, 32, 'Municipalidad de Cordoba', 'Mono Independencia 804 6D - ', 0.00000, 32, 5, 'GET-EXPENSE-95', NULL, NULL, NULL, 0.00000, 0.00000, NULL, 0, NULL, 802, '2018-12-01 03:00:05', '2018-12-01 03:00:05', 1),
(802, NULL, 2, 5, 32, 'Municipalidad de Cordoba', 'Mono Independencia 804 6D - ', 0.00000, 5, 6, 'PAY-EXPENSE-95', NULL, NULL, NULL, 0.00000, 0.00000, NULL, 0, NULL, 801, '2018-12-01 03:00:05', NULL, 1),
(803, NULL, 2, 5, 32, 'Rentas', 'Mono Independencia 804 6D - ', 0.00000, 32, 5, 'GET-EXPENSE-96', NULL, NULL, NULL, 0.00000, 0.00000, NULL, 0, NULL, 804, '2018-12-01 03:00:05', '2018-12-01 03:00:05', 1),
(804, NULL, 2, 5, 32, 'Rentas', 'Mono Independencia 804 6D - ', 0.00000, 5, 6, 'PAY-EXPENSE-96', NULL, NULL, NULL, 0.00000, 0.00000, NULL, 0, NULL, 803, '2018-12-01 03:00:05', NULL, 1),
(805, NULL, 2, 5, 34, 'Aguas Cordobesas', 'Obispo Oro 451 - ', 0.00000, 33, 5, 'GET-EXPENSE-100', NULL, NULL, NULL, 0.00000, 0.00000, NULL, 0, NULL, 806, '2018-12-01 03:00:05', '2018-12-01 03:00:05', 1),
(806, NULL, 2, 5, 34, 'Aguas Cordobesas', 'Obispo Oro 451 - ', 0.00000, 5, 6, 'PAY-EXPENSE-100', NULL, NULL, NULL, 0.00000, 0.00000, NULL, 0, NULL, 805, '2018-12-01 03:00:05', NULL, 1),
(807, NULL, 2, 5, 34, 'Municipalidad de Cordoba', 'Obispo Oro 451 - ', 0.00000, 33, 5, 'GET-EXPENSE-101', NULL, NULL, NULL, 0.00000, 0.00000, NULL, 0, NULL, 808, '2018-12-01 03:00:05', '2018-12-01 03:00:05', 1),
(808, NULL, 2, 5, 34, 'Municipalidad de Cordoba', 'Obispo Oro 451 - ', 0.00000, 5, 6, 'PAY-EXPENSE-101', NULL, NULL, NULL, 0.00000, 0.00000, NULL, 0, NULL, 807, '2018-12-01 03:00:05', NULL, 1),
(809, NULL, 2, 5, 34, 'Rentas', 'Obispo Oro 451 - ', 0.00000, 33, 5, 'GET-EXPENSE-102', NULL, NULL, NULL, 0.00000, 0.00000, NULL, 0, NULL, 810, '2018-12-01 03:00:05', '2018-12-01 03:00:05', 1),
(810, NULL, 2, 5, 34, 'Rentas', 'Obispo Oro 451 - ', 0.00000, 5, 6, 'PAY-EXPENSE-102', NULL, NULL, NULL, 0.00000, 0.00000, NULL, 0, NULL, 809, '2018-12-01 03:00:05', NULL, 1),
(811, NULL, 2, 5, 36, 'Aguas Cordobesas', 'San Lorenzo 2 Dorm - ', 0.00000, 34, 5, 'GET-EXPENSE-106', NULL, NULL, NULL, 0.00000, 0.00000, NULL, 0, NULL, 812, '2018-12-01 03:00:05', '2018-12-01 03:00:05', 1),
(812, NULL, 2, 5, 36, 'Aguas Cordobesas', 'San Lorenzo 2 Dorm - ', 0.00000, 5, 6, 'PAY-EXPENSE-106', NULL, NULL, NULL, 0.00000, 0.00000, NULL, 0, NULL, 811, '2018-12-01 03:00:05', NULL, 1),
(813, NULL, 2, 5, 36, 'Municipalidad de Cordoba', 'San Lorenzo 2 Dorm - ', 0.00000, 34, 5, 'GET-EXPENSE-107', NULL, NULL, NULL, 0.00000, 0.00000, NULL, 0, NULL, 814, '2018-12-01 03:00:05', '2018-12-01 03:00:05', 1),
(814, NULL, 2, 5, 36, 'Municipalidad de Cordoba', 'San Lorenzo 2 Dorm - ', 0.00000, 5, 6, 'PAY-EXPENSE-107', NULL, NULL, NULL, 0.00000, 0.00000, NULL, 0, NULL, 813, '2018-12-01 03:00:05', NULL, 1),
(815, NULL, 2, 5, 36, 'Rentas', 'San Lorenzo 2 Dorm - ', 0.00000, 34, 5, 'GET-EXPENSE-108', NULL, NULL, NULL, 0.00000, 0.00000, NULL, 0, NULL, 816, '2018-12-01 03:00:05', '2018-12-01 03:00:05', 1),
(816, NULL, 2, 5, 36, 'Rentas', 'San Lorenzo 2 Dorm - ', 0.00000, 5, 6, 'PAY-EXPENSE-108', NULL, NULL, NULL, 0.00000, 0.00000, NULL, 0, NULL, 815, '2018-12-01 03:00:05', NULL, 1),
(817, NULL, 2, 5, 37, 'Aguas Cordobesas', 'Dean Funes - ', 0.00000, 35, 5, 'GET-EXPENSE-109', NULL, NULL, NULL, 0.00000, 0.00000, NULL, 0, NULL, 818, '2018-12-01 03:00:05', '2018-12-01 03:00:05', 1),
(818, NULL, 2, 5, 37, 'Aguas Cordobesas', 'Dean Funes - ', 0.00000, 5, 6, 'PAY-EXPENSE-109', NULL, NULL, NULL, 0.00000, 0.00000, NULL, 0, NULL, 817, '2018-12-01 03:00:05', NULL, 1),
(819, NULL, 2, 5, 37, 'Municipalidad de Cordoba', 'Dean Funes - ', 0.00000, 35, 5, 'GET-EXPENSE-110', NULL, NULL, NULL, 0.00000, 0.00000, NULL, 0, NULL, 820, '2018-12-01 03:00:05', '2018-12-01 03:00:05', 1),
(820, NULL, 2, 5, 37, 'Municipalidad de Cordoba', 'Dean Funes - ', 0.00000, 5, 6, 'PAY-EXPENSE-110', NULL, NULL, NULL, 0.00000, 0.00000, NULL, 0, NULL, 819, '2018-12-01 03:00:05', NULL, 1),
(821, NULL, 2, 5, 37, 'Rentas', 'Dean Funes - ', 0.00000, 35, 5, 'GET-EXPENSE-111', NULL, NULL, NULL, 0.00000, 0.00000, NULL, 0, NULL, 822, '2018-12-01 03:00:05', '2018-12-01 03:00:05', 1),
(822, NULL, 2, 5, 37, 'Rentas', 'Dean Funes - ', 0.00000, 5, 6, 'PAY-EXPENSE-111', NULL, NULL, NULL, 0.00000, 0.00000, NULL, 0, NULL, 821, '2018-12-01 03:00:05', NULL, 1),
(823, NULL, 2, 5, 38, 'Aguas Cordobesas', 'Montevideo - ', 0.00000, 36, 5, 'GET-EXPENSE-112', NULL, NULL, NULL, 0.00000, 0.00000, NULL, 0, NULL, 824, '2018-12-01 03:00:05', '2018-12-01 03:00:05', 1),
(824, NULL, 2, 5, 38, 'Aguas Cordobesas', 'Montevideo - ', 0.00000, 5, 6, 'PAY-EXPENSE-112', NULL, NULL, NULL, 0.00000, 0.00000, NULL, 0, NULL, 823, '2018-12-01 03:00:05', NULL, 1),
(825, NULL, 2, 5, 38, 'Municipalidad de Cordoba', 'Montevideo - ', 0.00000, 36, 5, 'GET-EXPENSE-113', NULL, NULL, NULL, 0.00000, 0.00000, NULL, 0, NULL, 826, '2018-12-01 03:00:05', '2018-12-01 03:00:05', 1),
(826, NULL, 2, 5, 38, 'Municipalidad de Cordoba', 'Montevideo - ', 0.00000, 5, 6, 'PAY-EXPENSE-113', NULL, NULL, NULL, 0.00000, 0.00000, NULL, 0, NULL, 825, '2018-12-01 03:00:05', NULL, 1),
(827, NULL, 2, 5, 38, 'Rentas', 'Montevideo - ', 0.00000, 36, 5, 'GET-EXPENSE-114', NULL, NULL, NULL, 0.00000, 0.00000, NULL, 0, NULL, 828, '2018-12-01 03:00:05', '2018-12-01 03:00:05', 1),
(828, NULL, 2, 5, 38, 'Rentas', 'Montevideo - ', 0.00000, 5, 6, 'PAY-EXPENSE-114', NULL, NULL, NULL, 0.00000, 0.00000, NULL, 0, NULL, 827, '2018-12-01 03:00:05', NULL, 1),
(829, NULL, 2, 5, 39, 'Aguas Cordobesas', 'Belgrano 1003 6C - ', 0.00000, 37, 5, 'GET-EXPENSE-115', NULL, NULL, NULL, 0.00000, 0.00000, NULL, 0, NULL, 830, '2018-12-01 03:00:05', '2019-01-09 18:33:23', 0),
(830, NULL, 2, 5, 39, 'Aguas Cordobesas', 'Belgrano 1003 6C - ', 0.00000, 5, 6, 'PAY-EXPENSE-115', NULL, NULL, NULL, 0.00000, 0.00000, NULL, 0, NULL, 829, '2018-12-01 03:00:05', NULL, 1),
(831, NULL, 2, 5, 39, 'Municipalidad de Cordoba', 'Belgrano 1003 6C - ', 0.00000, 37, 5, 'GET-EXPENSE-116', NULL, NULL, NULL, 0.00000, 0.00000, NULL, 0, NULL, 832, '2018-12-01 03:00:05', '2019-01-09 18:33:23', 0),
(832, NULL, 2, 5, 39, 'Municipalidad de Cordoba', 'Belgrano 1003 6C - ', 0.00000, 5, 6, 'PAY-EXPENSE-116', NULL, NULL, NULL, 0.00000, 0.00000, NULL, 0, NULL, 831, '2018-12-01 03:00:05', NULL, 1),
(833, NULL, 2, 5, 39, 'Rentas', 'Belgrano 1003 6C - ', 0.00000, 37, 5, 'GET-EXPENSE-117', NULL, NULL, NULL, 0.00000, 0.00000, NULL, 0, NULL, 834, '2018-12-01 03:00:05', '2019-01-09 18:33:26', 0),
(834, NULL, 2, 5, 39, 'Rentas', 'Belgrano 1003 6C - ', 0.00000, 5, 6, 'PAY-EXPENSE-117', NULL, NULL, NULL, 0.00000, 0.00000, NULL, 0, NULL, 833, '2018-12-01 03:00:05', NULL, 1),
(835, NULL, 2, 5, 40, 'Aguas Cordobesas', 'Carlucci 29 - ', 0.00000, 38, 5, 'GET-EXPENSE-118', NULL, NULL, NULL, 0.00000, 0.00000, NULL, 0, NULL, 836, '2018-12-01 03:00:05', '2018-12-01 03:00:05', 1),
(836, NULL, 2, 5, 40, 'Aguas Cordobesas', 'Carlucci 29 - ', 0.00000, 5, 6, 'PAY-EXPENSE-118', NULL, NULL, NULL, 0.00000, 0.00000, NULL, 0, NULL, 835, '2018-12-01 03:00:05', NULL, 1),
(837, NULL, 2, 5, 40, 'Municipalidad de Cordoba', 'Carlucci 29 - ', 0.00000, 38, 5, 'GET-EXPENSE-119', NULL, NULL, NULL, 0.00000, 0.00000, NULL, 0, NULL, 838, '2018-12-01 03:00:05', '2018-12-01 03:00:05', 1),
(838, NULL, 2, 5, 40, 'Municipalidad de Cordoba', 'Carlucci 29 - ', 0.00000, 5, 6, 'PAY-EXPENSE-119', NULL, NULL, NULL, 0.00000, 0.00000, NULL, 0, NULL, 837, '2018-12-01 03:00:05', NULL, 1),
(839, NULL, 2, 5, 40, 'Rentas', 'Carlucci 29 - ', 0.00000, 38, 5, 'GET-EXPENSE-120', NULL, NULL, NULL, 0.00000, 0.00000, NULL, 0, NULL, 840, '2018-12-01 03:00:05', '2018-12-01 03:00:05', 1),
(840, NULL, 2, 5, 40, 'Rentas', 'Carlucci 29 - ', 0.00000, 5, 6, 'PAY-EXPENSE-120', NULL, NULL, NULL, 0.00000, 0.00000, NULL, 0, NULL, 839, '2018-12-01 03:00:05', NULL, 1),
(841, NULL, 4, 5, 2, 'Intereses por 48 días de atraso.', 'Alquiler 12-2018 ', 301.82400, 7, 2, 'INT-586', NULL, NULL, NULL, 0.00000, 301.82400, NULL, 0, NULL, NULL, '2018-12-11 03:00:03', '2019-01-18 17:20:53', 1),
(842, 24, 4, 5, 1, 'Intereses por 45 días de atraso.', 'Alquiler 12-2018 - Bonificación: $ 8,190.00', 182.25000, 8, 2, 'INT-587', NULL, NULL, NULL, 0.00000, 182.25000, NULL, 0, NULL, NULL, '2018-12-11 03:00:03', '2019-01-15 20:59:05', 1),
(843, 26, 4, 5, 4, 'Intereses por 46 días de atraso.', 'Alquiler 12-2018', 180.15900, 10, 2, 'INT-588', NULL, NULL, NULL, 0.00000, 180.15900, NULL, 0, NULL, NULL, '2018-12-11 03:00:03', '2019-01-16 14:48:53', 1),
(844, 15, 4, 5, 5, 'Intereses por 45 días de atraso.', 'Alquiler 12-2018 - Bonificación: $ 6,460.00', 111.30750, 11, 2, 'INT-589', NULL, NULL, NULL, 0.00000, 111.30750, NULL, 0, NULL, NULL, '2018-12-11 03:00:03', '2019-01-15 17:13:58', 1),
(845, 12, 4, 5, 6, 'Intereses por 44 días de atraso.', 'Alquiler 12-2018 - Bonificación: $ 2,448.00', 166.98000, 12, 2, 'INT-590', NULL, NULL, NULL, 0.00000, 166.98000, NULL, 0, NULL, NULL, '2018-12-11 03:00:03', '2019-01-14 23:48:07', 1),
(846, NULL, 4, 5, 7, 'Intereses por 45 días de atraso.', 'Alquiler 12-2018 - Bonificación: $ 6,511.00', 281.25000, 13, 2, 'INT-591', NULL, NULL, NULL, 0.00000, 281.25000, NULL, 0, NULL, NULL, '2018-12-11 03:00:03', '2019-01-15 03:00:04', 0),
(847, 17, 4, 5, 8, 'Intereses por 45 días de atraso.', 'Alquiler 12-2018 - Bonificación: $ 5,990.00', 258.75000, 14, 2, 'INT-592', NULL, NULL, NULL, 0.00000, 258.75000, NULL, 0, NULL, NULL, '2018-12-11 03:00:03', '2019-01-15 20:10:38', 1),
(848, 7, 4, 5, 9, 'Intereses por 39 días de atraso.', 'Alquiler 12-2018 - Bonificación: $ 1,500.00', 216.06000, 15, 2, 'INT-593', NULL, NULL, NULL, 0.00000, 216.06000, NULL, 0, NULL, NULL, '2018-12-11 03:00:03', '2019-01-09 19:13:38', 1),
(849, NULL, 4, 5, 10, 'Intereses por 48 días de atraso.', 'Alquiler 12-2018 ', 256.68000, 16, 2, 'INT-594', NULL, NULL, NULL, 0.00000, 256.68000, NULL, 0, NULL, NULL, '2018-12-11 03:00:03', '2019-01-18 17:20:53', 1),
(850, NULL, 4, 5, 11, 'Intereses por 48 días de atraso.', 'Alquiler 12-2018 ', 225.33600, 17, 2, 'INT-595', NULL, NULL, NULL, 0.00000, 225.33600, NULL, 0, NULL, NULL, '2018-12-11 03:00:03', '2019-01-18 17:20:53', 1),
(851, NULL, 4, 5, 14, 'Intereses por 48 días de atraso.', 'Alquiler 12-2018', 565.80000, 19, 2, 'INT-596', NULL, NULL, NULL, 0.00000, 565.80000, NULL, 0, NULL, NULL, '2018-12-11 03:00:03', '2019-01-18 03:00:03', 0),
(852, 28, 4, 5, 16, 'Intereses por 46 días de atraso.', 'Alquiler 12-2018 - Bonificación: $ 2,559.00', 182.50500, 20, 2, 'INT-597', NULL, NULL, NULL, 0.00000, 182.50500, NULL, 0, NULL, NULL, '2018-12-11 03:00:03', '2019-01-16 14:52:08', 1),
(853, NULL, 4, 5, 15, 'Intereses por 45 días de atraso.', 'Alquiler 12-2018 - Bonificación: $ 8,192.00', 182.25000, 21, 2, 'INT-598', NULL, NULL, NULL, 0.00000, 182.25000, NULL, 0, NULL, NULL, '2018-12-11 03:00:03', '2019-01-15 03:00:04', 0),
(854, NULL, 4, 5, 18, 'Intereses por 48 días de atraso.', 'Alquiler 12-2018 ', 179.40000, 22, 2, 'INT-599', NULL, NULL, NULL, 0.00000, 179.40000, NULL, 0, NULL, NULL, '2018-12-11 03:00:03', '2019-01-18 17:20:53', 1),
(855, NULL, 4, 5, 19, 'Intereses por 48 días de atraso.', 'Alquiler 12-2018 ', 309.12000, 23, 2, 'INT-600', NULL, NULL, NULL, 0.00000, 309.12000, NULL, 0, NULL, NULL, '2018-12-11 03:00:03', '2019-01-18 17:20:53', 1),
(856, 6, 4, 5, 20, 'Intereses por 39 días de atraso.', 'Alquiler 12-2018 - Bonificación: $ 13,000.00', 370.50000, 24, 2, 'INT-601', NULL, NULL, NULL, 0.00000, 370.50000, NULL, 0, NULL, NULL, '2018-12-11 03:00:03', '2019-01-09 19:10:02', 1),
(857, NULL, 4, 5, 21, 'Intereses por 48 días de atraso.', 'Alquiler 12-2018 ', 174.55200, 25, 2, 'INT-602', NULL, NULL, NULL, 0.00000, 174.55200, NULL, 0, NULL, NULL, '2018-12-11 03:00:03', '2019-01-18 17:20:53', 1),
(858, NULL, 4, 5, 22, 'Intereses por 48 días de atraso.', 'Alquiler 12-2018', 189.81600, 26, 2, 'INT-603', NULL, NULL, NULL, 0.00000, 189.81600, NULL, 0, NULL, NULL, '2018-12-11 03:00:03', '2019-01-18 03:00:04', 0),
(859, NULL, 4, 5, 25, 'Intereses por 48 días de atraso.', 'Alquiler 12-2018 ', 441.60000, 27, 2, 'INT-604', NULL, NULL, NULL, 0.00000, 441.60000, NULL, 0, NULL, NULL, '2018-12-11 03:00:03', '2019-01-18 17:20:53', 1),
(860, NULL, 4, 5, 26, 'Intereses por 48 días de atraso.', 'Alquiler 12-2018 ', 420.00000, 28, 2, 'INT-605', NULL, NULL, NULL, 0.00000, 420.00000, NULL, 0, NULL, NULL, '2018-12-11 03:00:03', '2019-01-18 17:20:53', 1),
(861, NULL, 4, 5, 28, 'Intereses por 48 días de atraso.', 'Alquiler 12-2018 ', 314.64000, 29, 2, 'INT-606', NULL, NULL, NULL, 0.00000, 314.64000, NULL, 0, NULL, NULL, '2018-12-11 03:00:03', '2019-01-18 17:20:53', 0),
(862, NULL, 4, 5, 30, 'Intereses por 48 días de atraso.', 'Alquiler 12-2018', 160.96800, 30, 2, 'INT-607', NULL, NULL, NULL, 0.00000, 160.96800, NULL, 0, NULL, NULL, '2018-12-11 03:00:03', '2019-01-18 03:00:04', 1),
(863, NULL, 4, 5, 31, 'Intereses por 48 días de atraso.', 'Alquiler 12-2018 ', 158.71200, 31, 2, 'INT-608', NULL, NULL, NULL, 0.00000, 158.71200, NULL, 0, NULL, NULL, '2018-12-11 03:00:03', '2019-01-18 17:20:53', 1),
(864, NULL, 4, 5, 32, 'Intereses por 48 días de atraso.', 'Alquiler 12-2018', 116.80800, 32, 2, 'INT-609', NULL, NULL, NULL, 0.00000, 116.80800, NULL, 0, NULL, NULL, '2018-12-11 03:00:03', '2019-01-18 03:00:04', 1),
(865, NULL, 4, 5, 34, 'Intereses por 48 días de atraso.', 'Alquiler 12-2018', 292.00800, 33, 2, 'INT-610', NULL, NULL, NULL, 0.00000, 292.00800, NULL, 0, NULL, NULL, '2018-12-11 03:00:04', '2019-01-18 03:00:04', 1),
(866, NULL, 4, 5, 36, 'Intereses por 48 días de atraso.', 'Alquiler 12-2018 ', 242.40000, 34, 2, 'INT-611', NULL, NULL, NULL, 0.00000, 242.40000, NULL, 0, NULL, NULL, '2018-12-11 03:00:04', '2019-01-18 17:20:53', 1),
(867, NULL, 4, 5, 37, 'Intereses por 48 días de atraso.', 'Alquiler 12-2018', 118.80000, 35, 2, 'INT-612', NULL, NULL, NULL, 0.00000, 118.80000, NULL, 0, NULL, NULL, '2018-12-11 03:00:04', '2019-01-18 03:00:04', 1),
(868, NULL, 4, 5, 38, 'Intereses por 48 días de atraso.', 'Alquiler 12-2018 ', 156.00000, 36, 2, 'INT-613', NULL, NULL, NULL, 0.00000, 156.00000, NULL, 0, NULL, NULL, '2018-12-11 03:00:04', '2019-01-18 17:20:53', 1),
(869, NULL, 4, 5, 39, 'Intereses por 48 días de atraso.', 'Alquiler 12-2018 ', 173.28000, 37, 2, 'INT-614', NULL, NULL, NULL, 0.00000, 173.28000, NULL, 0, NULL, NULL, '2018-12-11 03:00:04', '2019-01-18 17:20:53', 0),
(870, NULL, 4, 5, 40, 'Intereses por 48 días de atraso.', 'Alquiler 12-2018 ', 269.78400, 38, 2, 'INT-615', NULL, NULL, NULL, 0.00000, 269.78400, NULL, 0, NULL, NULL, '2018-12-11 03:00:04', '2019-01-18 17:20:53', 1),
(871, NULL, 4, 5, 41, 'Intereses por 48 días de atraso.', 'Alquiler 12-2018', 175.20000, 39, 2, 'INT-616', NULL, NULL, NULL, 0.00000, 175.20000, NULL, 0, NULL, NULL, '2018-12-11 03:00:04', '2019-01-18 03:00:04', 1),
(872, NULL, 5, 6, 2, 'Alquiler 01-2019 ', 'Oficina 11 Cerro', 12576.00000, 7, 2, 'GET-RENT-1', NULL, '2019-01-10', '2019-01-01', 0.00050, 12576.00000, NULL, 0, NULL, NULL, '2019-01-01 03:00:02', '2019-01-18 17:08:26', 1),
(873, 14, 5, 6, 1, 'Alquiler 01-2019 ', 'Oficina 12 Cerro', 8100.00000, 8, 2, 'GET-RENT-2', NULL, '2019-01-10', '2019-01-01', 0.00050, 8100.00000, NULL, 0, NULL, NULL, '2019-01-01 03:00:02', '2019-01-18 17:08:26', 1),
(874, 26, 5, 6, 4, 'Alquiler 01-2019', 'Torre Carmela 2C', 7833.00000, 10, 2, 'GET-RENT-4', NULL, '2019-01-10', '2019-01-01', 0.00050, 7833.00000, NULL, 0, NULL, NULL, '2019-01-01 03:00:02', '2019-01-16 14:48:53', 1),
(875, 15, 5, 6, 5, 'Alquiler 01-2019 ', 'Torre Carmela 3B', 4947.00000, 11, 2, 'GET-RENT-5', NULL, '2019-01-10', '2019-01-01', 0.00050, 4947.00000, NULL, 0, NULL, NULL, '2019-01-01 03:00:02', '2019-01-18 17:08:26', 1),
(876, 12, 5, 6, 6, 'Alquiler 01-2019 ', 'Torre Carmela 3C', 7590.00000, 12, 2, 'GET-RENT-6', NULL, '2019-01-10', '2019-01-01', 0.00050, 7590.00000, NULL, 0, NULL, NULL, '2019-01-01 03:00:02', '2019-01-18 17:08:26', 1),
(877, 13, 5, 6, 7, 'Alquiler 01-2019 ', 'Torre Carmela 4B', 12500.00000, 13, 2, 'GET-RENT-7', NULL, '2019-01-10', '2019-01-01', 0.00050, 12500.00000, NULL, 0, NULL, NULL, '2019-01-01 03:00:02', '2019-01-18 17:08:26', 1),
(878, 17, 5, 6, 8, 'Alquiler 01-2019 ', 'Torre Carmela 5A', 11500.00000, 14, 2, 'GET-RENT-8', NULL, '2019-01-10', '2019-01-01', 0.00050, 11500.00000, NULL, 0, NULL, NULL, '2019-01-01 03:00:02', '2019-01-18 17:08:26', 1),
(879, 7, 5, 6, 9, 'Alquiler 01-2019 ', 'Torre Carmela 7A', 11080.00000, 15, 2, 'GET-RENT-9', NULL, '2019-01-10', '2019-01-01', 0.00050, 11080.00000, NULL, 0, NULL, NULL, '2019-01-01 03:00:02', '2019-01-18 17:08:26', 1),
(880, NULL, 5, 6, 10, 'Alquiler 01-2019 ', 'Torre Carmela 7B', 10695.00000, 16, 2, 'GET-RENT-10', NULL, '2019-01-10', '2019-01-01', 0.00050, 10695.00000, NULL, 0, NULL, NULL, '2019-01-01 03:00:02', '2019-01-18 17:08:26', 0),
(881, NULL, 5, 6, 11, 'Alquiler 01-2019', 'Torre Carmela 9A', 10797.00000, 17, 2, 'GET-RENT-11', NULL, '2019-01-10', '2019-01-01', 0.00050, 10797.00000, NULL, 0, NULL, NULL, '2019-01-01 03:00:02', NULL, 1),
(882, 10, 5, 6, 14, 'Alquiler 01-2019', 'Casa La Finur', 23575.00000, 19, 2, 'GET-RENT-14', NULL, '2019-01-10', '2019-01-01', 0.00050, 23575.00000, NULL, 0, NULL, NULL, '2019-01-01 03:00:02', '2019-01-09 19:37:21', 1),
(883, NULL, 5, 6, 16, 'Alquiler 01-2019 ', 'Manantiales', 7935.00000, 20, 2, 'GET-RENT-15', NULL, '2019-01-10', '2019-01-01', 0.00050, 7935.00000, NULL, 0, NULL, NULL, '2019-01-01 03:00:02', '2019-01-18 17:08:26', 0),
(884, 4, 5, 6, 15, 'Alquiler 01-2019 ', 'Local Rafael Nuñez', 8100.00000, 21, 2, 'GET-RENT-16', NULL, '2019-01-10', '2019-01-01', 0.00050, 8100.00000, NULL, 0, NULL, NULL, '2019-01-01 03:00:02', '2019-01-18 17:08:26', 1),
(885, NULL, 5, 6, 18, 'Alquiler 01-2019 ', 'Torre Carmela 1C', 7475.00000, 22, 2, 'GET-RENT-17', NULL, '2019-01-10', '2019-01-01', 0.00050, 7475.00000, NULL, 0, NULL, NULL, '2019-01-01 03:00:03', '2019-01-18 17:08:26', 1),
(886, NULL, 5, 6, 19, 'Alquiler 01-2019 ', 'Chile 349 Consultorio', 12880.00000, 23, 2, 'GET-RENT-18', NULL, '2019-01-10', '2019-01-01', 0.00050, 12880.00000, NULL, 0, NULL, NULL, '2019-01-01 03:00:03', '2019-01-18 17:08:26', 1),
(887, 6, 5, 6, 20, 'Alquiler 01-2019 ', 'Thays', 19000.00000, 24, 2, 'GET-RENT-19', NULL, '2019-01-10', '2019-01-01', 0.00050, 19000.00000, NULL, 0, NULL, NULL, '2019-01-01 03:00:03', '2019-01-18 17:08:26', 1),
(888, NULL, 5, 6, 21, 'Alquiler 01-2019 ', 'Pje. España 1 A', 7273.00000, 25, 2, 'GET-RENT-20', NULL, '2019-01-10', '2019-01-01', 0.00050, 7273.00000, NULL, 0, NULL, NULL, '2019-01-01 03:00:03', '2019-01-18 17:08:26', 1),
(889, 5, 5, 6, 22, 'Alquiler 01-2019', 'Pje. España 2 A', 7909.00000, 26, 2, 'GET-RENT-21', NULL, '2019-01-10', '2019-01-01', 0.00050, 7909.00000, NULL, 0, NULL, NULL, '2019-01-01 03:00:03', '2019-01-09 19:05:23', 1),
(890, NULL, 5, 6, 25, 'Alquiler 01-2019 ', 'Duplex Azpeitia', 18400.00000, 27, 2, 'GET-RENT-23', NULL, '2019-01-10', '2019-01-01', 0.00050, 18400.00000, NULL, 0, NULL, NULL, '2019-01-01 03:00:03', '2019-01-18 17:08:26', 1),
(891, NULL, 5, 6, 26, 'Alquiler 01-2019 ', 'Local Independencia 1091', 17500.00000, 28, 2, 'GET-RENT-25', NULL, '2019-01-10', '2019-01-01', 0.00050, 17500.00000, NULL, 0, NULL, NULL, '2019-01-01 03:00:03', '2019-01-18 17:08:26', 1),
(892, 30, 5, 6, 28, 'Alquiler 01-2019 ', 'Triplex Salguero', 13110.00000, 29, 2, 'GET-RENT-26', NULL, '2019-01-10', '2019-01-01', 0.00050, 13110.00000, NULL, 0, NULL, NULL, '2019-01-01 03:00:03', '2019-01-18 17:08:26', 1),
(893, NULL, 5, 6, 30, 'Alquiler 01-2019', 'San Lorenzo Mono', 6707.00000, 30, 2, 'GET-RENT-27', NULL, '2019-01-10', '2019-01-01', 0.00050, 6707.00000, NULL, 0, NULL, NULL, '2019-01-01 03:00:03', NULL, 1),
(894, NULL, 5, 6, 31, 'Alquiler 01-2019 ', 'Amb. Olmos 1028 3D', 6613.00000, 31, 2, 'GET-RENT-28', NULL, '2019-01-10', '2019-01-01', 0.00050, 6613.00000, NULL, 0, NULL, NULL, '2019-01-01 03:00:03', '2019-01-18 17:08:26', 1),
(895, NULL, 5, 6, 32, 'Alquiler 01-2019', 'Mono Independencia 804 6D', 4867.00000, 32, 2, 'GET-RENT-29', NULL, '2019-01-10', '2019-01-01', 0.00050, 4867.00000, NULL, 0, NULL, NULL, '2019-01-01 03:00:03', NULL, 1),
(896, NULL, 5, 6, 34, 'Alquiler 01-2019', 'Obispo Oro 451', 12167.00000, 33, 2, 'GET-RENT-30', NULL, '2019-01-10', '2019-01-01', 0.00050, 12167.00000, NULL, 0, NULL, NULL, '2019-01-01 03:00:03', NULL, 1),
(897, NULL, 5, 6, 36, 'Alquiler 01-2019 ', 'San Lorenzo 2 Dorm', 12075.00000, 34, 2, 'GET-RENT-31', NULL, '2019-01-10', '2019-01-01', 0.00050, 12075.00000, NULL, 0, NULL, NULL, '2019-01-01 03:00:03', '2019-01-18 17:08:26', 1),
(898, NULL, 5, 6, 37, 'Alquiler 01-2019', 'Dean Funes', 4950.00000, 35, 2, 'GET-RENT-32', NULL, '2019-01-10', '2019-01-01', 0.00050, 4950.00000, NULL, 0, NULL, NULL, '2019-01-01 03:00:03', NULL, 1),
(899, NULL, 5, 6, 38, 'Alquiler 01-2019 ', 'Montevideo', 7410.00000, 36, 2, 'GET-RENT-33', NULL, '2019-01-10', '2019-01-01', 0.00050, 7410.00000, NULL, 0, NULL, NULL, '2019-01-01 03:00:03', '2019-01-18 17:08:26', 1),
(900, 2, 5, 6, 39, 'Alquiler 01-2019 ', 'Belgrano 1003 6C', 8300.00000, 37, 2, 'GET-RENT-34', NULL, '2019-01-10', '2019-01-01', 0.00050, 8300.00000, NULL, 0, NULL, NULL, '2019-01-01 03:00:03', '2019-01-18 17:08:26', 1),
(901, NULL, 5, 6, 40, 'Alquiler 01-2019 ', 'Carlucci 29', 11241.00000, 38, 2, 'GET-RENT-35', NULL, '2019-01-10', '2019-01-01', 0.00050, 11241.00000, NULL, 0, NULL, NULL, '2019-01-01 03:00:03', '2019-01-18 17:08:26', 1),
(902, NULL, 5, 6, 41, 'Alquiler 01-2019', 'M.T. de Alvear 970 2º 11', 7300.00000, 39, 2, 'GET-RENT-36', NULL, '2019-01-10', '2019-01-01', 0.00050, 7300.00000, NULL, 0, NULL, NULL, '2019-01-01 03:00:03', NULL, 1),
(903, 9, 5, 6, 2, 'Liquidación periodo 01-2019 ', 'Oficina 11 Cerro', 12576.00000, 2, 40, 'LIQ-RENT-1', NULL, NULL, NULL, 0.00000, 12576.00000, NULL, 0, NULL, NULL, '2019-01-01 03:00:03', '2019-01-18 17:08:26', 1),
(904, 9, 1, 6, 2, 'Gasto administrativo periodo 01-2019', 'Oficina 11 Cerro', 628.80000, 40, 1, 'LIQ-ADM-RENT-1', NULL, NULL, NULL, 0.00000, 628.80000, NULL, 0, NULL, NULL, '2019-01-01 03:00:03', '2019-01-09 19:34:34', 1),
(905, 9, 5, 6, 1, 'Liquidación periodo 01-2019 ', 'Oficina 12 Cerro', 8100.00000, 2, 40, 'LIQ-RENT-2', NULL, NULL, NULL, 0.00000, 8100.00000, NULL, 0, NULL, NULL, '2019-01-01 03:00:03', '2019-01-18 17:08:26', 1),
(906, 9, 1, 6, 1, 'Gasto administrativo periodo 01-2019', 'Oficina 12 Cerro', 405.00000, 40, 1, 'LIQ-ADM-RENT-2', NULL, NULL, NULL, 0.00000, 405.00000, NULL, 0, NULL, NULL, '2019-01-01 03:00:03', '2019-01-09 19:34:34', 1),
(907, 9, 5, 6, 4, 'Liquidación periodo 01-2019', 'Torre Carmela 2C', 7833.00000, 2, 40, 'LIQ-RENT-4', NULL, NULL, NULL, 0.00000, 7833.00000, NULL, 0, NULL, NULL, '2019-01-01 03:00:03', '2019-01-09 19:34:35', 1),
(908, 9, 1, 6, 4, 'Gasto administrativo periodo 01-2019', 'Torre Carmela 2C', 391.65000, 40, 1, 'LIQ-ADM-RENT-4', NULL, NULL, NULL, 0.00000, 391.65000, NULL, 0, NULL, NULL, '2019-01-01 03:00:03', '2019-01-09 19:34:34', 1),
(909, 9, 5, 6, 5, 'Liquidación periodo 01-2019 ', 'Torre Carmela 3B', 4947.00000, 2, 40, 'LIQ-RENT-5', NULL, NULL, NULL, 0.00000, 4947.00000, NULL, 0, NULL, NULL, '2019-01-01 03:00:03', '2019-01-18 17:08:26', 1),
(910, 9, 1, 6, 5, 'Gasto administrativo periodo 01-2019', 'Torre Carmela 3B', 247.35000, 40, 1, 'LIQ-ADM-RENT-5', NULL, NULL, NULL, 0.00000, 247.35000, NULL, 0, NULL, NULL, '2019-01-01 03:00:03', '2019-01-09 19:34:34', 1),
(911, 9, 5, 6, 6, 'Liquidación periodo 01-2019 ', 'Torre Carmela 3C', 7590.00000, 2, 40, 'LIQ-RENT-6', NULL, NULL, NULL, 0.00000, 7590.00000, NULL, 0, NULL, NULL, '2019-01-01 03:00:03', '2019-01-18 17:08:26', 1),
(912, 9, 1, 6, 6, 'Gasto administrativo periodo 01-2019', 'Torre Carmela 3C', 379.50000, 40, 1, 'LIQ-ADM-RENT-6', NULL, NULL, NULL, 0.00000, 379.50000, NULL, 0, NULL, NULL, '2019-01-01 03:00:03', '2019-01-09 19:34:34', 1),
(913, 9, 5, 6, 7, 'Liquidación periodo 01-2019 ', 'Torre Carmela 4B', 12500.00000, 2, 40, 'LIQ-RENT-7', NULL, NULL, NULL, 0.00000, 12500.00000, NULL, 0, NULL, NULL, '2019-01-01 03:00:03', '2019-01-18 17:08:26', 1),
(914, 9, 1, 6, 7, 'Gasto administrativo periodo 01-2019', 'Torre Carmela 4B', 625.00000, 40, 1, 'LIQ-ADM-RENT-7', NULL, NULL, NULL, 0.00000, 625.00000, NULL, 0, NULL, NULL, '2019-01-01 03:00:03', '2019-01-09 19:34:34', 1),
(915, NULL, 5, 6, 8, 'Liquidación periodo 01-2019 ', 'Torre Carmela 5A', 11500.00000, 2, 40, 'LIQ-RENT-8', NULL, NULL, NULL, 0.00000, 11500.00000, NULL, 0, NULL, NULL, '2019-01-01 03:00:03', '2019-01-18 17:08:26', 0),
(916, 9, 1, 6, 8, 'Gasto administrativo periodo 01-2019', 'Torre Carmela 5A', 575.00000, 40, 1, 'LIQ-ADM-RENT-8', NULL, NULL, NULL, 0.00000, 575.00000, NULL, 0, NULL, NULL, '2019-01-01 03:00:03', '2019-01-09 19:34:34', 1),
(917, NULL, 5, 6, 9, 'Liquidación periodo 01-2019 ', 'Torre Carmela 7A', 11080.00000, 2, 40, 'LIQ-RENT-9', NULL, NULL, NULL, 0.00000, 11080.00000, NULL, 0, NULL, NULL, '2019-01-01 03:00:03', '2019-01-18 17:08:26', 0),
(918, 9, 1, 6, 9, 'Gasto administrativo periodo 01-2019', 'Torre Carmela 7A', 554.00000, 40, 1, 'LIQ-ADM-RENT-9', NULL, NULL, NULL, 0.00000, 554.00000, NULL, 0, NULL, NULL, '2019-01-01 03:00:03', '2019-01-09 19:34:34', 1),
(919, NULL, 5, 6, 10, 'Liquidación periodo 01-2019 ', 'Torre Carmela 7B', 10695.00000, 2, 40, 'LIQ-RENT-10', NULL, NULL, NULL, 0.00000, 10695.00000, NULL, 0, NULL, NULL, '2019-01-01 03:00:03', '2019-01-18 17:08:26', 0),
(920, 9, 1, 6, 10, 'Gasto administrativo periodo 01-2019', 'Torre Carmela 7B', 534.75000, 40, 1, 'LIQ-ADM-RENT-10', NULL, NULL, NULL, 0.00000, 534.75000, NULL, 0, NULL, NULL, '2019-01-01 03:00:03', '2019-01-09 19:34:34', 1),
(921, NULL, 5, 6, 11, 'Liquidación periodo 01-2019', 'Torre Carmela 9A', 10797.00000, 2, 40, 'LIQ-RENT-11', NULL, NULL, NULL, 0.00000, 10797.00000, NULL, 0, NULL, NULL, '2019-01-01 03:00:03', '2019-01-09 19:34:24', 0),
(922, 9, 1, 6, 11, 'Gasto administrativo periodo 01-2019', 'Torre Carmela 9A', 539.85000, 40, 1, 'LIQ-ADM-RENT-11', NULL, NULL, NULL, 0.00000, 539.85000, NULL, 0, NULL, NULL, '2019-01-01 03:00:03', '2019-01-09 19:34:34', 1),
(923, NULL, 5, 6, 14, 'Liquidación periodo 01-2019', 'Casa La Finur', 23575.00000, 2, 40, 'LIQ-RENT-14', NULL, NULL, NULL, 0.00000, 23575.00000, NULL, 0, NULL, NULL, '2019-01-01 03:00:03', '2019-01-09 19:34:22', 0),
(924, 9, 1, 6, 14, 'Gasto administrativo periodo 01-2019', 'Casa La Finur', 1178.75000, 40, 1, 'LIQ-ADM-RENT-14', NULL, NULL, NULL, 0.00000, 1178.75000, NULL, 0, NULL, NULL, '2019-01-01 03:00:03', '2019-01-09 19:34:34', 1),
(925, NULL, 5, 6, 16, 'Liquidación periodo 01-2019 ', 'Manantiales', 7935.00000, 2, 40, 'LIQ-RENT-15', NULL, NULL, NULL, 0.00000, 7935.00000, NULL, 0, NULL, NULL, '2019-01-01 03:00:03', '2019-01-18 17:08:26', 0),
(926, 9, 1, 6, 16, 'Gasto administrativo periodo 01-2019', 'Manantiales', 396.75000, 40, 1, 'LIQ-ADM-RENT-15', NULL, NULL, NULL, 0.00000, 396.75000, NULL, 0, NULL, NULL, '2019-01-01 03:00:03', '2019-01-09 19:34:34', 1),
(927, NULL, 5, 6, 15, 'Liquidación periodo 01-2019 ', 'Local Rafael Nuñez', 8100.00000, 2, 40, 'LIQ-RENT-16', NULL, NULL, NULL, 0.00000, 8100.00000, NULL, 0, NULL, NULL, '2019-01-01 03:00:03', '2019-01-18 17:08:26', 0),
(928, 9, 1, 6, 15, 'Gasto administrativo periodo 01-2019', 'Local Rafael Nuñez', 405.00000, 40, 1, 'LIQ-ADM-RENT-16', NULL, NULL, NULL, 0.00000, 405.00000, NULL, 0, NULL, NULL, '2019-01-01 03:00:03', '2019-01-09 19:34:34', 1),
(929, NULL, 2, 6, 1, 'Aguas Cordobesas', 'Oficina 12 Cerro - ', 0.00000, 8, 5, 'GET-EXPENSE-1', NULL, NULL, NULL, 0.00000, 0.00000, NULL, 0, NULL, 930, '2019-01-01 03:00:03', '2019-01-09 18:39:42', 0),
(930, NULL, 2, 6, 1, 'Aguas Cordobesas', 'Oficina 12 Cerro - ', 0.00000, 5, 6, 'PAY-EXPENSE-1', NULL, NULL, NULL, 0.00000, 0.00000, NULL, 0, NULL, 929, '2019-01-01 03:00:03', NULL, 1),
(931, NULL, 2, 6, 1, 'Municipalidad de Cordoba', 'Oficina 12 Cerro - ', 0.00000, 8, 5, 'GET-EXPENSE-2', NULL, NULL, NULL, 0.00000, 0.00000, NULL, 0, NULL, 932, '2019-01-01 03:00:03', '2019-01-09 18:39:44', 0),
(932, NULL, 2, 6, 1, 'Municipalidad de Cordoba', 'Oficina 12 Cerro - ', 0.00000, 5, 6, 'PAY-EXPENSE-2', NULL, NULL, NULL, 0.00000, 0.00000, NULL, 0, NULL, 931, '2019-01-01 03:00:03', NULL, 1),
(933, NULL, 2, 6, 1, 'Rentas', 'Oficina 12 Cerro - ', 0.00000, 8, 5, 'GET-EXPENSE-3', NULL, NULL, NULL, 0.00000, 0.00000, NULL, 0, NULL, 934, '2019-01-01 03:00:03', '2019-01-09 18:39:45', 0),
(934, NULL, 2, 6, 1, 'Rentas', 'Oficina 12 Cerro - ', 0.00000, 5, 6, 'PAY-EXPENSE-3', NULL, NULL, NULL, 0.00000, 0.00000, NULL, 0, NULL, 933, '2019-01-01 03:00:03', NULL, 1),
(935, NULL, 2, 6, 2, 'Aguas Cordobesas', 'Oficina 11 Cerro - ', 0.00000, 7, 5, 'GET-EXPENSE-4', NULL, NULL, NULL, 0.00000, 0.00000, NULL, 0, NULL, 936, '2019-01-01 03:00:03', '2019-01-01 03:00:03', 1),
(936, NULL, 2, 6, 2, 'Aguas Cordobesas', 'Oficina 11 Cerro - ', 0.00000, 5, 6, 'PAY-EXPENSE-4', NULL, NULL, NULL, 0.00000, 0.00000, NULL, 0, NULL, 935, '2019-01-01 03:00:03', NULL, 1),
(937, NULL, 2, 6, 2, 'Municipalidad de Cordoba', 'Oficina 11 Cerro - ', 0.00000, 7, 5, 'GET-EXPENSE-5', NULL, NULL, NULL, 0.00000, 0.00000, NULL, 0, NULL, 938, '2019-01-01 03:00:03', '2019-01-01 03:00:03', 1),
(938, NULL, 2, 6, 2, 'Municipalidad de Cordoba', 'Oficina 11 Cerro - ', 0.00000, 5, 6, 'PAY-EXPENSE-5', NULL, NULL, NULL, 0.00000, 0.00000, NULL, 0, NULL, 937, '2019-01-01 03:00:03', NULL, 1),
(939, NULL, 2, 6, 2, 'Rentas', 'Oficina 11 Cerro - ', 0.00000, 7, 5, 'GET-EXPENSE-6', NULL, NULL, NULL, 0.00000, 0.00000, NULL, 0, NULL, 940, '2019-01-01 03:00:03', '2019-01-01 03:00:03', 1),
(940, NULL, 2, 6, 2, 'Rentas', 'Oficina 11 Cerro - ', 0.00000, 5, 6, 'PAY-EXPENSE-6', NULL, NULL, NULL, 0.00000, 0.00000, NULL, 0, NULL, 939, '2019-01-01 03:00:03', NULL, 1),
(941, 9, 2, 6, 3, 'Aguas Cordobesas', 'Gomeria Caraffa - ', 0.00000, 40, 5, 'GET-EXPENSE-7', NULL, NULL, NULL, 0.00000, 0.00000, NULL, 0, NULL, 942, '2019-01-01 03:00:03', '2019-01-09 19:34:34', 1),
(942, NULL, 2, 6, 3, 'Aguas Cordobesas', 'Gomeria Caraffa - ', 0.00000, 5, 6, 'PAY-EXPENSE-7', NULL, NULL, NULL, 0.00000, 0.00000, NULL, 0, NULL, 941, '2019-01-01 03:00:03', NULL, 1),
(943, 9, 2, 6, 3, 'Municipalidad de Cordoba', 'Gomeria Caraffa - ', 0.00000, 40, 5, 'GET-EXPENSE-8', NULL, NULL, NULL, 0.00000, 0.00000, NULL, 0, NULL, 944, '2019-01-01 03:00:03', '2019-01-09 19:34:35', 1),
(944, NULL, 2, 6, 3, 'Municipalidad de Cordoba', 'Gomeria Caraffa - ', 0.00000, 5, 6, 'PAY-EXPENSE-8', NULL, NULL, NULL, 0.00000, 0.00000, NULL, 0, NULL, 943, '2019-01-01 03:00:03', NULL, 1),
(945, 9, 2, 6, 3, 'Rentas', 'Gomeria Caraffa - ', 0.00000, 40, 5, 'GET-EXPENSE-9', NULL, NULL, NULL, 0.00000, 0.00000, NULL, 0, NULL, 946, '2019-01-01 03:00:03', '2019-01-09 19:34:35', 1),
(946, NULL, 2, 6, 3, 'Rentas', 'Gomeria Caraffa - ', 0.00000, 5, 6, 'PAY-EXPENSE-9', NULL, NULL, NULL, 0.00000, 0.00000, NULL, 0, NULL, 945, '2019-01-01 03:00:03', NULL, 1),
(947, 26, 2, 6, 4, 'Aguas Cordobesas', 'Torre Carmela 2C - ', 0.00000, 10, 5, 'GET-EXPENSE-10', NULL, NULL, NULL, 0.00000, 0.00000, NULL, 0, NULL, 948, '2019-01-01 03:00:03', '2019-01-16 14:48:53', 1),
(948, NULL, 2, 6, 4, 'Aguas Cordobesas', 'Torre Carmela 2C - ', 0.00000, 5, 6, 'PAY-EXPENSE-10', NULL, NULL, NULL, 0.00000, 0.00000, NULL, 0, NULL, 947, '2019-01-01 03:00:03', NULL, 1),
(949, 26, 2, 6, 4, 'Municipalidad de Cordoba', 'Torre Carmela 2C - 41202303000006', 0.00000, 10, 5, 'GET-EXPENSE-11', NULL, NULL, NULL, 0.00000, 0.00000, NULL, 0, NULL, 950, '2019-01-01 03:00:03', '2019-01-16 14:48:53', 1),
(950, NULL, 2, 6, 4, 'Municipalidad de Cordoba', 'Torre Carmela 2C - 41202303000006', 0.00000, 5, 6, 'PAY-EXPENSE-11', NULL, NULL, NULL, 0.00000, 0.00000, NULL, 0, NULL, 949, '2019-01-01 03:00:03', NULL, 1),
(951, 26, 2, 6, 4, 'Rentas', 'Torre Carmela 2C - ', 0.00000, 10, 5, 'GET-EXPENSE-12', NULL, NULL, NULL, 0.00000, 0.00000, NULL, 0, NULL, 952, '2019-01-01 03:00:03', '2019-01-16 14:48:53', 1),
(952, NULL, 2, 6, 4, 'Rentas', 'Torre Carmela 2C - ', 0.00000, 5, 6, 'PAY-EXPENSE-12', NULL, NULL, NULL, 0.00000, 0.00000, NULL, 0, NULL, 951, '2019-01-01 03:00:03', NULL, 1),
(953, 15, 2, 6, 5, 'Aguas Cordobesas', 'Torre Carmela 3B - ', 0.00000, 11, 5, 'GET-EXPENSE-13', NULL, NULL, NULL, 0.00000, 0.00000, NULL, 0, NULL, 954, '2019-01-01 03:00:03', '2019-01-15 17:13:58', 1),
(954, NULL, 2, 6, 5, 'Aguas Cordobesas', 'Torre Carmela 3B - ', 0.00000, 5, 6, 'PAY-EXPENSE-13', NULL, NULL, NULL, 0.00000, 0.00000, NULL, 0, NULL, 953, '2019-01-01 03:00:03', NULL, 1),
(955, 15, 2, 6, 5, 'Municipalidad de Cordoba', 'Torre Carmela 3B - 41202303000011', 0.00000, 11, 5, 'GET-EXPENSE-14', NULL, NULL, NULL, 0.00000, 0.00000, NULL, 0, NULL, 956, '2019-01-01 03:00:03', '2019-01-15 17:13:58', 1),
(956, NULL, 2, 6, 5, 'Municipalidad de Cordoba', 'Torre Carmela 3B - 41202303000011', 0.00000, 5, 6, 'PAY-EXPENSE-14', NULL, NULL, NULL, 0.00000, 0.00000, NULL, 0, NULL, 955, '2019-01-01 03:00:03', NULL, 1),
(957, 15, 2, 6, 5, 'Rentas', 'Torre Carmela 3B - ', 0.00000, 11, 5, 'GET-EXPENSE-15', NULL, NULL, NULL, 0.00000, 0.00000, NULL, 0, NULL, 958, '2019-01-01 03:00:03', '2019-01-15 17:13:58', 1),
(958, NULL, 2, 6, 5, 'Rentas', 'Torre Carmela 3B - ', 0.00000, 5, 6, 'PAY-EXPENSE-15', NULL, NULL, NULL, 0.00000, 0.00000, NULL, 0, NULL, 957, '2019-01-01 03:00:03', NULL, 1),
(959, 12, 2, 6, 6, 'Aguas Cordobesas', 'Torre Carmela 3C - ', 0.00000, 12, 5, 'GET-EXPENSE-16', NULL, NULL, NULL, 0.00000, 0.00000, NULL, 0, NULL, 960, '2019-01-01 03:00:03', '2019-01-14 23:48:07', 1),
(960, NULL, 2, 6, 6, 'Aguas Cordobesas', 'Torre Carmela 3C - ', 0.00000, 5, 6, 'PAY-EXPENSE-16', NULL, NULL, NULL, 0.00000, 0.00000, NULL, 0, NULL, 959, '2019-01-01 03:00:03', NULL, 1),
(961, 12, 2, 6, 6, 'Municipalidad de Cordoba', 'Torre Carmela 3C - 41202303000009', 0.00000, 12, 5, 'GET-EXPENSE-17', NULL, NULL, NULL, 0.00000, 0.00000, NULL, 0, NULL, 962, '2019-01-01 03:00:03', '2019-01-14 23:48:07', 1),
(962, NULL, 2, 6, 6, 'Municipalidad de Cordoba', 'Torre Carmela 3C - 41202303000009', 0.00000, 5, 6, 'PAY-EXPENSE-17', NULL, NULL, NULL, 0.00000, 0.00000, NULL, 0, NULL, 961, '2019-01-01 03:00:03', NULL, 1),
(963, 12, 2, 6, 6, 'Rentas', 'Torre Carmela 3C - ', 0.00000, 12, 5, 'GET-EXPENSE-18', NULL, NULL, NULL, 0.00000, 0.00000, NULL, 0, NULL, 964, '2019-01-01 03:00:03', '2019-01-14 23:48:07', 1),
(964, NULL, 2, 6, 6, 'Rentas', 'Torre Carmela 3C - ', 0.00000, 5, 6, 'PAY-EXPENSE-18', NULL, NULL, NULL, 0.00000, 0.00000, NULL, 0, NULL, 963, '2019-01-01 03:00:03', NULL, 1),
(965, 13, 2, 6, 7, 'Aguas Cordobesas', 'Torre Carmela 4B - ', 0.00000, 13, 5, 'GET-EXPENSE-19', NULL, NULL, NULL, 0.00000, 0.00000, NULL, 0, NULL, 966, '2019-01-01 03:00:03', '2019-01-15 00:22:24', 1),
(966, NULL, 2, 6, 7, 'Aguas Cordobesas', 'Torre Carmela 4B - ', 0.00000, 5, 6, 'PAY-EXPENSE-19', NULL, NULL, NULL, 0.00000, 0.00000, NULL, 0, NULL, 965, '2019-01-01 03:00:03', NULL, 1),
(967, 13, 2, 6, 7, 'Municipalidad de Cordoba', 'Torre Carmela 4B - 412023030000', 0.00000, 13, 5, 'GET-EXPENSE-20', NULL, NULL, NULL, 0.00000, 0.00000, NULL, 0, NULL, 968, '2019-01-01 03:00:03', '2019-01-15 00:22:24', 1),
(968, NULL, 2, 6, 7, 'Municipalidad de Cordoba', 'Torre Carmela 4B - 412023030000', 0.00000, 5, 6, 'PAY-EXPENSE-20', NULL, NULL, NULL, 0.00000, 0.00000, NULL, 0, NULL, 967, '2019-01-01 03:00:04', NULL, 1),
(969, 13, 2, 6, 7, 'Rentas', 'Torre Carmela 4B - ', 0.00000, 13, 5, 'GET-EXPENSE-21', NULL, NULL, NULL, 0.00000, 0.00000, NULL, 0, NULL, 970, '2019-01-01 03:00:04', '2019-01-15 00:22:24', 1),
(970, NULL, 2, 6, 7, 'Rentas', 'Torre Carmela 4B - ', 0.00000, 5, 6, 'PAY-EXPENSE-21', NULL, NULL, NULL, 0.00000, 0.00000, NULL, 0, NULL, 969, '2019-01-01 03:00:04', NULL, 1),
(971, 17, 2, 6, 8, 'Aguas Cordobesas', 'Torre Carmela 5A - ', 0.00000, 14, 5, 'GET-EXPENSE-22', NULL, NULL, NULL, 0.00000, 0.00000, NULL, 0, NULL, 972, '2019-01-01 03:00:04', '2019-01-15 20:10:38', 1),
(972, NULL, 2, 6, 8, 'Aguas Cordobesas', 'Torre Carmela 5A - ', 0.00000, 5, 6, 'PAY-EXPENSE-22', NULL, NULL, NULL, 0.00000, 0.00000, NULL, 0, NULL, 971, '2019-01-01 03:00:04', NULL, 1),
(973, 17, 2, 6, 8, 'Municipalidad de Cordoba', 'Torre Carmela 5A - 41202303000015', 0.00000, 14, 5, 'GET-EXPENSE-23', NULL, NULL, NULL, 0.00000, 0.00000, NULL, 0, NULL, 974, '2019-01-01 03:00:04', '2019-01-15 20:10:38', 1),
(974, NULL, 2, 6, 8, 'Municipalidad de Cordoba', 'Torre Carmela 5A - 41202303000015', 0.00000, 5, 6, 'PAY-EXPENSE-23', NULL, NULL, NULL, 0.00000, 0.00000, NULL, 0, NULL, 973, '2019-01-01 03:00:04', NULL, 1),
(975, 17, 2, 6, 8, 'Rentas', 'Torre Carmela 5A - ', 0.00000, 14, 5, 'GET-EXPENSE-24', NULL, NULL, NULL, 0.00000, 0.00000, NULL, 0, NULL, 976, '2019-01-01 03:00:04', '2019-01-15 20:10:38', 1),
(976, NULL, 2, 6, 8, 'Rentas', 'Torre Carmela 5A - ', 0.00000, 5, 6, 'PAY-EXPENSE-24', NULL, NULL, NULL, 0.00000, 0.00000, NULL, 0, NULL, 975, '2019-01-01 03:00:04', NULL, 1),
(977, 7, 2, 6, 9, 'Aguas Cordobesas', 'Torre Carmela 7A - ', 0.00000, 15, 5, 'GET-EXPENSE-25', NULL, NULL, NULL, 0.00000, 0.00000, NULL, 0, NULL, 978, '2019-01-01 03:00:04', '2019-01-09 19:13:38', 1),
(978, NULL, 2, 6, 9, 'Aguas Cordobesas', 'Torre Carmela 7A - ', 0.00000, 5, 6, 'PAY-EXPENSE-25', NULL, NULL, NULL, 0.00000, 0.00000, NULL, 0, NULL, 977, '2019-01-01 03:00:04', NULL, 1),
(979, 7, 2, 6, 9, 'Municipalidad de Cordoba', 'Torre Carmela 7A - 41202303000019', 0.00000, 15, 5, 'GET-EXPENSE-26', NULL, NULL, NULL, 0.00000, 0.00000, NULL, 0, NULL, 980, '2019-01-01 03:00:04', '2019-01-09 19:13:38', 1);
INSERT INTO `receipt_details` (`id_receipt_detail`, `id_receipt`, `id_expense_type`, `id_period`, `id_property`, `detail_description`, `detail_info`, `detail_ammount`, `id_issuing_account`, `id_receiving_account`, `detail_concept`, `detail_observations`, `detail_expire_date`, `detail_interest_since`, `detail_interest_rate`, `detail_original_ammount`, `detail_attachments`, `detail_custom`, `detail_id_user_modifier`, `detail_id_detail_sibling`, `creation_date`, `modification_date`, `_checked`) VALUES
(980, NULL, 2, 6, 9, 'Municipalidad de Cordoba', 'Torre Carmela 7A - 41202303000019', 0.00000, 5, 6, 'PAY-EXPENSE-26', NULL, NULL, NULL, 0.00000, 0.00000, NULL, 0, NULL, 979, '2019-01-01 03:00:04', NULL, 1),
(981, 7, 2, 6, 9, 'Rentas', 'Torre Carmela 7A - ', 0.00000, 15, 5, 'GET-EXPENSE-27', NULL, NULL, NULL, 0.00000, 0.00000, NULL, 0, NULL, 982, '2019-01-01 03:00:04', '2019-01-09 19:13:38', 1),
(982, NULL, 2, 6, 9, 'Rentas', 'Torre Carmela 7A - ', 0.00000, 5, 6, 'PAY-EXPENSE-27', NULL, NULL, NULL, 0.00000, 0.00000, NULL, 0, NULL, 981, '2019-01-01 03:00:04', NULL, 1),
(983, NULL, 2, 6, 10, 'Aguas Cordobesas', 'Torre Carmela 7B - ', 0.00000, 16, 5, 'GET-EXPENSE-28', NULL, NULL, NULL, 0.00000, 0.00000, NULL, 0, NULL, 984, '2019-01-01 03:00:04', '2019-01-01 03:00:04', 1),
(984, NULL, 2, 6, 10, 'Aguas Cordobesas', 'Torre Carmela 7B - ', 0.00000, 5, 6, 'PAY-EXPENSE-28', NULL, NULL, NULL, 0.00000, 0.00000, NULL, 0, NULL, 983, '2019-01-01 03:00:04', NULL, 1),
(985, NULL, 2, 6, 10, 'Municipalidad de Cordoba', 'Torre Carmela 7B - 41202303000018', 0.00000, 16, 5, 'GET-EXPENSE-29', NULL, NULL, NULL, 0.00000, 0.00000, NULL, 0, NULL, 986, '2019-01-01 03:00:04', '2019-01-01 03:00:04', 1),
(986, NULL, 2, 6, 10, 'Municipalidad de Cordoba', 'Torre Carmela 7B - 41202303000018', 0.00000, 5, 6, 'PAY-EXPENSE-29', NULL, NULL, NULL, 0.00000, 0.00000, NULL, 0, NULL, 985, '2019-01-01 03:00:04', NULL, 1),
(987, NULL, 2, 6, 10, 'Rentas', 'Torre Carmela 7B - ', 0.00000, 16, 5, 'GET-EXPENSE-30', NULL, NULL, NULL, 0.00000, 0.00000, NULL, 0, NULL, 988, '2019-01-01 03:00:04', '2019-01-01 03:00:04', 1),
(988, NULL, 2, 6, 10, 'Rentas', 'Torre Carmela 7B - ', 0.00000, 5, 6, 'PAY-EXPENSE-30', NULL, NULL, NULL, 0.00000, 0.00000, NULL, 0, NULL, 987, '2019-01-01 03:00:04', NULL, 1),
(989, NULL, 2, 6, 11, 'Aguas Cordobesas', 'Torre Carmela 9A - ', 0.00000, 17, 5, 'GET-EXPENSE-31', NULL, NULL, NULL, 0.00000, 0.00000, NULL, 0, NULL, 990, '2019-01-01 03:00:04', '2019-01-01 03:00:04', 1),
(990, NULL, 2, 6, 11, 'Aguas Cordobesas', 'Torre Carmela 9A - ', 0.00000, 5, 6, 'PAY-EXPENSE-31', NULL, NULL, NULL, 0.00000, 0.00000, NULL, 0, NULL, 989, '2019-01-01 03:00:04', NULL, 1),
(991, NULL, 2, 6, 11, 'Municipalidad de Cordoba', 'Torre Carmela 9A - 41202303000023', 0.00000, 17, 5, 'GET-EXPENSE-32', NULL, NULL, NULL, 0.00000, 0.00000, NULL, 0, NULL, 992, '2019-01-01 03:00:04', '2019-01-01 03:00:04', 1),
(992, NULL, 2, 6, 11, 'Municipalidad de Cordoba', 'Torre Carmela 9A - 41202303000023', 0.00000, 5, 6, 'PAY-EXPENSE-32', NULL, NULL, NULL, 0.00000, 0.00000, NULL, 0, NULL, 991, '2019-01-01 03:00:04', NULL, 1),
(993, NULL, 2, 6, 11, 'Rentas', 'Torre Carmela 9A - ', 0.00000, 17, 5, 'GET-EXPENSE-33', NULL, NULL, NULL, 0.00000, 0.00000, NULL, 0, NULL, 994, '2019-01-01 03:00:04', '2019-01-01 03:00:04', 1),
(994, NULL, 2, 6, 11, 'Rentas', 'Torre Carmela 9A - ', 0.00000, 5, 6, 'PAY-EXPENSE-33', NULL, NULL, NULL, 0.00000, 0.00000, NULL, 0, NULL, 993, '2019-01-01 03:00:04', NULL, 1),
(995, 9, 2, 6, 12, 'Aguas Cordobesas', 'Duplex Gandhi - ', 0.00000, 40, 5, 'GET-EXPENSE-34', NULL, NULL, NULL, 0.00000, 0.00000, NULL, 0, NULL, 996, '2019-01-01 03:00:04', '2019-01-09 19:34:35', 1),
(996, NULL, 2, 6, 12, 'Aguas Cordobesas', 'Duplex Gandhi - ', 0.00000, 5, 6, 'PAY-EXPENSE-34', NULL, NULL, NULL, 0.00000, 0.00000, NULL, 0, NULL, 995, '2019-01-01 03:00:04', NULL, 1),
(997, 9, 2, 6, 12, 'Municipalidad de Cordoba', 'Duplex Gandhi - ', 0.00000, 40, 5, 'GET-EXPENSE-35', NULL, NULL, NULL, 0.00000, 0.00000, NULL, 0, NULL, 998, '2019-01-01 03:00:04', '2019-01-09 19:34:35', 1),
(998, NULL, 2, 6, 12, 'Municipalidad de Cordoba', 'Duplex Gandhi - ', 0.00000, 5, 6, 'PAY-EXPENSE-35', NULL, NULL, NULL, 0.00000, 0.00000, NULL, 0, NULL, 997, '2019-01-01 03:00:04', NULL, 1),
(999, 9, 2, 6, 12, 'Rentas', 'Duplex Gandhi - ', 0.00000, 40, 5, 'GET-EXPENSE-36', NULL, NULL, NULL, 0.00000, 0.00000, NULL, 0, NULL, 1000, '2019-01-01 03:00:04', '2019-01-09 19:34:35', 1),
(1000, NULL, 2, 6, 12, 'Rentas', 'Duplex Gandhi - ', 0.00000, 5, 6, 'PAY-EXPENSE-36', NULL, NULL, NULL, 0.00000, 0.00000, NULL, 0, NULL, 999, '2019-01-01 03:00:04', NULL, 1),
(1001, 9, 2, 6, 13, 'Aguas Cordobesas', 'Village Plaza 2C - ', 0.00000, 40, 5, 'GET-EXPENSE-37', NULL, NULL, NULL, 0.00000, 0.00000, NULL, 0, NULL, 1002, '2019-01-01 03:00:04', '2019-01-09 19:34:35', 1),
(1002, NULL, 2, 6, 13, 'Aguas Cordobesas', 'Village Plaza 2C - ', 0.00000, 5, 6, 'PAY-EXPENSE-37', NULL, NULL, NULL, 0.00000, 0.00000, NULL, 0, NULL, 1001, '2019-01-01 03:00:04', NULL, 1),
(1003, 9, 2, 6, 13, 'Municipalidad de Cordoba', 'Village Plaza 2C - ', 0.00000, 40, 5, 'GET-EXPENSE-38', NULL, NULL, NULL, 0.00000, 0.00000, NULL, 0, NULL, 1004, '2019-01-01 03:00:04', '2019-01-09 19:34:35', 1),
(1004, NULL, 2, 6, 13, 'Municipalidad de Cordoba', 'Village Plaza 2C - ', 0.00000, 5, 6, 'PAY-EXPENSE-38', NULL, NULL, NULL, 0.00000, 0.00000, NULL, 0, NULL, 1003, '2019-01-01 03:00:04', NULL, 1),
(1005, 9, 2, 6, 13, 'Rentas', 'Village Plaza 2C - ', 0.00000, 40, 5, 'GET-EXPENSE-39', NULL, NULL, NULL, 0.00000, 0.00000, NULL, 0, NULL, 1006, '2019-01-01 03:00:04', '2019-01-09 19:34:35', 1),
(1006, NULL, 2, 6, 13, 'Rentas', 'Village Plaza 2C - ', 0.00000, 5, 6, 'PAY-EXPENSE-39', NULL, NULL, NULL, 0.00000, 0.00000, NULL, 0, NULL, 1005, '2019-01-01 03:00:04', NULL, 1),
(1007, 10, 2, 6, 14, 'Aguas Cordobesas', 'Casa La Finur - ', 0.00000, 19, 5, 'GET-EXPENSE-40', NULL, NULL, NULL, 0.00000, 0.00000, NULL, 0, NULL, 1008, '2019-01-01 03:00:04', '2019-01-09 19:37:21', 1),
(1008, NULL, 2, 6, 14, 'Aguas Cordobesas', 'Casa La Finur - ', 0.00000, 5, 6, 'PAY-EXPENSE-40', NULL, NULL, NULL, 0.00000, 0.00000, NULL, 0, NULL, 1007, '2019-01-01 03:00:04', NULL, 1),
(1009, 10, 2, 6, 14, 'Municipalidad de Cordoba', 'Casa La Finur - ', 0.00000, 19, 5, 'GET-EXPENSE-41', NULL, NULL, NULL, 0.00000, 0.00000, NULL, 0, NULL, 1010, '2019-01-01 03:00:04', '2019-01-09 19:37:21', 1),
(1010, NULL, 2, 6, 14, 'Municipalidad de Cordoba', 'Casa La Finur - ', 0.00000, 5, 6, 'PAY-EXPENSE-41', NULL, NULL, NULL, 0.00000, 0.00000, NULL, 0, NULL, 1009, '2019-01-01 03:00:04', NULL, 1),
(1011, 10, 2, 6, 14, 'Rentas', 'Casa La Finur - ', 0.00000, 19, 5, 'GET-EXPENSE-42', NULL, NULL, NULL, 0.00000, 0.00000, NULL, 0, NULL, 1012, '2019-01-01 03:00:04', '2019-01-09 19:37:21', 1),
(1012, NULL, 2, 6, 14, 'Rentas', 'Casa La Finur - ', 0.00000, 5, 6, 'PAY-EXPENSE-42', NULL, NULL, NULL, 0.00000, 0.00000, NULL, 0, NULL, 1011, '2019-01-01 03:00:04', NULL, 1),
(1013, 22, 2, 6, 15, 'Aguas Cordobesas', 'Local Rafael Nuñez - ', 0.00000, 21, 5, 'GET-EXPENSE-43', NULL, NULL, NULL, 0.00000, 0.00000, NULL, 0, NULL, 1014, '2019-01-01 03:00:04', '2019-01-15 20:14:15', 1),
(1014, NULL, 2, 6, 15, 'Aguas Cordobesas', 'Local Rafael Nuñez - ', 0.00000, 5, 6, 'PAY-EXPENSE-43', NULL, NULL, NULL, 0.00000, 0.00000, NULL, 0, NULL, 1013, '2019-01-01 03:00:04', NULL, 1),
(1015, 22, 2, 6, 15, 'Municipalidad de Cordoba', 'Local Rafael Nuñez - ', 0.00000, 21, 5, 'GET-EXPENSE-44', NULL, NULL, NULL, 0.00000, 0.00000, NULL, 0, NULL, 1016, '2019-01-01 03:00:04', '2019-01-15 20:14:15', 1),
(1016, NULL, 2, 6, 15, 'Municipalidad de Cordoba', 'Local Rafael Nuñez - ', 0.00000, 5, 6, 'PAY-EXPENSE-44', NULL, NULL, NULL, 0.00000, 0.00000, NULL, 0, NULL, 1015, '2019-01-01 03:00:04', NULL, 1),
(1017, 22, 2, 6, 15, 'Rentas', 'Local Rafael Nuñez - ', 0.00000, 21, 5, 'GET-EXPENSE-45', NULL, NULL, NULL, 0.00000, 0.00000, NULL, 0, NULL, 1018, '2019-01-01 03:00:04', '2019-01-15 20:14:15', 1),
(1018, NULL, 2, 6, 15, 'Rentas', 'Local Rafael Nuñez - ', 0.00000, 5, 6, 'PAY-EXPENSE-45', NULL, NULL, NULL, 0.00000, 0.00000, NULL, 0, NULL, 1017, '2019-01-01 03:00:04', NULL, 1),
(1019, 28, 2, 6, 16, 'Aguas Cordobesas', 'Manantiales - ', 0.00000, 20, 5, 'GET-EXPENSE-46', NULL, NULL, NULL, 0.00000, 0.00000, NULL, 0, NULL, 1020, '2019-01-01 03:00:04', '2019-01-16 14:52:08', 1),
(1020, NULL, 2, 6, 16, 'Aguas Cordobesas', 'Manantiales - ', 0.00000, 5, 6, 'PAY-EXPENSE-46', NULL, NULL, NULL, 0.00000, 0.00000, NULL, 0, NULL, 1019, '2019-01-01 03:00:04', NULL, 1),
(1021, 28, 2, 6, 16, 'Municipalidad de Cordoba', 'Manantiales - ', 0.00000, 20, 5, 'GET-EXPENSE-47', NULL, NULL, NULL, 0.00000, 0.00000, NULL, 0, NULL, 1022, '2019-01-01 03:00:04', '2019-01-16 14:52:08', 1),
(1022, NULL, 2, 6, 16, 'Municipalidad de Cordoba', 'Manantiales - ', 0.00000, 5, 6, 'PAY-EXPENSE-47', NULL, NULL, NULL, 0.00000, 0.00000, NULL, 0, NULL, 1021, '2019-01-01 03:00:04', NULL, 1),
(1023, 28, 2, 6, 16, 'Rentas', 'Manantiales - ', 0.00000, 20, 5, 'GET-EXPENSE-48', NULL, NULL, NULL, 0.00000, 0.00000, NULL, 0, NULL, 1024, '2019-01-01 03:00:04', '2019-01-16 14:52:08', 1),
(1024, NULL, 2, 6, 16, 'Rentas', 'Manantiales - ', 0.00000, 5, 6, 'PAY-EXPENSE-48', NULL, NULL, NULL, 0.00000, 0.00000, NULL, 0, NULL, 1023, '2019-01-01 03:00:04', NULL, 1),
(1025, NULL, 2, 6, 18, 'Aguas Cordobesas', 'Torre Carmela 1C - ', 0.00000, 22, 5, 'GET-EXPENSE-52', NULL, NULL, NULL, 0.00000, 0.00000, NULL, 0, NULL, 1026, '2019-01-01 03:00:04', '2019-01-01 03:00:04', 1),
(1026, NULL, 2, 6, 18, 'Aguas Cordobesas', 'Torre Carmela 1C - ', 0.00000, 5, 6, 'PAY-EXPENSE-52', NULL, NULL, NULL, 0.00000, 0.00000, NULL, 0, NULL, 1025, '2019-01-01 03:00:04', NULL, 1),
(1027, NULL, 2, 6, 18, 'Municipalidad de Cordoba', 'Torre Carmela 1C - 41202303000003', 0.00000, 22, 5, 'GET-EXPENSE-53', NULL, NULL, NULL, 0.00000, 0.00000, NULL, 0, NULL, 1028, '2019-01-01 03:00:04', '2019-01-01 03:00:04', 1),
(1028, NULL, 2, 6, 18, 'Municipalidad de Cordoba', 'Torre Carmela 1C - 41202303000003', 0.00000, 5, 6, 'PAY-EXPENSE-53', NULL, NULL, NULL, 0.00000, 0.00000, NULL, 0, NULL, 1027, '2019-01-01 03:00:04', NULL, 1),
(1029, NULL, 2, 6, 18, 'Rentas', 'Torre Carmela 1C - ', 0.00000, 22, 5, 'GET-EXPENSE-54', NULL, NULL, NULL, 0.00000, 0.00000, NULL, 0, NULL, 1030, '2019-01-01 03:00:04', '2019-01-01 03:00:04', 1),
(1030, NULL, 2, 6, 18, 'Rentas', 'Torre Carmela 1C - ', 0.00000, 5, 6, 'PAY-EXPENSE-54', NULL, NULL, NULL, 0.00000, 0.00000, NULL, 0, NULL, 1029, '2019-01-01 03:00:04', NULL, 1),
(1031, NULL, 2, 6, 19, 'Aguas Cordobesas', 'Chile 349 Consultorio - ', 0.00000, 23, 5, 'GET-EXPENSE-55', NULL, NULL, NULL, 0.00000, 0.00000, NULL, 0, NULL, 1032, '2019-01-01 03:00:04', '2019-01-01 03:00:04', 1),
(1032, NULL, 2, 6, 19, 'Aguas Cordobesas', 'Chile 349 Consultorio - ', 0.00000, 5, 6, 'PAY-EXPENSE-55', NULL, NULL, NULL, 0.00000, 0.00000, NULL, 0, NULL, 1031, '2019-01-01 03:00:04', NULL, 1),
(1033, NULL, 2, 6, 19, 'Municipalidad de Cordoba', 'Chile 349 Consultorio - ', 0.00000, 23, 5, 'GET-EXPENSE-56', NULL, NULL, NULL, 0.00000, 0.00000, NULL, 0, NULL, 1034, '2019-01-01 03:00:04', '2019-01-01 03:00:04', 1),
(1034, NULL, 2, 6, 19, 'Municipalidad de Cordoba', 'Chile 349 Consultorio - ', 0.00000, 5, 6, 'PAY-EXPENSE-56', NULL, NULL, NULL, 0.00000, 0.00000, NULL, 0, NULL, 1033, '2019-01-01 03:00:04', NULL, 1),
(1035, NULL, 2, 6, 19, 'Rentas', 'Chile 349 Consultorio - ', 0.00000, 23, 5, 'GET-EXPENSE-57', NULL, NULL, NULL, 0.00000, 0.00000, NULL, 0, NULL, 1036, '2019-01-01 03:00:04', '2019-01-01 03:00:04', 1),
(1036, NULL, 2, 6, 19, 'Rentas', 'Chile 349 Consultorio - ', 0.00000, 5, 6, 'PAY-EXPENSE-57', NULL, NULL, NULL, 0.00000, 0.00000, NULL, 0, NULL, 1035, '2019-01-01 03:00:04', NULL, 1),
(1037, 6, 2, 6, 20, 'Aguas Cordobesas', 'Thays - ', 0.00000, 24, 5, 'GET-EXPENSE-58', NULL, NULL, NULL, 0.00000, 0.00000, NULL, 0, NULL, 1038, '2019-01-01 03:00:05', '2019-01-09 19:10:02', 1),
(1038, NULL, 2, 6, 20, 'Aguas Cordobesas', 'Thays - ', 0.00000, 5, 6, 'PAY-EXPENSE-58', NULL, NULL, NULL, 0.00000, 0.00000, NULL, 0, NULL, 1037, '2019-01-01 03:00:05', NULL, 1),
(1039, 6, 2, 6, 20, 'Municipalidad de Cordoba', 'Thays - ', 0.00000, 24, 5, 'GET-EXPENSE-59', NULL, NULL, NULL, 0.00000, 0.00000, NULL, 0, NULL, 1040, '2019-01-01 03:00:05', '2019-01-09 19:10:02', 1),
(1040, NULL, 2, 6, 20, 'Municipalidad de Cordoba', 'Thays - ', 0.00000, 5, 6, 'PAY-EXPENSE-59', NULL, NULL, NULL, 0.00000, 0.00000, NULL, 0, NULL, 1039, '2019-01-01 03:00:05', NULL, 1),
(1041, 6, 2, 6, 20, 'Rentas', 'Thays - ', 0.00000, 24, 5, 'GET-EXPENSE-60', NULL, NULL, NULL, 0.00000, 0.00000, NULL, 0, NULL, 1042, '2019-01-01 03:00:05', '2019-01-09 19:10:02', 1),
(1042, NULL, 2, 6, 20, 'Rentas', 'Thays - ', 0.00000, 5, 6, 'PAY-EXPENSE-60', NULL, NULL, NULL, 0.00000, 0.00000, NULL, 0, NULL, 1041, '2019-01-01 03:00:05', NULL, 1),
(1043, NULL, 2, 6, 21, 'Aguas Cordobesas', 'Pje. España 1 A - ', 0.00000, 25, 5, 'GET-EXPENSE-61', NULL, NULL, NULL, 0.00000, 0.00000, NULL, 0, NULL, 1044, '2019-01-01 03:00:05', '2019-01-01 03:00:05', 1),
(1044, NULL, 2, 6, 21, 'Aguas Cordobesas', 'Pje. España 1 A - ', 0.00000, 5, 6, 'PAY-EXPENSE-61', NULL, NULL, NULL, 0.00000, 0.00000, NULL, 0, NULL, 1043, '2019-01-01 03:00:05', NULL, 1),
(1045, NULL, 2, 6, 21, 'Municipalidad de Cordoba', 'Pje. España 1 A - ', 0.00000, 25, 5, 'GET-EXPENSE-62', NULL, NULL, NULL, 0.00000, 0.00000, NULL, 0, NULL, 1046, '2019-01-01 03:00:05', '2019-01-01 03:00:05', 1),
(1046, NULL, 2, 6, 21, 'Municipalidad de Cordoba', 'Pje. España 1 A - ', 0.00000, 5, 6, 'PAY-EXPENSE-62', NULL, NULL, NULL, 0.00000, 0.00000, NULL, 0, NULL, 1045, '2019-01-01 03:00:05', NULL, 1),
(1047, NULL, 2, 6, 21, 'Rentas', 'Pje. España 1 A - ', 0.00000, 25, 5, 'GET-EXPENSE-63', NULL, NULL, NULL, 0.00000, 0.00000, NULL, 0, NULL, 1048, '2019-01-01 03:00:05', '2019-01-01 03:00:05', 1),
(1048, NULL, 2, 6, 21, 'Rentas', 'Pje. España 1 A - ', 0.00000, 5, 6, 'PAY-EXPENSE-63', NULL, NULL, NULL, 0.00000, 0.00000, NULL, 0, NULL, 1047, '2019-01-01 03:00:05', NULL, 1),
(1049, 5, 2, 6, 22, 'Aguas Cordobesas', 'Pje. España 2 A - ', 0.00000, 26, 5, 'GET-EXPENSE-64', NULL, NULL, NULL, 0.00000, 0.00000, NULL, 0, NULL, 1050, '2019-01-01 03:00:05', '2019-01-09 19:05:23', 1),
(1050, NULL, 2, 6, 22, 'Aguas Cordobesas', 'Pje. España 2 A - ', 0.00000, 5, 6, 'PAY-EXPENSE-64', NULL, NULL, NULL, 0.00000, 0.00000, NULL, 0, NULL, 1049, '2019-01-01 03:00:05', NULL, 1),
(1051, 5, 2, 6, 22, 'Municipalidad de Cordoba', 'Pje. España 2 A - ', 0.00000, 26, 5, 'GET-EXPENSE-65', NULL, NULL, NULL, 0.00000, 0.00000, NULL, 0, NULL, 1052, '2019-01-01 03:00:05', '2019-01-09 19:05:23', 1),
(1052, NULL, 2, 6, 22, 'Municipalidad de Cordoba', 'Pje. España 2 A - ', 0.00000, 5, 6, 'PAY-EXPENSE-65', NULL, NULL, NULL, 0.00000, 0.00000, NULL, 0, NULL, 1051, '2019-01-01 03:00:05', NULL, 1),
(1053, 5, 2, 6, 22, 'Rentas', 'Pje. España 2 A - ', 0.00000, 26, 5, 'GET-EXPENSE-66', NULL, NULL, NULL, 0.00000, 0.00000, NULL, 0, NULL, 1054, '2019-01-01 03:00:05', '2019-01-09 19:05:23', 1),
(1054, NULL, 2, 6, 22, 'Rentas', 'Pje. España 2 A - ', 0.00000, 5, 6, 'PAY-EXPENSE-66', NULL, NULL, NULL, 0.00000, 0.00000, NULL, 0, NULL, 1053, '2019-01-01 03:00:05', NULL, 1),
(1055, NULL, 2, 6, 25, 'Aguas Cordobesas', 'Duplex Azpeitia - ', 0.00000, 27, 5, 'GET-EXPENSE-73', NULL, NULL, NULL, 0.00000, 0.00000, NULL, 0, NULL, 1056, '2019-01-01 03:00:05', '2019-01-01 03:00:05', 1),
(1056, NULL, 2, 6, 25, 'Aguas Cordobesas', 'Duplex Azpeitia - ', 0.00000, 5, 6, 'PAY-EXPENSE-73', NULL, NULL, NULL, 0.00000, 0.00000, NULL, 0, NULL, 1055, '2019-01-01 03:00:05', NULL, 1),
(1057, NULL, 2, 6, 25, 'Municipalidad de Cordoba', 'Duplex Azpeitia - ', 0.00000, 27, 5, 'GET-EXPENSE-74', NULL, NULL, NULL, 0.00000, 0.00000, NULL, 0, NULL, 1058, '2019-01-01 03:00:05', '2019-01-01 03:00:05', 1),
(1058, NULL, 2, 6, 25, 'Municipalidad de Cordoba', 'Duplex Azpeitia - ', 0.00000, 5, 6, 'PAY-EXPENSE-74', NULL, NULL, NULL, 0.00000, 0.00000, NULL, 0, NULL, 1057, '2019-01-01 03:00:05', NULL, 1),
(1059, NULL, 2, 6, 25, 'Rentas', 'Duplex Azpeitia - ', 0.00000, 27, 5, 'GET-EXPENSE-75', NULL, NULL, NULL, 0.00000, 0.00000, NULL, 0, NULL, 1060, '2019-01-01 03:00:05', '2019-01-01 03:00:05', 1),
(1060, NULL, 2, 6, 25, 'Rentas', 'Duplex Azpeitia - ', 0.00000, 5, 6, 'PAY-EXPENSE-75', NULL, NULL, NULL, 0.00000, 0.00000, NULL, 0, NULL, 1059, '2019-01-01 03:00:05', NULL, 1),
(1061, NULL, 2, 6, 26, 'Aguas Cordobesas', 'Local Independencia 1091 - ', 0.00000, 28, 5, 'GET-EXPENSE-76', NULL, NULL, NULL, 0.00000, 0.00000, NULL, 0, NULL, 1062, '2019-01-01 03:00:05', '2019-01-01 03:00:05', 1),
(1062, NULL, 2, 6, 26, 'Aguas Cordobesas', 'Local Independencia 1091 - ', 0.00000, 5, 6, 'PAY-EXPENSE-76', NULL, NULL, NULL, 0.00000, 0.00000, NULL, 0, NULL, 1061, '2019-01-01 03:00:05', NULL, 1),
(1063, NULL, 2, 6, 26, 'Municipalidad de Cordoba', 'Local Independencia 1091 - ', 0.00000, 28, 5, 'GET-EXPENSE-77', NULL, NULL, NULL, 0.00000, 0.00000, NULL, 0, NULL, 1064, '2019-01-01 03:00:05', '2019-01-01 03:00:05', 1),
(1064, NULL, 2, 6, 26, 'Municipalidad de Cordoba', 'Local Independencia 1091 - ', 0.00000, 5, 6, 'PAY-EXPENSE-77', NULL, NULL, NULL, 0.00000, 0.00000, NULL, 0, NULL, 1063, '2019-01-01 03:00:05', NULL, 1),
(1065, NULL, 2, 6, 26, 'Rentas', 'Local Independencia 1091 - ', 0.00000, 28, 5, 'GET-EXPENSE-78', NULL, NULL, NULL, 0.00000, 0.00000, NULL, 0, NULL, 1066, '2019-01-01 03:00:05', '2019-01-01 03:00:05', 1),
(1066, NULL, 2, 6, 26, 'Rentas', 'Local Independencia 1091 - ', 0.00000, 5, 6, 'PAY-EXPENSE-78', NULL, NULL, NULL, 0.00000, 0.00000, NULL, 0, NULL, 1065, '2019-01-01 03:00:05', NULL, 1),
(1067, 30, 2, 6, 28, 'Aguas Cordobesas', 'Triplex Salguero - ', 0.00000, 29, 5, 'GET-EXPENSE-82', NULL, NULL, NULL, 0.00000, 0.00000, NULL, 0, NULL, 1068, '2019-01-01 03:00:05', '2019-01-18 13:46:11', 1),
(1068, NULL, 2, 6, 28, 'Aguas Cordobesas', 'Triplex Salguero - ', 0.00000, 5, 6, 'PAY-EXPENSE-82', NULL, NULL, NULL, 0.00000, 0.00000, NULL, 0, NULL, 1067, '2019-01-01 03:00:05', NULL, 1),
(1069, 30, 2, 6, 28, 'Municipalidad de Cordoba', 'Triplex Salguero - ', 0.00000, 29, 5, 'GET-EXPENSE-83', NULL, NULL, NULL, 0.00000, 0.00000, NULL, 0, NULL, 1070, '2019-01-01 03:00:05', '2019-01-18 13:46:11', 1),
(1070, NULL, 2, 6, 28, 'Municipalidad de Cordoba', 'Triplex Salguero - ', 0.00000, 5, 6, 'PAY-EXPENSE-83', NULL, NULL, NULL, 0.00000, 0.00000, NULL, 0, NULL, 1069, '2019-01-01 03:00:05', NULL, 1),
(1071, 30, 2, 6, 28, 'Rentas', 'Triplex Salguero - ', 0.00000, 29, 5, 'GET-EXPENSE-84', NULL, NULL, NULL, 0.00000, 0.00000, NULL, 0, NULL, 1072, '2019-01-01 03:00:05', '2019-01-18 13:46:11', 1),
(1072, NULL, 2, 6, 28, 'Rentas', 'Triplex Salguero - ', 0.00000, 5, 6, 'PAY-EXPENSE-84', NULL, NULL, NULL, 0.00000, 0.00000, NULL, 0, NULL, 1071, '2019-01-01 03:00:05', NULL, 1),
(1073, NULL, 2, 6, 30, 'Aguas Cordobesas', 'San Lorenzo Mono - ', 0.00000, 30, 5, 'GET-EXPENSE-88', NULL, NULL, NULL, 0.00000, 0.00000, NULL, 0, NULL, 1074, '2019-01-01 03:00:05', '2019-01-01 03:00:05', 1),
(1074, NULL, 2, 6, 30, 'Aguas Cordobesas', 'San Lorenzo Mono - ', 0.00000, 5, 6, 'PAY-EXPENSE-88', NULL, NULL, NULL, 0.00000, 0.00000, NULL, 0, NULL, 1073, '2019-01-01 03:00:05', NULL, 1),
(1075, NULL, 2, 6, 30, 'Municipalidad de Cordoba', 'San Lorenzo Mono - ', 0.00000, 30, 5, 'GET-EXPENSE-89', NULL, NULL, NULL, 0.00000, 0.00000, NULL, 0, NULL, 1076, '2019-01-01 03:00:05', '2019-01-01 03:00:05', 1),
(1076, NULL, 2, 6, 30, 'Municipalidad de Cordoba', 'San Lorenzo Mono - ', 0.00000, 5, 6, 'PAY-EXPENSE-89', NULL, NULL, NULL, 0.00000, 0.00000, NULL, 0, NULL, 1075, '2019-01-01 03:00:05', NULL, 1),
(1077, NULL, 2, 6, 30, 'Rentas', 'San Lorenzo Mono - ', 0.00000, 30, 5, 'GET-EXPENSE-90', NULL, NULL, NULL, 0.00000, 0.00000, NULL, 0, NULL, 1078, '2019-01-01 03:00:05', '2019-01-01 03:00:05', 1),
(1078, NULL, 2, 6, 30, 'Rentas', 'San Lorenzo Mono - ', 0.00000, 5, 6, 'PAY-EXPENSE-90', NULL, NULL, NULL, 0.00000, 0.00000, NULL, 0, NULL, 1077, '2019-01-01 03:00:05', NULL, 1),
(1079, NULL, 2, 6, 31, 'Aguas Cordobesas', 'Amb. Olmos 1028 3D - ', 0.00000, 31, 5, 'GET-EXPENSE-91', NULL, NULL, NULL, 0.00000, 0.00000, NULL, 0, NULL, 1080, '2019-01-01 03:00:05', '2019-01-01 03:00:05', 1),
(1080, NULL, 2, 6, 31, 'Aguas Cordobesas', 'Amb. Olmos 1028 3D - ', 0.00000, 5, 6, 'PAY-EXPENSE-91', NULL, NULL, NULL, 0.00000, 0.00000, NULL, 0, NULL, 1079, '2019-01-01 03:00:05', NULL, 1),
(1081, NULL, 2, 6, 31, 'Municipalidad de Cordoba', 'Amb. Olmos 1028 3D - ', 0.00000, 31, 5, 'GET-EXPENSE-92', NULL, NULL, NULL, 0.00000, 0.00000, NULL, 0, NULL, 1082, '2019-01-01 03:00:05', '2019-01-01 03:00:05', 1),
(1082, NULL, 2, 6, 31, 'Municipalidad de Cordoba', 'Amb. Olmos 1028 3D - ', 0.00000, 5, 6, 'PAY-EXPENSE-92', NULL, NULL, NULL, 0.00000, 0.00000, NULL, 0, NULL, 1081, '2019-01-01 03:00:05', NULL, 1),
(1083, NULL, 2, 6, 31, 'Rentas', 'Amb. Olmos 1028 3D - ', 0.00000, 31, 5, 'GET-EXPENSE-93', NULL, NULL, NULL, 0.00000, 0.00000, NULL, 0, NULL, 1084, '2019-01-01 03:00:05', '2019-01-01 03:00:05', 1),
(1084, NULL, 2, 6, 31, 'Rentas', 'Amb. Olmos 1028 3D - ', 0.00000, 5, 6, 'PAY-EXPENSE-93', NULL, NULL, NULL, 0.00000, 0.00000, NULL, 0, NULL, 1083, '2019-01-01 03:00:05', NULL, 1),
(1085, NULL, 2, 6, 32, 'Aguas Cordobesas', 'Mono Independencia 804 6D - ', 0.00000, 32, 5, 'GET-EXPENSE-94', NULL, NULL, NULL, 0.00000, 0.00000, NULL, 0, NULL, 1086, '2019-01-01 03:00:05', '2019-01-01 03:00:05', 1),
(1086, NULL, 2, 6, 32, 'Aguas Cordobesas', 'Mono Independencia 804 6D - ', 0.00000, 5, 6, 'PAY-EXPENSE-94', NULL, NULL, NULL, 0.00000, 0.00000, NULL, 0, NULL, 1085, '2019-01-01 03:00:05', NULL, 1),
(1087, NULL, 2, 6, 32, 'Municipalidad de Cordoba', 'Mono Independencia 804 6D - ', 0.00000, 32, 5, 'GET-EXPENSE-95', NULL, NULL, NULL, 0.00000, 0.00000, NULL, 0, NULL, 1088, '2019-01-01 03:00:05', '2019-01-01 03:00:05', 1),
(1088, NULL, 2, 6, 32, 'Municipalidad de Cordoba', 'Mono Independencia 804 6D - ', 0.00000, 5, 6, 'PAY-EXPENSE-95', NULL, NULL, NULL, 0.00000, 0.00000, NULL, 0, NULL, 1087, '2019-01-01 03:00:05', NULL, 1),
(1089, NULL, 2, 6, 32, 'Rentas', 'Mono Independencia 804 6D - ', 0.00000, 32, 5, 'GET-EXPENSE-96', NULL, NULL, NULL, 0.00000, 0.00000, NULL, 0, NULL, 1090, '2019-01-01 03:00:05', '2019-01-01 03:00:05', 1),
(1090, NULL, 2, 6, 32, 'Rentas', 'Mono Independencia 804 6D - ', 0.00000, 5, 6, 'PAY-EXPENSE-96', NULL, NULL, NULL, 0.00000, 0.00000, NULL, 0, NULL, 1089, '2019-01-01 03:00:05', NULL, 1),
(1091, NULL, 2, 6, 34, 'Aguas Cordobesas', 'Obispo Oro 451 - ', 0.00000, 33, 5, 'GET-EXPENSE-100', NULL, NULL, NULL, 0.00000, 0.00000, NULL, 0, NULL, 1092, '2019-01-01 03:00:05', '2019-01-01 03:00:05', 1),
(1092, NULL, 2, 6, 34, 'Aguas Cordobesas', 'Obispo Oro 451 - ', 0.00000, 5, 6, 'PAY-EXPENSE-100', NULL, NULL, NULL, 0.00000, 0.00000, NULL, 0, NULL, 1091, '2019-01-01 03:00:05', NULL, 1),
(1093, NULL, 2, 6, 34, 'Municipalidad de Cordoba', 'Obispo Oro 451 - ', 0.00000, 33, 5, 'GET-EXPENSE-101', NULL, NULL, NULL, 0.00000, 0.00000, NULL, 0, NULL, 1094, '2019-01-01 03:00:05', '2019-01-01 03:00:05', 1),
(1094, NULL, 2, 6, 34, 'Municipalidad de Cordoba', 'Obispo Oro 451 - ', 0.00000, 5, 6, 'PAY-EXPENSE-101', NULL, NULL, NULL, 0.00000, 0.00000, NULL, 0, NULL, 1093, '2019-01-01 03:00:05', NULL, 1),
(1095, NULL, 2, 6, 34, 'Rentas', 'Obispo Oro 451 - ', 0.00000, 33, 5, 'GET-EXPENSE-102', NULL, NULL, NULL, 0.00000, 0.00000, NULL, 0, NULL, 1096, '2019-01-01 03:00:05', '2019-01-01 03:00:05', 1),
(1096, NULL, 2, 6, 34, 'Rentas', 'Obispo Oro 451 - ', 0.00000, 5, 6, 'PAY-EXPENSE-102', NULL, NULL, NULL, 0.00000, 0.00000, NULL, 0, NULL, 1095, '2019-01-01 03:00:05', NULL, 1),
(1097, NULL, 2, 6, 36, 'Aguas Cordobesas', 'San Lorenzo 2 Dorm - ', 0.00000, 34, 5, 'GET-EXPENSE-106', NULL, NULL, NULL, 0.00000, 0.00000, NULL, 0, NULL, 1098, '2019-01-01 03:00:05', '2019-01-01 03:00:05', 1),
(1098, NULL, 2, 6, 36, 'Aguas Cordobesas', 'San Lorenzo 2 Dorm - ', 0.00000, 5, 6, 'PAY-EXPENSE-106', NULL, NULL, NULL, 0.00000, 0.00000, NULL, 0, NULL, 1097, '2019-01-01 03:00:05', NULL, 1),
(1099, NULL, 2, 6, 36, 'Municipalidad de Cordoba', 'San Lorenzo 2 Dorm - ', 0.00000, 34, 5, 'GET-EXPENSE-107', NULL, NULL, NULL, 0.00000, 0.00000, NULL, 0, NULL, 1100, '2019-01-01 03:00:05', '2019-01-01 03:00:05', 1),
(1100, NULL, 2, 6, 36, 'Municipalidad de Cordoba', 'San Lorenzo 2 Dorm - ', 0.00000, 5, 6, 'PAY-EXPENSE-107', NULL, NULL, NULL, 0.00000, 0.00000, NULL, 0, NULL, 1099, '2019-01-01 03:00:05', NULL, 1),
(1101, NULL, 2, 6, 36, 'Rentas', 'San Lorenzo 2 Dorm - ', 0.00000, 34, 5, 'GET-EXPENSE-108', NULL, NULL, NULL, 0.00000, 0.00000, NULL, 0, NULL, 1102, '2019-01-01 03:00:06', '2019-01-01 03:00:06', 1),
(1102, NULL, 2, 6, 36, 'Rentas', 'San Lorenzo 2 Dorm - ', 0.00000, 5, 6, 'PAY-EXPENSE-108', NULL, NULL, NULL, 0.00000, 0.00000, NULL, 0, NULL, 1101, '2019-01-01 03:00:06', NULL, 1),
(1103, NULL, 2, 6, 37, 'Aguas Cordobesas', 'Dean Funes - ', 0.00000, 35, 5, 'GET-EXPENSE-109', NULL, NULL, NULL, 0.00000, 0.00000, NULL, 0, NULL, 1104, '2019-01-01 03:00:06', '2019-01-01 03:00:06', 1),
(1104, NULL, 2, 6, 37, 'Aguas Cordobesas', 'Dean Funes - ', 0.00000, 5, 6, 'PAY-EXPENSE-109', NULL, NULL, NULL, 0.00000, 0.00000, NULL, 0, NULL, 1103, '2019-01-01 03:00:06', NULL, 1),
(1105, NULL, 2, 6, 37, 'Municipalidad de Cordoba', 'Dean Funes - ', 0.00000, 35, 5, 'GET-EXPENSE-110', NULL, NULL, NULL, 0.00000, 0.00000, NULL, 0, NULL, 1106, '2019-01-01 03:00:06', '2019-01-01 03:00:06', 1),
(1106, NULL, 2, 6, 37, 'Municipalidad de Cordoba', 'Dean Funes - ', 0.00000, 5, 6, 'PAY-EXPENSE-110', NULL, NULL, NULL, 0.00000, 0.00000, NULL, 0, NULL, 1105, '2019-01-01 03:00:06', NULL, 1),
(1107, NULL, 2, 6, 37, 'Rentas', 'Dean Funes - ', 0.00000, 35, 5, 'GET-EXPENSE-111', NULL, NULL, NULL, 0.00000, 0.00000, NULL, 0, NULL, 1108, '2019-01-01 03:00:06', '2019-01-01 03:00:06', 1),
(1108, NULL, 2, 6, 37, 'Rentas', 'Dean Funes - ', 0.00000, 5, 6, 'PAY-EXPENSE-111', NULL, NULL, NULL, 0.00000, 0.00000, NULL, 0, NULL, 1107, '2019-01-01 03:00:06', NULL, 1),
(1109, NULL, 2, 6, 38, 'Aguas Cordobesas', 'Montevideo - ', 0.00000, 36, 5, 'GET-EXPENSE-112', NULL, NULL, NULL, 0.00000, 0.00000, NULL, 0, NULL, 1110, '2019-01-01 03:00:06', '2019-01-01 03:00:06', 1),
(1110, NULL, 2, 6, 38, 'Aguas Cordobesas', 'Montevideo - ', 0.00000, 5, 6, 'PAY-EXPENSE-112', NULL, NULL, NULL, 0.00000, 0.00000, NULL, 0, NULL, 1109, '2019-01-01 03:00:06', NULL, 1),
(1111, NULL, 2, 6, 38, 'Municipalidad de Cordoba', 'Montevideo - ', 0.00000, 36, 5, 'GET-EXPENSE-113', NULL, NULL, NULL, 0.00000, 0.00000, NULL, 0, NULL, 1112, '2019-01-01 03:00:06', '2019-01-01 03:00:06', 1),
(1112, NULL, 2, 6, 38, 'Municipalidad de Cordoba', 'Montevideo - ', 0.00000, 5, 6, 'PAY-EXPENSE-113', NULL, NULL, NULL, 0.00000, 0.00000, NULL, 0, NULL, 1111, '2019-01-01 03:00:06', NULL, 1),
(1113, NULL, 2, 6, 38, 'Rentas', 'Montevideo - ', 0.00000, 36, 5, 'GET-EXPENSE-114', NULL, NULL, NULL, 0.00000, 0.00000, NULL, 0, NULL, 1114, '2019-01-01 03:00:06', '2019-01-01 03:00:06', 1),
(1114, NULL, 2, 6, 38, 'Rentas', 'Montevideo - ', 0.00000, 5, 6, 'PAY-EXPENSE-114', NULL, NULL, NULL, 0.00000, 0.00000, NULL, 0, NULL, 1113, '2019-01-01 03:00:06', NULL, 1),
(1115, NULL, 2, 6, 39, 'Aguas Cordobesas', 'Belgrano 1003 6C - ', 0.00000, 37, 5, 'GET-EXPENSE-115', NULL, NULL, NULL, 0.00000, 0.00000, NULL, 0, NULL, 1116, '2019-01-01 03:00:06', '2019-01-09 18:33:27', 0),
(1116, NULL, 2, 6, 39, 'Aguas Cordobesas', 'Belgrano 1003 6C - ', 0.00000, 5, 6, 'PAY-EXPENSE-115', NULL, NULL, NULL, 0.00000, 0.00000, NULL, 0, NULL, 1115, '2019-01-01 03:00:06', NULL, 1),
(1117, NULL, 2, 6, 39, 'Municipalidad de Cordoba', 'Belgrano 1003 6C - ', 0.00000, 37, 5, 'GET-EXPENSE-116', NULL, NULL, NULL, 0.00000, 0.00000, NULL, 0, NULL, 1118, '2019-01-01 03:00:06', '2019-01-09 18:33:28', 0),
(1118, NULL, 2, 6, 39, 'Municipalidad de Cordoba', 'Belgrano 1003 6C - ', 0.00000, 5, 6, 'PAY-EXPENSE-116', NULL, NULL, NULL, 0.00000, 0.00000, NULL, 0, NULL, 1117, '2019-01-01 03:00:06', NULL, 1),
(1119, NULL, 2, 6, 39, 'Rentas', 'Belgrano 1003 6C - ', 0.00000, 37, 5, 'GET-EXPENSE-117', NULL, NULL, NULL, 0.00000, 0.00000, NULL, 0, NULL, 1120, '2019-01-01 03:00:06', '2019-01-09 18:33:29', 0),
(1120, NULL, 2, 6, 39, 'Rentas', 'Belgrano 1003 6C - ', 0.00000, 5, 6, 'PAY-EXPENSE-117', NULL, NULL, NULL, 0.00000, 0.00000, NULL, 0, NULL, 1119, '2019-01-01 03:00:06', NULL, 1),
(1121, NULL, 2, 6, 40, 'Aguas Cordobesas', 'Carlucci 29 - ', 0.00000, 38, 5, 'GET-EXPENSE-118', NULL, NULL, NULL, 0.00000, 0.00000, NULL, 0, NULL, 1122, '2019-01-01 03:00:06', '2019-01-01 03:00:06', 1),
(1122, NULL, 2, 6, 40, 'Aguas Cordobesas', 'Carlucci 29 - ', 0.00000, 5, 6, 'PAY-EXPENSE-118', NULL, NULL, NULL, 0.00000, 0.00000, NULL, 0, NULL, 1121, '2019-01-01 03:00:06', NULL, 1),
(1123, NULL, 2, 6, 40, 'Municipalidad de Cordoba', 'Carlucci 29 - ', 0.00000, 38, 5, 'GET-EXPENSE-119', NULL, NULL, NULL, 0.00000, 0.00000, NULL, 0, NULL, 1124, '2019-01-01 03:00:06', '2019-01-01 03:00:06', 1),
(1124, NULL, 2, 6, 40, 'Municipalidad de Cordoba', 'Carlucci 29 - ', 0.00000, 5, 6, 'PAY-EXPENSE-119', NULL, NULL, NULL, 0.00000, 0.00000, NULL, 0, NULL, 1123, '2019-01-01 03:00:06', NULL, 1),
(1125, NULL, 2, 6, 40, 'Rentas', 'Carlucci 29 - ', 0.00000, 38, 5, 'GET-EXPENSE-120', NULL, NULL, NULL, 0.00000, 0.00000, NULL, 0, NULL, 1126, '2019-01-01 03:00:06', '2019-01-01 03:00:06', 1),
(1126, NULL, 2, 6, 40, 'Rentas', 'Carlucci 29 - ', 0.00000, 5, 6, 'PAY-EXPENSE-120', NULL, NULL, NULL, 0.00000, 0.00000, NULL, 0, NULL, 1125, '2019-01-01 03:00:06', NULL, 1),
(1127, NULL, 2, 6, 23, 'Aguas Cordobesas', 'Pje. España 3 A - ', 0.00000, 44, 5, 'GET-EXPENSE-67', NULL, NULL, NULL, 0.00000, 0.00000, NULL, 0, NULL, 1128, '2019-01-09 19:05:02', '2019-01-09 19:05:02', 1),
(1128, NULL, 2, 6, 23, 'Aguas Cordobesas', 'Pje. España 3 A - ', 0.00000, 5, 6, 'PAY-EXPENSE-67', NULL, NULL, NULL, 0.00000, 0.00000, NULL, 0, NULL, 1127, '2019-01-09 19:05:02', NULL, 1),
(1129, NULL, 2, 6, 23, 'Municipalidad de Cordoba', 'Pje. España 3 A - ', 0.00000, 44, 5, 'GET-EXPENSE-68', NULL, NULL, NULL, 0.00000, 0.00000, NULL, 0, NULL, 1130, '2019-01-09 19:05:02', '2019-01-09 19:05:02', 1),
(1130, NULL, 2, 6, 23, 'Municipalidad de Cordoba', 'Pje. España 3 A - ', 0.00000, 5, 6, 'PAY-EXPENSE-68', NULL, NULL, NULL, 0.00000, 0.00000, NULL, 0, NULL, 1129, '2019-01-09 19:05:02', NULL, 1),
(1131, NULL, 2, 6, 23, 'Rentas', 'Pje. España 3 A - ', 0.00000, 44, 5, 'GET-EXPENSE-69', NULL, NULL, NULL, 0.00000, 0.00000, NULL, 0, NULL, 1132, '2019-01-09 19:05:02', '2019-01-09 19:05:02', 1),
(1132, NULL, 2, 6, 23, 'Rentas', 'Pje. España 3 A - ', 0.00000, 5, 6, 'PAY-EXPENSE-69', NULL, NULL, NULL, 0.00000, 0.00000, NULL, 0, NULL, 1131, '2019-01-09 19:05:02', NULL, 1),
(1133, 6, 1, 6, NULL, 'adelanto', 'Generado por Martín Contreras', 400.00000, 24, 1, 'CUSTOM-20190109160944', 'pago gasto adm', NULL, NULL, 0.00000, 400.00000, NULL, 1, 146, NULL, '2019-01-09 19:09:44', '2019-01-09 19:10:02', 1),
(1134, NULL, 7, 6, 1, 'Mantenimiento: Arreglo vidrio', NULL, 2000.00000, 40, 3, 'GET-OWNER-MAINTENANCE-1', NULL, NULL, NULL, 0.00000, 2000.00000, NULL, 0, NULL, NULL, '2019-01-09 20:06:02', NULL, 1),
(1135, NULL, 7, 6, 1, 'Hon. Adm. Mantenimiento: Arreglo vidrio', NULL, 200.00000, 3, 1, 'LIQ-ADM-MAINTENANCE-1', NULL, NULL, NULL, 0.00000, 200.00000, NULL, 0, NULL, NULL, '2019-01-09 20:06:02', NULL, 1),
(1136, NULL, 7, 6, NULL, 'Hon. Mantenimiento: Arreglo vidrio', NULL, 1800.00000, 3, 46, 'LIQ-PROFESSIONAL-MAINTENANCE-1', NULL, NULL, NULL, 0.00000, 1800.00000, NULL, 0, NULL, NULL, '2019-01-09 20:06:02', NULL, 1),
(1137, NULL, 4, 6, 2, 'Intereses por 17 días de atraso.', 'Alquiler 01-2019 ', 106.89600, 7, 2, 'INT-872', NULL, NULL, NULL, 0.00000, 106.89600, NULL, 0, NULL, NULL, '2019-01-11 03:00:05', '2019-01-18 17:20:53', 1),
(1138, 14, 4, 6, 1, 'Intereses por 14 días de atraso.', 'Alquiler 01-2019 - Bonificación: $ 8,190.00', 56.70000, 8, 2, 'INT-873', NULL, NULL, NULL, 0.00000, 56.70000, NULL, 0, NULL, NULL, '2019-01-11 03:00:05', '2019-01-15 17:13:07', 1),
(1139, 26, 4, 6, 4, 'Intereses por 15 días de atraso.', 'Alquiler 01-2019', 58.74750, 10, 2, 'INT-874', NULL, NULL, NULL, 0.00000, 58.74750, NULL, 0, NULL, NULL, '2019-01-11 03:00:05', '2019-01-16 14:48:53', 1),
(1140, 15, 4, 6, 5, 'Intereses por 14 días de atraso.', 'Alquiler 01-2019 - Bonificación: $ 6,460.00', 34.62900, 11, 2, 'INT-875', NULL, NULL, NULL, 0.00000, 34.62900, NULL, 0, NULL, NULL, '2019-01-11 03:00:05', '2019-01-15 17:13:58', 1),
(1141, 12, 4, 6, 6, 'Intereses por 13 días de atraso.', 'Alquiler 01-2019 - Bonificación: $ 2,448.00', 49.33500, 12, 2, 'INT-876', NULL, NULL, NULL, 0.00000, 49.33500, NULL, 0, NULL, NULL, '2019-01-11 03:00:05', '2019-01-14 23:48:07', 1),
(1142, NULL, 4, 6, 7, 'Intereses por 13 días de atraso.', 'Alquiler 01-2019 - Bonificación: $ 6,511.00', 81.25000, 13, 2, 'INT-877', NULL, NULL, NULL, 0.00000, 81.25000, NULL, 0, NULL, NULL, '2019-01-11 03:00:05', '2019-01-15 00:22:08', 0),
(1143, 17, 4, 6, 8, 'Intereses por 14 días de atraso.', 'Alquiler 01-2019 - Bonificación: $ 5,990.00', 80.50000, 14, 2, 'INT-878', NULL, NULL, NULL, 0.00000, 80.50000, NULL, 0, NULL, NULL, '2019-01-11 03:00:05', '2019-01-15 20:10:38', 1),
(1144, NULL, 4, 6, 10, 'Intereses por 17 días de atraso.', 'Alquiler 01-2019 ', 90.90750, 16, 2, 'INT-880', NULL, NULL, NULL, 0.00000, 90.90750, NULL, 0, NULL, NULL, '2019-01-11 03:00:05', '2019-01-18 17:20:53', 1),
(1145, NULL, 4, 6, 11, 'Intereses por 17 días de atraso.', 'Alquiler 01-2019', 91.77450, 17, 2, 'INT-881', NULL, NULL, NULL, 0.00000, 91.77450, NULL, 0, NULL, NULL, '2019-01-11 03:00:05', '2019-01-18 03:00:04', 1),
(1146, 28, 4, 6, 16, 'Intereses por 17 días de atraso.', 'Alquiler 01-2019 ', 67.44750, 20, 2, 'INT-883', NULL, NULL, NULL, 0.00000, 67.44750, NULL, 0, NULL, NULL, '2019-01-11 03:00:05', '2019-01-18 17:20:53', 1),
(1147, NULL, 4, 6, 18, 'Intereses por 17 días de atraso.', 'Alquiler 01-2019 ', 63.53750, 22, 2, 'INT-885', NULL, NULL, NULL, 0.00000, 63.53750, NULL, 0, NULL, NULL, '2019-01-11 03:00:05', '2019-01-18 17:20:53', 1),
(1148, NULL, 4, 6, 19, 'Intereses por 17 días de atraso.', 'Alquiler 01-2019 ', 109.48000, 23, 2, 'INT-886', NULL, NULL, NULL, 0.00000, 109.48000, NULL, 0, NULL, NULL, '2019-01-11 03:00:05', '2019-01-18 17:20:53', 1),
(1149, NULL, 4, 6, 21, 'Intereses por 17 días de atraso.', 'Alquiler 01-2019 ', 61.82050, 25, 2, 'INT-888', NULL, NULL, NULL, 0.00000, 61.82050, NULL, 0, NULL, NULL, '2019-01-11 03:00:05', '2019-01-18 17:20:53', 1),
(1150, NULL, 4, 6, 25, 'Intereses por 17 días de atraso.', 'Alquiler 01-2019 ', 156.40000, 27, 2, 'INT-890', NULL, NULL, NULL, 0.00000, 156.40000, NULL, 0, NULL, NULL, '2019-01-11 03:00:05', '2019-01-18 17:20:53', 1),
(1151, NULL, 4, 6, 26, 'Intereses por 17 días de atraso.', 'Alquiler 01-2019 ', 148.75000, 28, 2, 'INT-891', NULL, NULL, NULL, 0.00000, 148.75000, NULL, 0, NULL, NULL, '2019-01-11 03:00:05', '2019-01-18 17:20:53', 1),
(1152, 30, 4, 6, 28, 'Intereses por 17 días de atraso.', 'Alquiler 01-2019 - Bonificación: $ 4,228.00', 111.43500, 29, 2, 'INT-892', NULL, NULL, NULL, 0.00000, 111.43500, NULL, 0, NULL, NULL, '2019-01-11 03:00:05', '2019-01-18 13:46:11', 1),
(1153, NULL, 4, 6, 30, 'Intereses por 17 días de atraso.', 'Alquiler 01-2019', 57.00950, 30, 2, 'INT-893', NULL, NULL, NULL, 0.00000, 57.00950, NULL, 0, NULL, NULL, '2019-01-11 03:00:05', '2019-01-18 03:00:04', 1),
(1154, NULL, 4, 6, 31, 'Intereses por 17 días de atraso.', 'Alquiler 01-2019 ', 56.21050, 31, 2, 'INT-894', NULL, NULL, NULL, 0.00000, 56.21050, NULL, 0, NULL, NULL, '2019-01-11 03:00:05', '2019-01-18 17:20:53', 1),
(1155, NULL, 4, 6, 32, 'Intereses por 17 días de atraso.', 'Alquiler 01-2019', 41.36950, 32, 2, 'INT-895', NULL, NULL, NULL, 0.00000, 41.36950, NULL, 0, NULL, NULL, '2019-01-11 03:00:05', '2019-01-18 03:00:04', 1),
(1156, NULL, 4, 6, 34, 'Intereses por 17 días de atraso.', 'Alquiler 01-2019', 103.41950, 33, 2, 'INT-896', NULL, NULL, NULL, 0.00000, 103.41950, NULL, 0, NULL, NULL, '2019-01-11 03:00:05', '2019-01-18 03:00:04', 1),
(1157, NULL, 4, 6, 36, 'Intereses por 17 días de atraso.', 'Alquiler 01-2019 ', 102.63750, 34, 2, 'INT-897', NULL, NULL, NULL, 0.00000, 102.63750, NULL, 0, NULL, NULL, '2019-01-11 03:00:05', '2019-01-18 17:20:53', 1),
(1158, NULL, 4, 6, 37, 'Intereses por 17 días de atraso.', 'Alquiler 01-2019', 42.07500, 35, 2, 'INT-898', NULL, NULL, NULL, 0.00000, 42.07500, NULL, 0, NULL, NULL, '2019-01-11 03:00:05', '2019-01-18 03:00:04', 1),
(1159, NULL, 4, 6, 38, 'Intereses por 17 días de atraso.', 'Alquiler 01-2019 ', 62.98500, 36, 2, 'INT-899', NULL, NULL, NULL, 0.00000, 62.98500, NULL, 0, NULL, NULL, '2019-01-11 03:00:05', '2019-01-18 17:20:53', 1),
(1160, NULL, 4, 6, 40, 'Intereses por 17 días de atraso.', 'Alquiler 01-2019 ', 95.54850, 38, 2, 'INT-901', NULL, NULL, NULL, 0.00000, 95.54850, NULL, 0, NULL, NULL, '2019-01-11 03:00:05', '2019-01-18 17:20:53', 1),
(1161, NULL, 4, 6, 41, 'Intereses por 17 días de atraso.', 'Alquiler 01-2019', 62.05000, 39, 2, 'INT-902', NULL, NULL, NULL, 0.00000, 62.05000, NULL, 0, NULL, NULL, '2019-01-11 03:00:05', '2019-01-18 03:00:04', 1),
(1162, NULL, 3, 2, NULL, 'concept', 'Generado por Pablo Chirino', 11.11000, 1, 2, 'CUSTOM-20190111104134', 'rwer', NULL, NULL, 0.00000, 11.11000, NULL, 1, 1, NULL, '2019-01-11 13:41:34', NULL, 1),
(1163, NULL, 3, 1, NULL, 'concept', 'Generado por Pablo Chirino', 11.11000, 1, 1, 'CUSTOM-20190114173220', '', '2019-01-14', NULL, 0.00000, 11.11000, NULL, 1, 1, NULL, '2019-01-14 20:32:20', NULL, 1),
(1164, NULL, 2, 1, NULL, 'concept', 'Generado por Pablo Chirino', 10.00000, 4, 43, 'CUSTOM-20190114173301', '', '2019-01-14', NULL, 0.00000, 10.00000, NULL, 1, 1, NULL, '2019-01-14 20:33:01', NULL, 1),
(1165, NULL, 4, 6, NULL, 'dd', 'Generado por Pablo Chirino', 120.00000, 4, 2, 'CUSTOM-20190114173329', '', '2019-01-11', NULL, 0.00000, 120.00000, NULL, 1, 1, NULL, '2019-01-14 20:33:29', NULL, 1),
(1166, 12, 3, 6, NULL, 'Expensa a pagar', 'Generado por Andrea Cerutti', 10.00000, 12, 4, 'CUSTOM-20190114204704', '', NULL, NULL, 0.00000, 10.00000, NULL, 1, 3, NULL, '2019-01-14 23:47:04', '2019-01-14 23:48:07', 1),
(1167, 12, 1, 6, NULL, 'Comisión 1/3', 'Generado por Andrea Cerutti', 2000.00000, 12, 1, 'CUSTOM-20190114204804', 'Renovación de contrato alquiler. Total $6.0000', NULL, NULL, 0.00000, 2000.00000, NULL, 1, 3, NULL, '2019-01-14 23:48:04', '2019-01-14 23:48:07', 1),
(1168, 26, 1, 6, NULL, 'Act', 'Generado por Andrea Cerutti', 3000.00000, 10, 1, 'CUSTOM-20190115141652', 'Primer pago de 3 pagos', NULL, NULL, 0.00000, 3000.00000, NULL, 1, 3, NULL, '2019-01-15 17:16:52', '2019-01-16 14:48:53', 1),
(1169, 27, 1, 6, NULL, 'test', 'Generado por Andrea Cerutti', 1000.00000, 8, 1, 'CUSTOM-20190116115011', 'test2', NULL, NULL, 0.00000, 1000.00000, NULL, 1, 3, NULL, '2019-01-16 14:50:11', '2019-01-16 14:50:17', 1),
(1170, 28, 1, 6, NULL, 'Comisión 1/3', 'Generado por Andrea Cerutti', 10000.00000, 20, 1, 'CUSTOM-20190116115201', '3 pagos cada 30 días', NULL, NULL, 0.00000, 10000.00000, NULL, 1, 3, NULL, '2019-01-16 14:52:01', '2019-01-16 14:52:07', 1),
(1171, 29, 1, 6, NULL, 'Renovación del alquiler', 'Generado por Andrea Cerutti', 10000.00000, 8, 1, 'CUSTOM-20190116150052', '$20.000 Cuota 1/2', NULL, NULL, 0.00000, 10000.00000, NULL, 1, 3, NULL, '2019-01-16 18:00:52', '2019-01-16 18:01:09', 1),
(1172, NULL, 2, 6, 17, 'Aguas Cordobesas', 'Torre Carmela PB A - ', 0.00000, 40, 5, 'GET-EXPENSE-49', NULL, NULL, NULL, 0.00000, 0.00000, NULL, 0, NULL, 1173, '2019-01-18 13:19:02', '2019-01-18 13:19:02', 1),
(1173, NULL, 2, 6, 17, 'Aguas Cordobesas', 'Torre Carmela PB A - ', 0.00000, 5, 6, 'PAY-EXPENSE-49', NULL, NULL, NULL, 0.00000, 0.00000, NULL, 0, NULL, 1172, '2019-01-18 13:19:02', NULL, 1),
(1174, NULL, 2, 6, 17, 'Municipalidad de Cordoba', 'Torre Carmela PB A - 412023030000', 0.00000, 40, 5, 'GET-EXPENSE-50', NULL, NULL, NULL, 0.00000, 0.00000, NULL, 0, NULL, 1175, '2019-01-18 13:19:02', '2019-01-18 13:19:02', 1),
(1175, NULL, 2, 6, 17, 'Municipalidad de Cordoba', 'Torre Carmela PB A - 412023030000', 0.00000, 5, 6, 'PAY-EXPENSE-50', NULL, NULL, NULL, 0.00000, 0.00000, NULL, 0, NULL, 1174, '2019-01-18 13:19:02', NULL, 1),
(1176, NULL, 2, 6, 17, 'Rentas', 'Torre Carmela PB A - ', 0.00000, 40, 5, 'GET-EXPENSE-51', NULL, NULL, NULL, 0.00000, 0.00000, NULL, 0, NULL, 1177, '2019-01-18 13:19:02', '2019-01-18 13:19:02', 1),
(1177, NULL, 2, 6, 17, 'Rentas', 'Torre Carmela PB A - ', 0.00000, 5, 6, 'PAY-EXPENSE-51', NULL, NULL, NULL, 0.00000, 0.00000, NULL, 0, NULL, 1176, '2019-01-18 13:19:02', NULL, 1),
(1178, NULL, 2, 6, 24, 'Aguas Cordobesas', 'General Paz 9C - ', 0.00000, 44, 5, 'GET-EXPENSE-70', NULL, NULL, NULL, 0.00000, 0.00000, NULL, 0, NULL, 1179, '2019-01-18 13:21:02', '2019-01-18 13:21:02', 1),
(1179, NULL, 2, 6, 24, 'Aguas Cordobesas', 'General Paz 9C - ', 0.00000, 5, 6, 'PAY-EXPENSE-70', NULL, NULL, NULL, 0.00000, 0.00000, NULL, 0, NULL, 1178, '2019-01-18 13:21:02', NULL, 1),
(1180, NULL, 2, 6, 24, 'Municipalidad de Cordoba', 'General Paz 9C - ', 0.00000, 44, 5, 'GET-EXPENSE-71', NULL, NULL, NULL, 0.00000, 0.00000, NULL, 0, NULL, 1181, '2019-01-18 13:21:02', '2019-01-18 13:21:03', 1),
(1181, NULL, 2, 6, 24, 'Municipalidad de Cordoba', 'General Paz 9C - ', 0.00000, 5, 6, 'PAY-EXPENSE-71', NULL, NULL, NULL, 0.00000, 0.00000, NULL, 0, NULL, 1180, '2019-01-18 13:21:03', NULL, 1),
(1182, NULL, 2, 6, 24, 'Rentas', 'General Paz 9C - ', 0.00000, 44, 5, 'GET-EXPENSE-72', NULL, NULL, NULL, 0.00000, 0.00000, NULL, 0, NULL, 1183, '2019-01-18 13:21:03', '2019-01-18 13:21:03', 1),
(1183, NULL, 2, 6, 24, 'Rentas', 'General Paz 9C - ', 0.00000, 5, 6, 'PAY-EXPENSE-72', NULL, NULL, NULL, 0.00000, 0.00000, NULL, 0, NULL, 1182, '2019-01-18 13:21:03', NULL, 1),
(1184, NULL, 2, 6, 27, 'Aguas Cordobesas', 'Independencia 1091 6A - ', 0.00000, 48, 5, 'GET-EXPENSE-79', NULL, NULL, NULL, 0.00000, 0.00000, NULL, 0, NULL, 1185, '2019-01-18 13:21:03', '2019-01-18 13:21:03', 1),
(1185, NULL, 2, 6, 27, 'Aguas Cordobesas', 'Independencia 1091 6A - ', 0.00000, 5, 6, 'PAY-EXPENSE-79', NULL, NULL, NULL, 0.00000, 0.00000, NULL, 0, NULL, 1184, '2019-01-18 13:21:03', NULL, 1),
(1186, NULL, 2, 6, 27, 'Municipalidad de Cordoba', 'Independencia 1091 6A - ', 0.00000, 48, 5, 'GET-EXPENSE-80', NULL, NULL, NULL, 0.00000, 0.00000, NULL, 0, NULL, 1187, '2019-01-18 13:21:03', '2019-01-18 13:21:03', 1),
(1187, NULL, 2, 6, 27, 'Municipalidad de Cordoba', 'Independencia 1091 6A - ', 0.00000, 5, 6, 'PAY-EXPENSE-80', NULL, NULL, NULL, 0.00000, 0.00000, NULL, 0, NULL, 1186, '2019-01-18 13:21:03', NULL, 1),
(1188, NULL, 2, 6, 27, 'Rentas', 'Independencia 1091 6A - ', 0.00000, 48, 5, 'GET-EXPENSE-81', NULL, NULL, NULL, 0.00000, 0.00000, NULL, 0, NULL, 1189, '2019-01-18 13:21:03', '2019-01-18 13:21:03', 1),
(1189, NULL, 2, 6, 27, 'Rentas', 'Independencia 1091 6A - ', 0.00000, 5, 6, 'PAY-EXPENSE-81', NULL, NULL, NULL, 0.00000, 0.00000, NULL, 0, NULL, 1188, '2019-01-18 13:21:03', NULL, 1),
(1190, NULL, 2, 6, 29, 'Aguas Cordobesas', 'Duplex Salta - ', 0.00000, 49, 5, 'GET-EXPENSE-85', NULL, NULL, NULL, 0.00000, 0.00000, NULL, 0, NULL, 1191, '2019-01-18 13:22:02', '2019-01-18 13:22:02', 1),
(1191, NULL, 2, 6, 29, 'Aguas Cordobesas', 'Duplex Salta - ', 0.00000, 5, 6, 'PAY-EXPENSE-85', NULL, NULL, NULL, 0.00000, 0.00000, NULL, 0, NULL, 1190, '2019-01-18 13:22:02', NULL, 1),
(1192, NULL, 2, 6, 29, 'Municipalidad de Cordoba', 'Duplex Salta - ', 0.00000, 49, 5, 'GET-EXPENSE-86', NULL, NULL, NULL, 0.00000, 0.00000, NULL, 0, NULL, 1193, '2019-01-18 13:22:02', '2019-01-18 13:22:02', 1),
(1193, NULL, 2, 6, 29, 'Municipalidad de Cordoba', 'Duplex Salta - ', 0.00000, 5, 6, 'PAY-EXPENSE-86', NULL, NULL, NULL, 0.00000, 0.00000, NULL, 0, NULL, 1192, '2019-01-18 13:22:02', NULL, 1),
(1194, NULL, 2, 6, 29, 'Rentas', 'Duplex Salta - ', 0.00000, 49, 5, 'GET-EXPENSE-87', NULL, NULL, NULL, 0.00000, 0.00000, NULL, 0, NULL, 1195, '2019-01-18 13:22:02', '2019-01-18 13:22:02', 1),
(1195, NULL, 2, 6, 29, 'Rentas', 'Duplex Salta - ', 0.00000, 5, 6, 'PAY-EXPENSE-87', NULL, NULL, NULL, 0.00000, 0.00000, NULL, 0, NULL, 1194, '2019-01-18 13:22:02', NULL, 1),
(1196, NULL, 2, 6, 35, 'Aguas Cordobesas', 'San Jeronimo 167 - ', 0.00000, 50, 5, 'GET-EXPENSE-103', NULL, NULL, NULL, 0.00000, 0.00000, NULL, 0, NULL, 1197, '2019-01-18 13:23:03', '2019-01-18 13:23:03', 1),
(1197, NULL, 2, 6, 35, 'Aguas Cordobesas', 'San Jeronimo 167 - ', 0.00000, 5, 6, 'PAY-EXPENSE-103', NULL, NULL, NULL, 0.00000, 0.00000, NULL, 0, NULL, 1196, '2019-01-18 13:23:03', NULL, 1),
(1198, NULL, 2, 6, 35, 'Municipalidad de Cordoba', 'San Jeronimo 167 - ', 0.00000, 50, 5, 'GET-EXPENSE-104', NULL, NULL, NULL, 0.00000, 0.00000, NULL, 0, NULL, 1199, '2019-01-18 13:23:03', '2019-01-18 13:23:03', 1),
(1199, NULL, 2, 6, 35, 'Municipalidad de Cordoba', 'San Jeronimo 167 - ', 0.00000, 5, 6, 'PAY-EXPENSE-104', NULL, NULL, NULL, 0.00000, 0.00000, NULL, 0, NULL, 1198, '2019-01-18 13:23:03', NULL, 1),
(1200, NULL, 2, 6, 35, 'Rentas', 'San Jeronimo 167 - ', 0.00000, 50, 5, 'GET-EXPENSE-105', NULL, NULL, NULL, 0.00000, 0.00000, NULL, 0, NULL, 1201, '2019-01-18 13:23:03', '2019-01-18 13:23:03', 1),
(1201, NULL, 2, 6, 35, 'Rentas', 'San Jeronimo 167 - ', 0.00000, 5, 6, 'PAY-EXPENSE-105', NULL, NULL, NULL, 0.00000, 0.00000, NULL, 0, NULL, 1200, '2019-01-18 13:23:03', NULL, 1),
(1202, NULL, 2, 6, 33, 'Aguas Cordobesas', 'Balcarce 540 - ', 0.00000, 51, 5, 'GET-EXPENSE-97', NULL, NULL, NULL, 0.00000, 0.00000, NULL, 0, NULL, 1203, '2019-01-18 13:27:02', '2019-01-18 13:27:02', 1),
(1203, NULL, 2, 6, 33, 'Aguas Cordobesas', 'Balcarce 540 - ', 0.00000, 5, 6, 'PAY-EXPENSE-97', NULL, NULL, NULL, 0.00000, 0.00000, NULL, 0, NULL, 1202, '2019-01-18 13:27:02', NULL, 1),
(1204, NULL, 2, 6, 33, 'Municipalidad de Cordoba', 'Balcarce 540 - ', 0.00000, 51, 5, 'GET-EXPENSE-98', NULL, NULL, NULL, 0.00000, 0.00000, NULL, 0, NULL, 1205, '2019-01-18 13:27:02', '2019-01-18 13:27:02', 1),
(1205, NULL, 2, 6, 33, 'Municipalidad de Cordoba', 'Balcarce 540 - ', 0.00000, 5, 6, 'PAY-EXPENSE-98', NULL, NULL, NULL, 0.00000, 0.00000, NULL, 0, NULL, 1204, '2019-01-18 13:27:02', NULL, 1),
(1206, NULL, 2, 6, 33, 'Rentas', 'Balcarce 540 - ', 0.00000, 51, 5, 'GET-EXPENSE-99', NULL, NULL, NULL, 0.00000, 0.00000, NULL, 0, NULL, 1207, '2019-01-18 13:27:02', '2019-01-18 13:27:02', 1),
(1207, NULL, 2, 6, 33, 'Rentas', 'Balcarce 540 - ', 0.00000, 5, 6, 'PAY-EXPENSE-99', NULL, NULL, NULL, 0.00000, 0.00000, NULL, 0, NULL, 1206, '2019-01-18 13:27:02', NULL, 1),
(1208, NULL, 5, 6, 19, 'Liquidación periodo 01-2019 ', 'Chile 349 Consultorio', 12880.00000, 2, 45, 'LIQ-RENT-18', NULL, NULL, NULL, 0.00000, 12880.00000, NULL, 0, NULL, NULL, '2019-01-18 13:28:01', '2019-01-18 17:08:26', 1),
(1209, NULL, 1, 6, 19, 'Gasto administrativo periodo 01-2019', 'Chile 349 Consultorio', 644.00000, 45, 1, 'LIQ-ADM-RENT-18', NULL, NULL, NULL, 0.00000, 644.00000, NULL, 0, NULL, NULL, '2019-01-18 13:28:01', NULL, 1),
(1210, NULL, 5, 6, 20, 'Liquidación periodo 01-2019 ', 'Thays', 19000.00000, 2, 45, 'LIQ-RENT-19', NULL, NULL, NULL, 0.00000, 19000.00000, NULL, 0, NULL, NULL, '2019-01-18 13:29:02', '2019-01-18 17:08:26', 1),
(1211, NULL, 1, 6, 20, 'Gasto administrativo periodo 01-2019', 'Thays', 950.00000, 45, 1, 'LIQ-ADM-RENT-19', NULL, NULL, NULL, 0.00000, 950.00000, NULL, 0, NULL, NULL, '2019-01-18 13:29:02', NULL, 1),
(1212, NULL, 5, 6, 21, 'Liquidación periodo 01-2019 ', 'Pje. España 1 A', 7273.00000, 2, 44, 'LIQ-RENT-20', NULL, NULL, NULL, 0.00000, 7273.00000, NULL, 0, NULL, NULL, '2019-01-18 13:29:02', '2019-01-18 17:08:26', 1),
(1213, NULL, 1, 6, 21, 'Gasto administrativo periodo 01-2019', 'Pje. España 1 A', 363.65000, 44, 1, 'LIQ-ADM-RENT-20', NULL, NULL, NULL, 0.00000, 363.65000, NULL, 0, NULL, NULL, '2019-01-18 13:29:02', NULL, 1),
(1214, NULL, 5, 6, 22, 'Liquidación periodo 01-2019', 'Pje. España 2 A', 7909.00000, 2, 44, 'LIQ-RENT-21', NULL, NULL, NULL, 0.00000, 7909.00000, NULL, 0, NULL, NULL, '2019-01-18 13:30:02', NULL, 1),
(1215, NULL, 1, 6, 22, 'Gasto administrativo periodo 01-2019', 'Pje. España 2 A', 395.45000, 44, 1, 'LIQ-ADM-RENT-21', NULL, NULL, NULL, 0.00000, 395.45000, NULL, 0, NULL, NULL, '2019-01-18 13:30:02', NULL, 1),
(1216, NULL, 5, 6, 25, 'Liquidación periodo 01-2019 ', 'Duplex Azpeitia', 18400.00000, 2, 47, 'LIQ-RENT-23', NULL, NULL, NULL, 0.00000, 18400.00000, NULL, 0, NULL, NULL, '2019-01-18 13:30:02', '2019-01-18 17:08:26', 1),
(1217, NULL, 1, 6, 25, 'Gasto administrativo periodo 01-2019', 'Duplex Azpeitia', 920.00000, 47, 1, 'LIQ-ADM-RENT-23', NULL, NULL, NULL, 0.00000, 920.00000, NULL, 0, NULL, NULL, '2019-01-18 13:30:02', NULL, 1),
(1218, NULL, 5, 6, 26, 'Liquidación periodo 01-2019 ', 'Local Independencia 1091', 17500.00000, 2, 48, 'LIQ-RENT-25', NULL, NULL, NULL, 0.00000, 17500.00000, NULL, 0, NULL, NULL, '2019-01-18 13:31:02', '2019-01-18 17:08:26', 1),
(1219, NULL, 1, 6, 26, 'Gasto administrativo periodo 01-2019', 'Local Independencia 1091', 875.00000, 48, 1, 'LIQ-ADM-RENT-25', NULL, NULL, NULL, 0.00000, 875.00000, NULL, 0, NULL, NULL, '2019-01-18 13:31:02', NULL, 1),
(1220, NULL, 5, 6, 28, 'Liquidación periodo 01-2019 ', 'Triplex Salguero', 13110.00000, 2, 52, 'LIQ-RENT-26', NULL, NULL, NULL, 0.00000, 13110.00000, NULL, 0, NULL, NULL, '2019-01-18 13:31:02', '2019-01-18 17:08:26', 1),
(1221, NULL, 1, 6, 28, 'Gasto administrativo periodo 01-2019', 'Triplex Salguero', 655.50000, 52, 1, 'LIQ-ADM-RENT-26', NULL, NULL, NULL, 0.00000, 655.50000, NULL, 0, NULL, NULL, '2019-01-18 13:31:02', NULL, 1),
(1222, NULL, 5, 6, 34, 'Liquidación periodo 01-2019', 'Obispo Oro 451', 12167.00000, 2, 50, 'LIQ-RENT-30', NULL, NULL, NULL, 0.00000, 12167.00000, NULL, 0, NULL, NULL, '2019-01-18 13:46:02', NULL, 1),
(1223, NULL, 1, 6, 34, 'Gasto administrativo periodo 01-2019', 'Obispo Oro 451', 608.35000, 50, 1, 'LIQ-ADM-RENT-30', NULL, NULL, NULL, 0.00000, 608.35000, NULL, 0, NULL, NULL, '2019-01-18 13:46:02', NULL, 1),
(1224, NULL, 5, 6, 39, 'Liquidación periodo 01-2019 ', 'Belgrano 1003 6C', 8300.00000, 2, 53, 'LIQ-RENT-34', NULL, NULL, NULL, 0.00000, 8300.00000, NULL, 0, NULL, NULL, '2019-01-18 13:49:01', '2019-01-18 17:08:26', 1),
(1225, NULL, 1, 6, 39, 'Gasto administrativo periodo 01-2019', 'Belgrano 1003 6C', 415.00000, 53, 1, 'LIQ-ADM-RENT-34', NULL, NULL, NULL, 0.00000, 415.00000, NULL, 0, NULL, NULL, '2019-01-18 13:49:01', NULL, 1),
(1226, NULL, 5, 6, 30, 'Liquidación periodo 01-2019', 'San Lorenzo Mono', 6707.00000, 2, 54, 'LIQ-RENT-27', NULL, NULL, NULL, 0.00000, 6707.00000, NULL, 0, NULL, NULL, '2019-01-18 16:51:02', NULL, 1);
INSERT INTO `receipt_details` (`id_receipt_detail`, `id_receipt`, `id_expense_type`, `id_period`, `id_property`, `detail_description`, `detail_info`, `detail_ammount`, `id_issuing_account`, `id_receiving_account`, `detail_concept`, `detail_observations`, `detail_expire_date`, `detail_interest_since`, `detail_interest_rate`, `detail_original_ammount`, `detail_attachments`, `detail_custom`, `detail_id_user_modifier`, `detail_id_detail_sibling`, `creation_date`, `modification_date`, `_checked`) VALUES
(1227, NULL, 1, 6, 30, 'Gasto administrativo periodo 01-2019', 'San Lorenzo Mono', 335.35000, 54, 1, 'LIQ-ADM-RENT-27', NULL, NULL, NULL, 0.00000, 335.35000, NULL, 0, NULL, NULL, '2019-01-18 16:51:02', NULL, 1),
(1228, NULL, 5, 6, 31, 'Liquidación periodo 01-2019 ', 'Amb. Olmos 1028 3D', 6613.00000, 2, 55, 'LIQ-RENT-28', NULL, NULL, NULL, 0.00000, 6613.00000, NULL, 0, NULL, NULL, '2019-01-18 16:52:01', '2019-01-18 17:08:26', 1),
(1229, NULL, 1, 6, 31, 'Gasto administrativo periodo 01-2019', 'Amb. Olmos 1028 3D', 330.65000, 55, 1, 'LIQ-ADM-RENT-28', NULL, NULL, NULL, 0.00000, 330.65000, NULL, 0, NULL, NULL, '2019-01-18 16:52:01', NULL, 1),
(1230, NULL, 5, 6, 32, 'Liquidación periodo 01-2019', 'Mono Independencia 804 6D', 4867.00000, 2, 55, 'LIQ-RENT-29', NULL, NULL, NULL, 0.00000, 4867.00000, NULL, 0, NULL, NULL, '2019-01-18 16:54:01', NULL, 1),
(1231, NULL, 1, 6, 32, 'Gasto administrativo periodo 01-2019', 'Mono Independencia 804 6D', 243.35000, 55, 1, 'LIQ-ADM-RENT-29', NULL, NULL, NULL, 0.00000, 243.35000, NULL, 0, NULL, NULL, '2019-01-18 16:54:01', NULL, 1),
(1232, NULL, 5, 6, 36, 'Liquidación periodo 01-2019 ', 'San Lorenzo 2 Dorm', 12075.00000, 2, 56, 'LIQ-RENT-31', NULL, NULL, NULL, 0.00000, 12075.00000, NULL, 0, NULL, NULL, '2019-01-18 16:55:02', '2019-01-18 17:08:26', 1),
(1233, NULL, 1, 6, 36, 'Gasto administrativo periodo 01-2019', 'San Lorenzo 2 Dorm', 603.75000, 56, 1, 'LIQ-ADM-RENT-31', NULL, NULL, NULL, 0.00000, 603.75000, NULL, 0, NULL, NULL, '2019-01-18 16:55:02', NULL, 1),
(1234, NULL, 5, 6, 37, 'Liquidación periodo 01-2019', 'Dean Funes', 4950.00000, 2, 57, 'LIQ-RENT-32', NULL, NULL, NULL, 0.00000, 4950.00000, NULL, 0, NULL, NULL, '2019-01-18 16:55:02', NULL, 1),
(1235, NULL, 1, 6, 37, 'Gasto administrativo periodo 01-2019', 'Dean Funes', 247.50000, 57, 1, 'LIQ-ADM-RENT-32', NULL, NULL, NULL, 0.00000, 247.50000, NULL, 0, NULL, NULL, '2019-01-18 16:55:02', NULL, 1),
(1236, NULL, 5, 6, 38, 'Liquidación periodo 01-2019 ', 'Montevideo', 7410.00000, 2, 58, 'LIQ-RENT-33', NULL, NULL, NULL, 0.00000, 7410.00000, NULL, 0, NULL, NULL, '2019-01-18 16:56:01', '2019-01-18 17:08:26', 1),
(1237, NULL, 1, 6, 38, 'Gasto administrativo periodo 01-2019', 'Montevideo', 370.50000, 58, 1, 'LIQ-ADM-RENT-33', NULL, NULL, NULL, 0.00000, 370.50000, NULL, 0, NULL, NULL, '2019-01-18 16:56:01', NULL, 1),
(1238, NULL, 5, 6, 40, 'Liquidación periodo 01-2019 ', 'Carlucci 29', 11241.00000, 2, 42, 'LIQ-RENT-35', NULL, NULL, NULL, 0.00000, 11241.00000, NULL, 0, NULL, NULL, '2019-01-18 16:57:02', '2019-01-18 17:08:26', 1),
(1239, NULL, 1, 6, 40, 'Gasto administrativo periodo 01-2019', 'Carlucci 29', 562.05000, 42, 1, 'LIQ-ADM-RENT-35', NULL, NULL, NULL, 0.00000, 562.05000, NULL, 0, NULL, NULL, '2019-01-18 16:57:02', NULL, 1),
(1240, NULL, 5, 6, 41, 'Liquidación periodo 01-2019', 'M.T. de Alvear 970 2º 11', 7300.00000, 2, 59, 'LIQ-RENT-36', NULL, NULL, NULL, 0.00000, 7300.00000, NULL, 0, NULL, NULL, '2019-01-18 16:57:02', NULL, 1),
(1241, NULL, 1, 6, 41, 'Gasto administrativo periodo 01-2019', 'M.T. de Alvear 970 2º 11', 365.00000, 59, 1, 'LIQ-ADM-RENT-36', NULL, NULL, NULL, 0.00000, 365.00000, NULL, 0, NULL, NULL, '2019-01-18 16:57:02', NULL, 1);

-- --------------------------------------------------------

--
-- Estructura de tabla para la tabla `roles`
--

CREATE TABLE `roles` (
  `id_role` int(10) UNSIGNED NOT NULL,
  `role_name` varchar(50) NOT NULL,
  `role_deletable` tinyint(1) NOT NULL DEFAULT '1'
) ENGINE=InnoDB DEFAULT CHARSET=utf8;

--
-- Volcado de datos para la tabla `roles`
--

INSERT INTO `roles` (`id_role`, `role_name`, `role_deletable`) VALUES
(1, 'Administrador de Sistema', 0),
(2, 'Administrador', 0),
(3, 'Propietario', 0),
(4, 'Locatario', 0),
(5, 'Garante', 0),
(6, 'Profesional', 0),
(7, 'Consorcio', 0),
(8, 'Sistema', 0);

-- --------------------------------------------------------

--
-- Estructura de tabla para la tabla `roles_permissions`
--

CREATE TABLE `roles_permissions` (
  `id_permission` int(10) UNSIGNED NOT NULL,
  `id_role` int(10) UNSIGNED NOT NULL,
  `permission_group` varchar(100) NOT NULL,
  `permission_item` varchar(100) NOT NULL,
  `permission_value` tinyint(1) NOT NULL,
  `permission_date` datetime NOT NULL
) ENGINE=InnoDB DEFAULT CHARSET=utf8;

--
-- Volcado de datos para la tabla `roles_permissions`
--

INSERT INTO `roles_permissions` (`id_permission`, `id_role`, `permission_group`, `permission_item`, `permission_value`, `permission_date`) VALUES
(33, 1, 'app', 'manage_users', 1, '2018-10-19 13:19:58'),
(34, 1, 'app', 'manage_roles', 1, '2018-10-19 13:19:58'),
(35, 1, 'app', 'manage_system', 1, '2018-10-19 13:19:58'),
(37, 1, 'app', 'mnu_alquileres', 1, '2018-10-26 12:43:18'),
(38, 1, 'app', 'mnu_maintenances', 1, '2018-10-26 12:43:18'),
(39, 1, 'app', 'mnu_taxes', 1, '2018-10-26 12:43:18'),
(40, 1, 'app', 'mnu_properties', 1, '2018-10-26 12:43:18'),
(41, 1, 'app', 'mnu_owners', 1, '2018-10-26 12:43:18'),
(42, 1, 'app', 'mnu_administration', 1, '2018-10-26 12:43:18'),
(43, 1, 'app', 'mnu_configuration', 1, '2018-10-26 12:43:18'),
(44, 1, 'app', 'mnu_rents', 1, '2018-10-26 12:50:18'),
(45, 3, 'app', 'manage_users', 0, '2018-10-26 12:52:17'),
(46, 3, 'app', 'manage_roles', 0, '2018-10-26 12:52:17'),
(47, 3, 'app', 'mnu_rents', 0, '2018-10-26 12:52:17'),
(48, 3, 'app', 'mnu_maintenances', 1, '2018-10-26 12:52:17'),
(49, 3, 'app', 'mnu_taxes', 0, '2018-10-26 12:52:17'),
(50, 3, 'app', 'mnu_properties', 1, '2018-10-26 12:52:17'),
(51, 3, 'app', 'mnu_owners', 0, '2018-10-26 12:52:17'),
(52, 3, 'app', 'mnu_administration', 0, '2018-10-26 12:52:17'),
(53, 3, 'app', 'mnu_configuration', 0, '2018-10-26 12:52:17'),
(54, 3, 'app', 'manage_system', 0, '2018-10-26 12:55:40'),
(56, 4, 'app', 'manage_users', 0, '2018-10-29 12:59:18'),
(57, 4, 'app', 'manage_roles', 0, '2018-10-29 12:59:18'),
(58, 4, 'app', 'mnu_rents', 0, '2018-10-29 12:59:18'),
(59, 4, 'app', 'mnu_maintenances', 0, '2018-10-29 12:59:18'),
(60, 4, 'app', 'mnu_taxes', 0, '2018-10-29 12:59:18'),
(61, 4, 'app', 'mnu_properties', 0, '2018-10-29 12:59:18'),
(62, 4, 'app', 'mnu_owners', 0, '2018-10-29 12:59:18'),
(63, 4, 'app', 'mnu_administration', 0, '2018-10-29 12:59:18'),
(64, 4, 'app', 'mnu_configuration', 0, '2018-10-29 12:59:18'),
(65, 5, 'app', 'manage_users', 0, '2018-10-29 12:59:27'),
(66, 5, 'app', 'manage_roles', 0, '2018-10-29 12:59:27'),
(67, 5, 'app', 'mnu_rents', 0, '2018-10-29 12:59:27'),
(68, 5, 'app', 'mnu_maintenances', 0, '2018-10-29 12:59:27'),
(69, 5, 'app', 'mnu_taxes', 0, '2018-10-29 12:59:27'),
(70, 5, 'app', 'mnu_properties', 0, '2018-10-29 12:59:27'),
(71, 5, 'app', 'mnu_owners', 0, '2018-10-29 12:59:27'),
(72, 5, 'app', 'mnu_administration', 0, '2018-10-29 12:59:27'),
(73, 5, 'app', 'mnu_configuration', 0, '2018-10-29 12:59:27'),
(74, 6, 'app', 'manage_users', 0, '2018-10-29 12:59:36'),
(75, 6, 'app', 'manage_roles', 0, '2018-10-29 12:59:36'),
(76, 6, 'app', 'mnu_rents', 0, '2018-10-29 12:59:36'),
(77, 6, 'app', 'mnu_maintenances', 0, '2018-10-29 12:59:36'),
(78, 6, 'app', 'mnu_taxes', 0, '2018-10-29 12:59:36'),
(79, 6, 'app', 'mnu_properties', 0, '2018-10-29 12:59:36'),
(80, 6, 'app', 'mnu_owners', 0, '2018-10-29 12:59:36'),
(81, 6, 'app', 'mnu_administration', 0, '2018-10-29 12:59:36'),
(82, 6, 'app', 'mnu_configuration', 0, '2018-10-29 12:59:36'),
(83, 7, 'app', 'manage_users', 0, '2018-10-29 12:59:45'),
(84, 7, 'app', 'manage_roles', 0, '2018-10-29 12:59:45'),
(85, 7, 'app', 'mnu_rents', 0, '2018-10-29 12:59:45'),
(86, 7, 'app', 'mnu_maintenances', 0, '2018-10-29 12:59:45'),
(87, 7, 'app', 'mnu_taxes', 0, '2018-10-29 12:59:45'),
(88, 7, 'app', 'mnu_properties', 0, '2018-10-29 12:59:45'),
(89, 7, 'app', 'mnu_owners', 0, '2018-10-29 12:59:45'),
(90, 7, 'app', 'mnu_administration', 0, '2018-10-29 12:59:45'),
(91, 7, 'app', 'mnu_configuration', 0, '2018-10-29 12:59:45'),
(92, 3, 'app', 'manage_contracts', 0, '2018-10-29 13:34:14'),
(93, 3, 'app', 'handle_payments', 0, '2018-10-29 13:57:47'),
(94, 4, 'app', 'manage_contracts', 0, '2018-10-29 14:27:00'),
(95, 4, 'app', 'handle_payments', 0, '2018-10-29 14:27:00'),
(96, 5, 'app', 'manage_contracts', 0, '2018-10-29 14:27:04'),
(97, 5, 'app', 'handle_payments', 0, '2018-10-29 14:27:04'),
(98, 6, 'app', 'manage_contracts', 0, '2018-10-29 14:27:08'),
(99, 6, 'app', 'handle_payments', 0, '2018-10-29 14:27:09'),
(100, 7, 'app', 'manage_contracts', 0, '2018-10-29 14:27:12'),
(101, 7, 'app', 'handle_payments', 0, '2018-10-29 14:27:12'),
(102, 1, 'app', 'manage_contracts', 1, '2018-10-29 14:32:43'),
(103, 1, 'app', 'handle_payments', 1, '2018-10-30 12:53:08'),
(104, 2, 'app', 'mnu_rents', 1, '2018-10-30 12:53:39'),
(105, 2, 'app', 'mnu_maintenances', 1, '2018-10-30 12:53:39'),
(106, 2, 'app', 'mnu_taxes', 1, '2018-10-30 12:53:39'),
(107, 2, 'app', 'mnu_properties', 1, '2018-10-30 12:53:39'),
(108, 2, 'app', 'mnu_owners', 1, '2018-10-30 12:53:39'),
(109, 2, 'app', 'mnu_administration', 1, '2018-10-30 12:53:39'),
(110, 2, 'app', 'manage_users', 1, '2018-10-30 12:53:39'),
(111, 2, 'app', 'manage_roles', 1, '2018-10-30 12:53:39'),
(112, 2, 'app', 'manage_system', 1, '2018-10-30 12:53:39'),
(113, 2, 'app', 'mnu_configuration', 0, '2018-10-30 12:53:39'),
(114, 2, 'app', 'handle_payments', 1, '2018-10-30 12:53:42'),
(115, 2, 'app', 'manage_contracts', 1, '2018-10-30 13:01:54'),
(116, 1, 'app', 'mnu_contracts', 1, '2018-12-07 13:00:40'),
(117, 2, 'app', 'mnu_contracts', 1, '2019-01-09 08:39:30');

-- --------------------------------------------------------

--
-- Estructura de tabla para la tabla `system_updates`
--

CREATE TABLE `system_updates` (
  `id_update` int(10) UNSIGNED NOT NULL,
  `updated` datetime NOT NULL DEFAULT CURRENT_TIMESTAMP,
  `database_version` varchar(12) NOT NULL,
  `code_version` varchar(12) NOT NULL,
  `comment` text
) ENGINE=InnoDB DEFAULT CHARSET=utf8;

--
-- Volcado de datos para la tabla `system_updates`
--

INSERT INTO `system_updates` (`id_update`, `updated`, `database_version`, `code_version`, `comment`) VALUES
(1, '2018-10-30 15:44:03', '00.00.00', '1.00', 'setup');

-- --------------------------------------------------------

--
-- Estructura de tabla para la tabla `users`
--

CREATE TABLE `users` (
  `id_user` int(10) UNSIGNED NOT NULL,
  `user_name` varchar(100) NOT NULL,
  `user_lastname` varchar(100) DEFAULT NULL,
  `user_address` varchar(200) DEFAULT NULL,
  `user_email` varchar(254) NOT NULL,
  `user_cuit` varchar(20) DEFAULT NULL,
  `user_phone` varchar(45) DEFAULT NULL,
  `user_picture` varchar(5) DEFAULT NULL,
  `user_password` varchar(128) NOT NULL,
  `user_language` varchar(25) NOT NULL DEFAULT 'spnaish',
  `user_observations` text,
  `user_password_restore` varchar(128) DEFAULT NULL,
  `user_registration_date` datetime NOT NULL DEFAULT CURRENT_TIMESTAMP,
  `user_last_login` datetime DEFAULT NULL,
  `user_login_count` int(11) DEFAULT '0',
  `user_deletion_date` datetime DEFAULT NULL,
  `user_pin` int(4) DEFAULT NULL,
  `user_archived` tinyint(1) NOT NULL DEFAULT '0',
  `id_role` int(10) UNSIGNED NOT NULL
) ENGINE=InnoDB DEFAULT CHARSET=utf8;

--
-- Volcado de datos para la tabla `users`
--

INSERT INTO `users` (`id_user`, `user_name`, `user_lastname`, `user_address`, `user_email`, `user_cuit`, `user_phone`, `user_picture`, `user_password`, `user_language`, `user_observations`, `user_password_restore`, `user_registration_date`, `user_last_login`, `user_login_count`, `user_deletion_date`, `user_pin`, `user_archived`, `id_role`) VALUES
(1, 'Pablo', 'Chirino', NULL, 'pchirino@inglobe.com.ar', '20352801713', '3513474793', NULL, 'e10adc3949ba59abbe56e057f20f883e', 'spanish', NULL, NULL, '2017-01-01 00:00:00', '2019-01-18 16:28:50', 9, NULL, 4444, 0, 1),
(2, 'Ignacio', 'Martin', NULL, 'ignacio@inglobe.com.ar', NULL, NULL, NULL, 'e10adc3949ba59abbe56e057f20f883e', 'spanish', NULL, NULL, '2017-01-01 00:00:00', NULL, 0, NULL, 4444, 0, 1),
(3, 'Andrea', 'Cerutti', NULL, 'andrea@inglobe.com.ar', NULL, NULL, NULL, 'e10adc3949ba59abbe56e057f20f883e', 'spanish', NULL, NULL, '2017-01-01 00:00:00', '2019-01-18 13:48:43', 18, NULL, 4444, 0, 2),
(4, 'Pagos de Imp & Serv.', NULL, NULL, 'pagos@contrerasadministracion.com.ar', NULL, NULL, NULL, 'e10adc3949ba59abbe56e057f20f883e', 'spanish', NULL, NULL, '2018-01-01 00:00:00', NULL, 0, NULL, 4444, 0, 8),
(5, 'Jeremías Ezequiel', 'Fabbro', NULL, 'contreras_5@contrerasadministracion.com.ar', NULL, NULL, NULL, 'e10adc3949ba59abbe56e057f20f883e', 'spanish', NULL, NULL, '0000-00-00 00:00:00', NULL, 0, NULL, 4444, 0, 4),
(6, 'Joaquin Sebastian', 'Perez', NULL, 'contreras_6@contrerasadministracion.com.ar', NULL, NULL, NULL, 'e10adc3949ba59abbe56e057f20f883e', 'spanish', NULL, NULL, '0000-00-00 00:00:00', NULL, 0, NULL, 4444, 0, 4),
(7, 'Sebastian gustavo', 'Abelleira', NULL, 'contreras_7@contrerasadministracion.com.ar', '26179637', NULL, NULL, 'e10adc3949ba59abbe56e057f20f883e', 'spanish', NULL, NULL, '0000-00-00 00:00:00', NULL, 0, NULL, 4444, 0, 4),
(8, 'Leandro Emanuel', 'Aguilar', NULL, 'contreras_8@contrerasadministracion.com.ar', '29710899', NULL, NULL, 'e10adc3949ba59abbe56e057f20f883e', 'spanish', NULL, NULL, '0000-00-00 00:00:00', NULL, 0, NULL, 4444, 0, 5),
(9, 'Cesar Juan', 'Aguirre', NULL, 'contreras_9@contrerasadministracion.com.ar', '13962092', NULL, NULL, 'e10adc3949ba59abbe56e057f20f883e', 'spanish', NULL, NULL, '0000-00-00 00:00:00', NULL, 0, NULL, 4444, 0, 5),
(10, 'Cristina Rosana', 'Alainez', NULL, 'contreras_10@contrerasadministracion.com.ar', '20589360', NULL, NULL, 'e10adc3949ba59abbe56e057f20f883e', 'spanish', NULL, NULL, '0000-00-00 00:00:00', NULL, 0, NULL, 4444, 0, 5),
(11, 'Daniel', 'Alvarez', NULL, 'contreras_11@contrerasadministracion.com.ar', '12672627', NULL, NULL, 'e10adc3949ba59abbe56e057f20f883e', 'spanish', NULL, NULL, '0000-00-00 00:00:00', NULL, 0, NULL, 4444, 0, 5),
(12, 'Pilar', 'Alvarez ojeda', NULL, 'contreras_12@contrerasadministracion.com.ar', '40835475', NULL, NULL, 'e10adc3949ba59abbe56e057f20f883e', 'spanish', NULL, NULL, '0000-00-00 00:00:00', NULL, 0, NULL, 4444, 0, 4),
(13, 'Jaqueline De Los Angeles', 'Araez', NULL, 'contreras_13@contrerasadministracion.com.ar', '20393878', NULL, NULL, 'e10adc3949ba59abbe56e057f20f883e', 'spanish', NULL, NULL, '0000-00-00 00:00:00', NULL, 0, NULL, 4444, 0, 5),
(14, 'Maria florencia', 'Araez', NULL, 'contreras_14@contrerasadministracion.com.ar', '36869746', NULL, NULL, 'e10adc3949ba59abbe56e057f20f883e', 'spanish', NULL, NULL, '0000-00-00 00:00:00', NULL, 0, NULL, 4444, 0, 4),
(15, 'Sonia Nancy', 'Araez', NULL, 'contreras_15@contrerasadministracion.com.ar', '14804451', NULL, NULL, 'e10adc3949ba59abbe56e057f20f883e', 'spanish', NULL, NULL, '0000-00-00 00:00:00', NULL, 0, NULL, 4444, 0, 5),
(16, 'Ivone', 'Artur de Villarmois', NULL, 'contreras_16@contrerasadministracion.com.ar', '30828922', NULL, NULL, 'e10adc3949ba59abbe56e057f20f883e', 'spanish', NULL, NULL, '0000-00-00 00:00:00', NULL, 0, NULL, 4444, 0, 5),
(17, 'Cristina Beatriz', 'Asnard', NULL, 'contreras_17@contrerasadministracion.com.ar', '11515360', NULL, NULL, 'e10adc3949ba59abbe56e057f20f883e', 'spanish', NULL, NULL, '0000-00-00 00:00:00', NULL, 0, NULL, 4444, 0, 5),
(18, 'Cynthia Ivonne', 'Avoledo', NULL, 'contreras_18@contrerasadministracion.com.ar', '32772767', NULL, NULL, 'e10adc3949ba59abbe56e057f20f883e', 'spanish', NULL, NULL, '0000-00-00 00:00:00', NULL, 0, NULL, 4444, 0, 5),
(19, 'Gisel Johana', 'Avoledo', NULL, 'contreras_19@contrerasadministracion.com.ar', '34457262', NULL, NULL, 'e10adc3949ba59abbe56e057f20f883e', 'spanish', NULL, NULL, '0000-00-00 00:00:00', NULL, 0, NULL, 4444, 0, 5),
(20, 'Alejandra Marta ', 'Beltrami', NULL, 'contreras_20@contrerasadministracion.com.ar', NULL, NULL, NULL, 'e10adc3949ba59abbe56e057f20f883e', 'spanish', NULL, NULL, '0000-00-00 00:00:00', NULL, 0, NULL, 4444, 0, 4),
(21, 'Maria Cristina ', 'Beltran', NULL, 'contreras_21@contrerasadministracion.com.ar', '21353121', NULL, NULL, 'e10adc3949ba59abbe56e057f20f883e', 'spanish', NULL, NULL, '0000-00-00 00:00:00', NULL, 0, NULL, 4444, 0, 5),
(22, 'Francisco Antonio', 'Bruera', NULL, 'contreras_22@contrerasadministracion.com.ar', '29402565', NULL, NULL, 'e10adc3949ba59abbe56e057f20f883e', 'spanish', NULL, NULL, '0000-00-00 00:00:00', NULL, 0, NULL, 4444, 0, 5),
(23, 'Gunther Oliver', 'Burgueño', NULL, 'contreras_23@contrerasadministracion.com.ar', '35190718', NULL, NULL, 'e10adc3949ba59abbe56e057f20f883e', 'spanish', NULL, NULL, '0000-00-00 00:00:00', NULL, 0, NULL, 4444, 0, 5),
(24, 'Maria Magdalena', 'Bustamante', NULL, 'contreras_24@contrerasadministracion.com.ar', '16500859', NULL, NULL, 'e10adc3949ba59abbe56e057f20f883e', 'spanish', NULL, NULL, '0000-00-00 00:00:00', NULL, 0, NULL, 4444, 0, 4),
(25, 'Pablo Roque ', 'Bustamante', NULL, 'contreras_25@contrerasadministracion.com.ar', '18402756', NULL, NULL, 'e10adc3949ba59abbe56e057f20f883e', 'spanish', NULL, NULL, '0000-00-00 00:00:00', NULL, 0, NULL, 4444, 0, 5),
(26, 'Ernesto Jesus', 'Buteler', NULL, 'contreras_26@contrerasadministracion.com.ar', '13681659', NULL, NULL, 'e10adc3949ba59abbe56e057f20f883e', 'spanish', NULL, NULL, '0000-00-00 00:00:00', NULL, 0, NULL, 4444, 0, 5),
(27, 'Estrella Graciela', 'Cabbaga', NULL, 'contreras_27@contrerasadministracion.com.ar', '5152212', NULL, NULL, 'e10adc3949ba59abbe56e057f20f883e', 'spanish', NULL, NULL, '0000-00-00 00:00:00', NULL, 0, NULL, 4444, 0, 5),
(28, 'Marta Rosa', 'Caggeano', NULL, 'contreras_28@contrerasadministracion.com.ar', '4679645', NULL, NULL, 'e10adc3949ba59abbe56e057f20f883e', 'spanish', NULL, NULL, '0000-00-00 00:00:00', NULL, 0, NULL, 4444, 0, 5),
(29, 'Andrés', 'Campodonico', NULL, 'contreras_29@contrerasadministracion.com.ar', NULL, NULL, NULL, 'e10adc3949ba59abbe56e057f20f883e', 'spanish', NULL, NULL, '0000-00-00 00:00:00', NULL, 0, NULL, 4444, 0, 3),
(30, 'Santiago Loc', 'Campodonico', NULL, 'contreras_30@contrerasadministracion.com.ar', '32934239', NULL, NULL, 'e10adc3949ba59abbe56e057f20f883e', 'spanish', NULL, NULL, '0000-00-00 00:00:00', NULL, 0, NULL, 4444, 0, 4),
(31, 'Antonio Tomas', 'Campos', NULL, 'contreras_31@contrerasadministracion.com.ar', '10186790', NULL, NULL, 'e10adc3949ba59abbe56e057f20f883e', 'spanish', NULL, NULL, '0000-00-00 00:00:00', NULL, 0, NULL, 4444, 0, 5),
(32, 'Magdalena ', 'Capo Ramos', NULL, 'contreras_32@contrerasadministracion.com.ar', '1560264', NULL, NULL, 'e10adc3949ba59abbe56e057f20f883e', 'spanish', NULL, NULL, '0000-00-00 00:00:00', NULL, 0, NULL, 4444, 0, 5),
(33, 'Luis Alberto', 'Carrizo', NULL, 'contreras_33@contrerasadministracion.com.ar', '8605322', NULL, NULL, 'e10adc3949ba59abbe56e057f20f883e', 'spanish', NULL, NULL, '0000-00-00 00:00:00', NULL, 0, NULL, 4444, 0, 5),
(34, 'Valeria veronica', 'Carrizo', NULL, 'contreras_34@contrerasadministracion.com.ar', '25449519', NULL, NULL, 'e10adc3949ba59abbe56e057f20f883e', 'spanish', NULL, NULL, '0000-00-00 00:00:00', NULL, 0, NULL, 4444, 0, 4),
(35, 'Debora Silvana', 'Casas', NULL, 'contreras_35@contrerasadministracion.com.ar', '26868524', NULL, NULL, 'e10adc3949ba59abbe56e057f20f883e', 'spanish', NULL, NULL, '0000-00-00 00:00:00', NULL, 0, NULL, 4444, 0, 5),
(36, 'Pablo', 'Cesareo lizarraga', NULL, 'contreras_36@contrerasadministracion.com.ar', NULL, NULL, NULL, 'e10adc3949ba59abbe56e057f20f883e', 'spanish', NULL, NULL, '0000-00-00 00:00:00', NULL, 0, NULL, 4444, 0, 5),
(37, 'Santiago Prop', 'Compodonico', NULL, 'contreras_37@contrerasadministracion.com.ar', NULL, NULL, NULL, 'e10adc3949ba59abbe56e057f20f883e', 'spanish', NULL, NULL, '0000-00-00 00:00:00', NULL, 0, NULL, 4444, 0, 3),
(38, 'Juan martin', 'Contreras', NULL, 'contreras_38@contrerasadministracion.com.ar', '25814454', NULL, NULL, 'e10adc3949ba59abbe56e057f20f883e', 'spanish', NULL, NULL, '0000-00-00 00:00:00', NULL, 0, NULL, 4444, 0, 4),
(39, 'Carlos favian', 'Coria', NULL, 'contreras_39@contrerasadministracion.com.ar', '22786886', NULL, NULL, 'e10adc3949ba59abbe56e057f20f883e', 'spanish', NULL, NULL, '0000-00-00 00:00:00', NULL, 0, NULL, 4444, 0, 4),
(40, 'Carlos Favian ', 'Coria', NULL, 'contreras_40@contrerasadministracion.com.ar', NULL, NULL, NULL, 'e10adc3949ba59abbe56e057f20f883e', 'spanish', NULL, NULL, '0000-00-00 00:00:00', NULL, 0, NULL, 4444, 0, 4),
(41, 'Carolina Andrea', 'Corradi', NULL, 'contreras_41@contrerasadministracion.com.ar', '24692784', NULL, NULL, 'e10adc3949ba59abbe56e057f20f883e', 'spanish', NULL, NULL, '0000-00-00 00:00:00', NULL, 0, NULL, 4444, 0, 4),
(42, 'Salvador', 'Corradi Larrosa', NULL, 'contreras_42@contrerasadministracion.com.ar', '23198380', NULL, NULL, 'e10adc3949ba59abbe56e057f20f883e', 'spanish', NULL, NULL, '0000-00-00 00:00:00', NULL, 0, NULL, 4444, 0, 5),
(43, 'Analia', 'Cruchiani', NULL, 'contreras_43@contrerasadministracion.com.ar', NULL, NULL, NULL, 'e10adc3949ba59abbe56e057f20f883e', 'spanish', NULL, NULL, '0000-00-00 00:00:00', NULL, 0, NULL, 4444, 0, 3),
(44, 'Hector Antonio', 'Cura', NULL, 'contreras_44@contrerasadministracion.com.ar', '13821289', NULL, NULL, 'e10adc3949ba59abbe56e057f20f883e', 'spanish', NULL, NULL, '0000-00-00 00:00:00', NULL, 0, NULL, 4444, 0, 5),
(45, 'Juan pablo', 'Cura', NULL, 'contreras_45@contrerasadministracion.com.ar', '32683985', NULL, NULL, 'e10adc3949ba59abbe56e057f20f883e', 'spanish', NULL, NULL, '0000-00-00 00:00:00', NULL, 0, NULL, 4444, 0, 4),
(46, 'Maria Florencia', 'Cura', NULL, 'contreras_46@contrerasadministracion.com.ar', '31668051', NULL, NULL, 'e10adc3949ba59abbe56e057f20f883e', 'spanish', NULL, NULL, '0000-00-00 00:00:00', NULL, 0, NULL, 4444, 0, 5),
(47, 'Jazmin daniela', 'Davico', NULL, 'contreras_47@contrerasadministracion.com.ar', '41265845', NULL, NULL, 'e10adc3949ba59abbe56e057f20f883e', 'spanish', NULL, NULL, '0000-00-00 00:00:00', NULL, 0, NULL, 4444, 0, 4),
(48, 'Karen marianne', 'Davico', NULL, 'contreras_48@contrerasadministracion.com.ar', '39024862', NULL, NULL, 'e10adc3949ba59abbe56e057f20f883e', 'spanish', NULL, NULL, '0000-00-00 00:00:00', NULL, 0, NULL, 4444, 0, 4),
(49, 'Marcos Damian', 'Davico', NULL, 'contreras_49@contrerasadministracion.com.ar', '34885962', NULL, NULL, 'e10adc3949ba59abbe56e057f20f883e', 'spanish', NULL, NULL, '0000-00-00 00:00:00', NULL, 0, NULL, 4444, 0, 5),
(50, 'Melisa Judith', 'Davico', NULL, 'contreras_50@contrerasadministracion.com.ar', '33880505', NULL, NULL, 'e10adc3949ba59abbe56e057f20f883e', 'spanish', NULL, NULL, '0000-00-00 00:00:00', NULL, 0, NULL, 4444, 0, 5),
(51, 'Julia Regina', 'Del valle larrosa', NULL, 'contreras_51@contrerasadministracion.com.ar', '4424212', NULL, NULL, 'e10adc3949ba59abbe56e057f20f883e', 'spanish', NULL, NULL, '0000-00-00 00:00:00', NULL, 0, NULL, 4444, 0, 5),
(52, 'Amanda', 'Dos anjos da silva', NULL, 'contreras_52@contrerasadministracion.com.ar', '95688759', NULL, NULL, 'e10adc3949ba59abbe56e057f20f883e', 'spanish', NULL, NULL, '0000-00-00 00:00:00', NULL, 0, NULL, 4444, 0, 4),
(53, 'Federica', 'Duran', NULL, 'contreras_53@contrerasadministracion.com.ar', '39054378', NULL, NULL, 'e10adc3949ba59abbe56e057f20f883e', 'spanish', NULL, NULL, '0000-00-00 00:00:00', NULL, 0, NULL, 4444, 0, 4),
(54, 'Livio Luis', 'Duran', NULL, 'contreras_54@contrerasadministracion.com.ar', '22312138', NULL, NULL, 'e10adc3949ba59abbe56e057f20f883e', 'spanish', NULL, NULL, '0000-00-00 00:00:00', NULL, 0, NULL, 4444, 0, 5),
(55, 'Isolda mercedes', 'Erk', NULL, 'contreras_55@contrerasadministracion.com.ar', '22649500', NULL, NULL, 'e10adc3949ba59abbe56e057f20f883e', 'spanish', NULL, NULL, '0000-00-00 00:00:00', NULL, 0, NULL, 4444, 0, 4),
(56, 'Jeremias ezequiel', 'Fabbro', NULL, 'contreras_56@contrerasadministracion.com.ar', '40820012', NULL, NULL, 'e10adc3949ba59abbe56e057f20f883e', 'spanish', NULL, NULL, '0000-00-00 00:00:00', NULL, 0, NULL, 4444, 0, 4),
(57, 'Matias Alberto', 'Fabbro', NULL, 'contreras_57@contrerasadministracion.com.ar', '33544820', NULL, NULL, 'e10adc3949ba59abbe56e057f20f883e', 'spanish', NULL, NULL, '0000-00-00 00:00:00', NULL, 0, NULL, 4444, 0, 5),
(58, 'Ricardo Alberto', 'Fabbro', NULL, 'contreras_58@contrerasadministracion.com.ar', NULL, NULL, NULL, 'e10adc3949ba59abbe56e057f20f883e', 'spanish', NULL, NULL, '0000-00-00 00:00:00', NULL, 0, NULL, 4444, 0, 4),
(59, 'Victor Hugo ', 'Ferrero', NULL, 'contreras_59@contrerasadministracion.com.ar', NULL, NULL, NULL, 'e10adc3949ba59abbe56e057f20f883e', 'spanish', NULL, NULL, '0000-00-00 00:00:00', NULL, 0, NULL, 4444, 0, 3),
(60, 'Teresa Juana', 'Ferreyra', NULL, 'contreras_60@contrerasadministracion.com.ar', '6041799', NULL, NULL, 'e10adc3949ba59abbe56e057f20f883e', 'spanish', NULL, NULL, '0000-00-00 00:00:00', NULL, 0, NULL, 4444, 0, 5),
(61, 'Matias Maximiliano', 'Gabrielli', NULL, 'contreras_61@contrerasadministracion.com.ar', '31844743', NULL, NULL, 'e10adc3949ba59abbe56e057f20f883e', 'spanish', NULL, NULL, '0000-00-00 00:00:00', NULL, 0, NULL, 4444, 0, 5),
(62, 'Fabian Alejandro', 'Garcia', NULL, 'contreras_62@contrerasadministracion.com.ar', '16445893', NULL, NULL, 'e10adc3949ba59abbe56e057f20f883e', 'spanish', NULL, NULL, '0000-00-00 00:00:00', NULL, 0, NULL, 4444, 0, 5),
(63, 'Garrido Gladis Graciela', 'Garrido', NULL, 'contreras_63@contrerasadministracion.com.ar', '17493428', NULL, NULL, 'e10adc3949ba59abbe56e057f20f883e', 'spanish', NULL, NULL, '0000-00-00 00:00:00', NULL, 0, NULL, 4444, 0, 5),
(64, 'Patricia Magdalena', 'Giraudo', NULL, 'contreras_64@contrerasadministracion.com.ar', '16330461', NULL, NULL, 'e10adc3949ba59abbe56e057f20f883e', 'spanish', NULL, NULL, '0000-00-00 00:00:00', NULL, 0, NULL, 4444, 0, 5),
(65, 'María Verónica ', 'Goris', NULL, 'contreras_65@contrerasadministracion.com.ar', NULL, NULL, NULL, 'e10adc3949ba59abbe56e057f20f883e', 'spanish', NULL, NULL, '0000-00-00 00:00:00', NULL, 0, NULL, 4444, 0, 3),
(66, 'Jose Luis', 'Gregorio ', NULL, 'contreras_66@contrerasadministracion.com.ar', '11189549', NULL, NULL, 'e10adc3949ba59abbe56e057f20f883e', 'spanish', NULL, NULL, '0000-00-00 00:00:00', NULL, 0, NULL, 4444, 0, 5),
(67, 'Jose ignacio', 'Gregorio viel', NULL, 'contreras_67@contrerasadministracion.com.ar', '32281508', NULL, NULL, 'e10adc3949ba59abbe56e057f20f883e', 'spanish', NULL, NULL, '0000-00-00 00:00:00', NULL, 0, NULL, 4444, 0, 4),
(68, 'Noelia Belen', 'Gregorio viel', NULL, 'contreras_68@contrerasadministracion.com.ar', '30845966', NULL, NULL, 'e10adc3949ba59abbe56e057f20f883e', 'spanish', NULL, NULL, '0000-00-00 00:00:00', NULL, 0, NULL, 4444, 0, 5),
(69, 'Diana Carolina', 'Herrera cuellar', NULL, 'contreras_69@contrerasadministracion.com.ar', '94954592', NULL, NULL, 'e10adc3949ba59abbe56e057f20f883e', 'spanish', NULL, NULL, '0000-00-00 00:00:00', NULL, 0, NULL, 4444, 0, 5),
(70, 'Agostina Belen ', 'Hornus', NULL, 'contreras_70@contrerasadministracion.com.ar', NULL, NULL, NULL, 'e10adc3949ba59abbe56e057f20f883e', 'spanish', NULL, NULL, '0000-00-00 00:00:00', NULL, 0, NULL, 4444, 0, 4),
(71, 'Jose Nicolas', 'Jaime', NULL, 'contreras_71@contrerasadministracion.com.ar', '28657460', NULL, NULL, 'e10adc3949ba59abbe56e057f20f883e', 'spanish', NULL, NULL, '0000-00-00 00:00:00', NULL, 0, NULL, 4444, 0, 5),
(72, 'Sergio alberto', 'Kalaz', NULL, 'contreras_72@contrerasadministracion.com.ar', '13936033', NULL, NULL, 'e10adc3949ba59abbe56e057f20f883e', 'spanish', NULL, NULL, '0000-00-00 00:00:00', NULL, 0, NULL, 4444, 0, 4),
(73, 'Mariana', 'Kesler', NULL, 'contreras_73@contrerasadministracion.com.ar', '37799852', NULL, NULL, 'e10adc3949ba59abbe56e057f20f883e', 'spanish', NULL, NULL, '0000-00-00 00:00:00', NULL, 0, NULL, 4444, 0, 4),
(74, 'Victor Andres', 'Kowalsky', NULL, 'contreras_74@contrerasadministracion.com.ar', '16568501', NULL, NULL, 'e10adc3949ba59abbe56e057f20f883e', 'spanish', NULL, NULL, '0000-00-00 00:00:00', NULL, 0, NULL, 4444, 0, 5),
(75, 'Juana Rosa', 'Lagraña', NULL, 'contreras_75@contrerasadministracion.com.ar', '10874764', NULL, NULL, 'e10adc3949ba59abbe56e057f20f883e', 'spanish', NULL, NULL, '0000-00-00 00:00:00', NULL, 0, NULL, 4444, 0, 5),
(76, 'Javier Matias', 'Lansky', NULL, 'contreras_76@contrerasadministracion.com.ar', '31569317', NULL, NULL, 'e10adc3949ba59abbe56e057f20f883e', 'spanish', NULL, NULL, '0000-00-00 00:00:00', NULL, 0, NULL, 4444, 0, 5),
(77, 'Lorca Elisa Graciela', 'Lorca', NULL, 'contreras_77@contrerasadministracion.com.ar', '17064534', NULL, NULL, 'e10adc3949ba59abbe56e057f20f883e', 'spanish', NULL, NULL, '0000-00-00 00:00:00', NULL, 0, NULL, 4444, 0, 5),
(78, 'Miguel Eduardo', 'Lorca', NULL, 'contreras_78@contrerasadministracion.com.ar', '14043548', NULL, NULL, 'e10adc3949ba59abbe56e057f20f883e', 'spanish', NULL, NULL, '0000-00-00 00:00:00', NULL, 0, NULL, 4444, 0, 5),
(79, 'Sofia', 'Lorca', NULL, 'contreras_79@contrerasadministracion.com.ar', '34352674', NULL, NULL, 'e10adc3949ba59abbe56e057f20f883e', 'spanish', NULL, NULL, '0000-00-00 00:00:00', NULL, 0, NULL, 4444, 0, 4),
(80, 'Elisa Graciela', 'Lorca ', NULL, 'contreras_80@contrerasadministracion.com.ar', NULL, NULL, NULL, 'e10adc3949ba59abbe56e057f20f883e', 'spanish', NULL, NULL, '0000-00-00 00:00:00', NULL, 0, NULL, 4444, 0, 5),
(81, 'Christian Ricardo', 'Luca', NULL, 'contreras_81@contrerasadministracion.com.ar', NULL, NULL, NULL, 'e10adc3949ba59abbe56e057f20f883e', 'spanish', NULL, NULL, '0000-00-00 00:00:00', NULL, 0, NULL, 4444, 0, 3),
(82, 'Monica Ruth ', 'Lukasiewicz', NULL, 'contreras_82@contrerasadministracion.com.ar', NULL, NULL, NULL, 'e10adc3949ba59abbe56e057f20f883e', 'spanish', NULL, NULL, '0000-00-00 00:00:00', NULL, 0, NULL, 4444, 0, 4),
(83, 'Humberto Fabian ', 'Mammoli', NULL, 'contreras_83@contrerasadministracion.com.ar', '22760888', NULL, NULL, 'e10adc3949ba59abbe56e057f20f883e', 'spanish', NULL, NULL, '0000-00-00 00:00:00', NULL, 0, NULL, 4444, 0, 4),
(84, 'Daniela Alejandra', 'Marcos', NULL, 'contreras_84@contrerasadministracion.com.ar', '31579641', NULL, NULL, 'e10adc3949ba59abbe56e057f20f883e', 'spanish', NULL, NULL, '0000-00-00 00:00:00', NULL, 0, NULL, 4444, 0, 5),
(85, 'Eduardo Jorge', 'Merida', NULL, 'contreras_85@contrerasadministracion.com.ar', '10437412', NULL, NULL, 'e10adc3949ba59abbe56e057f20f883e', 'spanish', NULL, NULL, '0000-00-00 00:00:00', NULL, 0, NULL, 4444, 0, 5),
(86, 'Melanie andrea', 'Merida', NULL, 'contreras_86@contrerasadministracion.com.ar', '31613696', NULL, NULL, 'e10adc3949ba59abbe56e057f20f883e', 'spanish', NULL, NULL, '0000-00-00 00:00:00', NULL, 0, NULL, 4444, 0, 4),
(87, 'Santiago', 'Minardi soria', NULL, 'contreras_87@contrerasadministracion.com.ar', '31957104', NULL, NULL, 'e10adc3949ba59abbe56e057f20f883e', 'spanish', NULL, NULL, '0000-00-00 00:00:00', NULL, 0, NULL, 4444, 0, 5),
(88, 'Lukasiewicz', 'Monica ruth', NULL, 'contreras_88@contrerasadministracion.com.ar', '14683238', NULL, NULL, 'e10adc3949ba59abbe56e057f20f883e', 'spanish', NULL, NULL, '0000-00-00 00:00:00', NULL, 0, NULL, 4444, 0, 4),
(89, 'Yanina Carla', 'Monteverde', NULL, 'contreras_89@contrerasadministracion.com.ar', '28766961', NULL, NULL, 'e10adc3949ba59abbe56e057f20f883e', 'spanish', NULL, NULL, '0000-00-00 00:00:00', NULL, 0, NULL, 4444, 0, 5),
(90, 'María del Carmen ', 'Montironi', 'Lopez y Planes esq. Pasaje 3. Carlos Paz', 'contreras_90@contrerasadministracion.com.ar', NULL, '3516510246', NULL, 'e10adc3949ba59abbe56e057f20f883e', 'spanish', 'Efectivo, Transferencia', NULL, '0000-00-00 00:00:00', NULL, 0, NULL, 4444, 0, 3),
(91, 'Celia Isabel', 'Moreno', NULL, 'contreras_91@contrerasadministracion.com.ar', '22416339', NULL, NULL, 'e10adc3949ba59abbe56e057f20f883e', 'spanish', NULL, NULL, '0000-00-00 00:00:00', NULL, 0, NULL, 4444, 0, 5),
(92, 'Carlos Luis', 'Murua', NULL, 'contreras_92@contrerasadministracion.com.ar', '12529079', NULL, NULL, 'e10adc3949ba59abbe56e057f20f883e', 'spanish', NULL, NULL, '0000-00-00 00:00:00', NULL, 0, NULL, 4444, 0, 5),
(93, 'Carmen Olga', 'Murua', NULL, 'contreras_93@contrerasadministracion.com.ar', '4483561', NULL, NULL, 'e10adc3949ba59abbe56e057f20f883e', 'spanish', NULL, NULL, '0000-00-00 00:00:00', NULL, 0, NULL, 4444, 0, 5),
(94, 'Bruno Sebastian', 'Ojeda', NULL, 'contreras_94@contrerasadministracion.com.ar', '25667825', NULL, NULL, 'e10adc3949ba59abbe56e057f20f883e', 'spanish', NULL, NULL, '0000-00-00 00:00:00', NULL, 0, NULL, 4444, 0, 5),
(95, 'Luana agostina', 'Ojeda', NULL, 'contreras_95@contrerasadministracion.com.ar', '41519715', NULL, NULL, 'e10adc3949ba59abbe56e057f20f883e', 'spanish', NULL, NULL, '0000-00-00 00:00:00', NULL, 0, NULL, 4444, 0, 4),
(96, 'Marta Susana', 'Ojeda', NULL, 'contreras_96@contrerasadministracion.com.ar', '11827552', NULL, NULL, 'e10adc3949ba59abbe56e057f20f883e', 'spanish', NULL, NULL, '0000-00-00 00:00:00', NULL, 0, NULL, 4444, 0, 5),
(97, 'Silvina', 'Ojeda', NULL, 'contreras_97@contrerasadministracion.com.ar', '26520641', NULL, NULL, 'e10adc3949ba59abbe56e057f20f883e', 'spanish', NULL, NULL, '0000-00-00 00:00:00', NULL, 0, NULL, 4444, 0, 5),
(98, 'Elisa Ines', 'Olmedo', NULL, 'contreras_98@contrerasadministracion.com.ar', '22496807', NULL, NULL, 'e10adc3949ba59abbe56e057f20f883e', 'spanish', NULL, NULL, '0000-00-00 00:00:00', NULL, 0, NULL, 4444, 0, 5),
(99, 'Ivana Mariel', 'Paiva', NULL, 'contreras_99@contrerasadministracion.com.ar', '37900145', NULL, NULL, 'e10adc3949ba59abbe56e057f20f883e', 'spanish', NULL, NULL, '0000-00-00 00:00:00', NULL, 0, NULL, 4444, 0, 4),
(100, 'Lidia Ester', 'Panzarasa', NULL, 'contreras_100@contrerasadministracion.com.ar', '10269417', NULL, NULL, 'e10adc3949ba59abbe56e057f20f883e', 'spanish', NULL, NULL, '0000-00-00 00:00:00', NULL, 0, NULL, 4444, 0, 5),
(101, 'Joaquin sebastian', 'Perez', NULL, 'contreras_101@contrerasadministracion.com.ar', '36058211', NULL, NULL, 'e10adc3949ba59abbe56e057f20f883e', 'spanish', NULL, NULL, '0000-00-00 00:00:00', NULL, 0, NULL, 4444, 0, 4),
(102, 'Perez Raul Garrido', 'Perez', NULL, 'contreras_102@contrerasadministracion.com.ar', '16255897', NULL, NULL, 'e10adc3949ba59abbe56e057f20f883e', 'spanish', NULL, NULL, '0000-00-00 00:00:00', NULL, 0, NULL, 4444, 0, 5),
(103, 'Raul ', 'Perez Garrido', NULL, 'contreras_103@contrerasadministracion.com.ar', NULL, NULL, NULL, 'e10adc3949ba59abbe56e057f20f883e', 'spanish', NULL, NULL, '0000-00-00 00:00:00', NULL, 0, NULL, 4444, 0, 5),
(104, 'Franco emanuel', 'Piatti', NULL, 'contreras_104@contrerasadministracion.com.ar', '30844919', NULL, NULL, 'e10adc3949ba59abbe56e057f20f883e', 'spanish', NULL, NULL, '0000-00-00 00:00:00', NULL, 0, NULL, 4444, 0, 4),
(105, 'Facundo nicolas', 'Picotto', NULL, 'contreras_105@contrerasadministracion.com.ar', '39392020', NULL, NULL, 'e10adc3949ba59abbe56e057f20f883e', 'spanish', NULL, NULL, '0000-00-00 00:00:00', NULL, 0, NULL, 4444, 0, 4),
(106, 'Rover Matea ramon', 'Picotto', NULL, 'contreras_106@contrerasadministracion.com.ar', '14005709', NULL, NULL, 'e10adc3949ba59abbe56e057f20f883e', 'spanish', NULL, NULL, '0000-00-00 00:00:00', NULL, 0, NULL, 4444, 0, 5),
(107, 'Mariano', 'Pignata', NULL, 'contreras_107@contrerasadministracion.com.ar', NULL, NULL, NULL, 'e10adc3949ba59abbe56e057f20f883e', 'spanish', NULL, NULL, '0000-00-00 00:00:00', NULL, 0, NULL, 4444, 0, 3),
(108, 'Eleonora', 'Plomer', NULL, 'contreras_108@contrerasadministracion.com.ar', NULL, NULL, NULL, 'e10adc3949ba59abbe56e057f20f883e', 'spanish', NULL, NULL, '0000-00-00 00:00:00', NULL, 0, NULL, 4444, 0, 3),
(109, 'Fernando david', 'Poma', NULL, 'contreras_109@contrerasadministracion.com.ar', '25642650', NULL, NULL, 'e10adc3949ba59abbe56e057f20f883e', 'spanish', NULL, NULL, '0000-00-00 00:00:00', NULL, 0, NULL, 4444, 0, 4),
(110, 'Ricardo Abel', 'Poma', NULL, 'contreras_110@contrerasadministracion.com.ar', '23683076', NULL, NULL, 'e10adc3949ba59abbe56e057f20f883e', 'spanish', NULL, NULL, '0000-00-00 00:00:00', NULL, 0, NULL, 4444, 0, 5),
(111, 'Fernando David ', 'Pomad', NULL, 'contreras_111@contrerasadministracion.com.ar', NULL, NULL, NULL, 'e10adc3949ba59abbe56e057f20f883e', 'spanish', NULL, NULL, '0000-00-00 00:00:00', NULL, 0, NULL, 4444, 0, 4),
(112, 'Mario', 'Prataviera', NULL, 'contreras_112@contrerasadministracion.com.ar', NULL, NULL, NULL, 'e10adc3949ba59abbe56e057f20f883e', 'spanish', NULL, NULL, '0000-00-00 00:00:00', NULL, 0, NULL, 4444, 0, 7),
(113, 'Paula andrea', 'Ramirez bejarano', NULL, 'contreras_113@contrerasadministracion.com.ar', '34542193', NULL, NULL, 'e10adc3949ba59abbe56e057f20f883e', 'spanish', NULL, NULL, '0000-00-00 00:00:00', NULL, 0, NULL, 4444, 0, 4),
(114, 'Angel F.', 'RAMIREZ MORALES', NULL, 'contreras_114@contrerasadministracion.com.ar', '92723600', NULL, NULL, 'e10adc3949ba59abbe56e057f20f883e', 'spanish', NULL, NULL, '0000-00-00 00:00:00', NULL, 0, NULL, 4444, 0, 5),
(115, 'Federico Andres', 'Riberi', NULL, 'contreras_115@contrerasadministracion.com.ar', '31843811', NULL, NULL, 'e10adc3949ba59abbe56e057f20f883e', 'spanish', NULL, NULL, '0000-00-00 00:00:00', NULL, 0, NULL, 4444, 0, 5),
(116, 'Luca Mauricio', 'Rios', NULL, 'contreras_116@contrerasadministracion.com.ar', '39206459', NULL, NULL, 'e10adc3949ba59abbe56e057f20f883e', 'spanish', NULL, NULL, '0000-00-00 00:00:00', NULL, 0, NULL, 4444, 0, 4),
(117, 'Mario Nestor ', 'Rios', NULL, 'contreras_117@contrerasadministracion.com.ar', '21105640', NULL, NULL, 'e10adc3949ba59abbe56e057f20f883e', 'spanish', NULL, NULL, '0000-00-00 00:00:00', NULL, 0, NULL, 4444, 0, 5),
(118, 'Gustavo Leon ', 'Roa', NULL, 'contreras_118@contrerasadministracion.com.ar', NULL, NULL, NULL, 'e10adc3949ba59abbe56e057f20f883e', 'spanish', NULL, NULL, '0000-00-00 00:00:00', NULL, 0, NULL, 4444, 0, 4),
(119, 'Doly Ramona', 'Rosa', NULL, 'contreras_119@contrerasadministracion.com.ar', NULL, NULL, NULL, 'e10adc3949ba59abbe56e057f20f883e', 'spanish', NULL, NULL, '0000-00-00 00:00:00', NULL, 0, NULL, 4444, 0, 3),
(120, 'I.G.T Argentina', 'S.A', NULL, 'contreras_120@contrerasadministracion.com.ar', '33661938509', NULL, NULL, 'e10adc3949ba59abbe56e057f20f883e', 'spanish', NULL, NULL, '0000-00-00 00:00:00', NULL, 0, NULL, 4444, 0, 4),
(121, 'Claudia Marcela', 'Sabater', NULL, 'contreras_121@contrerasadministracion.com.ar', '16561965', NULL, NULL, 'e10adc3949ba59abbe56e057f20f883e', 'spanish', NULL, NULL, '0000-00-00 00:00:00', NULL, 0, NULL, 4444, 0, 5),
(122, 'Azucena Del valle', 'Salas reinoso', NULL, 'contreras_122@contrerasadministracion.com.ar', '11682925', NULL, NULL, 'e10adc3949ba59abbe56e057f20f883e', 'spanish', NULL, NULL, '0000-00-00 00:00:00', NULL, 0, NULL, 4444, 0, 5),
(123, 'Nilda Ofelia', 'Sarmiento', NULL, 'contreras_123@contrerasadministracion.com.ar', '3970409', NULL, NULL, 'e10adc3949ba59abbe56e057f20f883e', 'spanish', NULL, NULL, '0000-00-00 00:00:00', NULL, 0, NULL, 4444, 0, 5),
(124, 'Andrés Samuel', 'Sghilling', NULL, 'contreras_124@contrerasadministracion.com.ar', NULL, NULL, NULL, 'e10adc3949ba59abbe56e057f20f883e', 'spanish', NULL, NULL, '0000-00-00 00:00:00', NULL, 0, NULL, 4444, 0, 4),
(125, 'Karina fernanda', 'Simon', NULL, 'contreras_125@contrerasadministracion.com.ar', '22681840', NULL, NULL, 'e10adc3949ba59abbe56e057f20f883e', 'spanish', NULL, NULL, '0000-00-00 00:00:00', NULL, 0, NULL, 4444, 0, 4),
(126, 'Fernando Luis', 'Spasiuk', NULL, 'contreras_126@contrerasadministracion.com.ar', '16933984', NULL, NULL, 'e10adc3949ba59abbe56e057f20f883e', 'spanish', NULL, NULL, '0000-00-00 00:00:00', NULL, 0, NULL, 4444, 0, 5),
(127, 'Dario Omar', 'Stadler', NULL, 'contreras_127@contrerasadministracion.com.ar', '17470708', NULL, NULL, 'e10adc3949ba59abbe56e057f20f883e', 'spanish', NULL, NULL, '0000-00-00 00:00:00', NULL, 0, NULL, 4444, 0, 5),
(128, 'Cristian Damian', 'Stadler alainez', NULL, 'contreras_128@contrerasadministracion.com.ar', '34124900', NULL, NULL, 'e10adc3949ba59abbe56e057f20f883e', 'spanish', NULL, NULL, '0000-00-00 00:00:00', NULL, 0, NULL, 4444, 0, 4),
(129, 'Pablo Alejandro ', 'Suarez', NULL, 'contreras_129@contrerasadministracion.com.ar', NULL, NULL, NULL, 'e10adc3949ba59abbe56e057f20f883e', 'spanish', NULL, NULL, '0000-00-00 00:00:00', NULL, 0, NULL, 4444, 0, 4),
(130, 'Raul', 'Teiguel', NULL, 'contreras_130@contrerasadministracion.com.ar', '24283248', NULL, NULL, 'e10adc3949ba59abbe56e057f20f883e', 'spanish', NULL, NULL, '0000-00-00 00:00:00', NULL, 0, NULL, 4444, 0, 5),
(131, 'Carlos Alfredo', 'Uez', NULL, 'contreras_131@contrerasadministracion.com.ar', '20916127', NULL, NULL, 'e10adc3949ba59abbe56e057f20f883e', 'spanish', NULL, NULL, '0000-00-00 00:00:00', NULL, 0, NULL, 4444, 0, 5),
(132, 'Miguel Angel', 'Uez', NULL, 'contreras_132@contrerasadministracion.com.ar', '21784604', NULL, NULL, 'e10adc3949ba59abbe56e057f20f883e', 'spanish', NULL, NULL, '0000-00-00 00:00:00', NULL, 0, NULL, 4444, 0, 5),
(133, 'Santiago', 'Uez', NULL, 'contreras_133@contrerasadministracion.com.ar', '41695741', NULL, NULL, 'e10adc3949ba59abbe56e057f20f883e', 'spanish', NULL, NULL, '0000-00-00 00:00:00', NULL, 0, NULL, 4444, 0, 4),
(134, 'Silvana', 'Uez', NULL, 'contreras_134@contrerasadministracion.com.ar', '24259719', NULL, NULL, 'e10adc3949ba59abbe56e057f20f883e', 'spanish', NULL, NULL, '0000-00-00 00:00:00', NULL, 0, NULL, 4444, 0, 5),
(135, 'Vanina Elisabeth', 'Valle', NULL, 'contreras_135@contrerasadministracion.com.ar', NULL, NULL, NULL, 'e10adc3949ba59abbe56e057f20f883e', 'spanish', NULL, NULL, '0000-00-00 00:00:00', NULL, 0, NULL, 4444, 0, 3),
(136, 'Hector Geronimo', 'Vargas', NULL, 'contreras_136@contrerasadministracion.com.ar', '21992858', NULL, NULL, 'e10adc3949ba59abbe56e057f20f883e', 'spanish', NULL, NULL, '0000-00-00 00:00:00', NULL, 0, NULL, 4444, 0, 5),
(137, 'Patricia', 'Vazques', '', 'contreras_137@contrerasadministracion.com.ar', '', '', '', 'e10adc3949ba59abbe56e057f20f883e', 'spanish', NULL, NULL, '0000-00-00 00:00:00', NULL, 0, NULL, 4444, 0, 3),
(138, 'Carlos Francisco ', 'Veglia ', NULL, 'contreras_138@contrerasadministracion.com.ar', NULL, NULL, NULL, 'e10adc3949ba59abbe56e057f20f883e', 'spanish', NULL, NULL, '0000-00-00 00:00:00', NULL, 0, NULL, 4444, 0, 5),
(139, 'Victoria Campodonico', 'Victoria', NULL, 'contreras_139@contrerasadministracion.com.ar', '30756994', NULL, NULL, 'e10adc3949ba59abbe56e057f20f883e', 'spanish', NULL, NULL, '0000-00-00 00:00:00', NULL, 0, NULL, 4444, 0, 5),
(140, 'Raul Ernesto', 'Vidal', NULL, 'contreras_140@contrerasadministracion.com.ar', '28419159', NULL, NULL, 'e10adc3949ba59abbe56e057f20f883e', 'spanish', NULL, NULL, '0000-00-00 00:00:00', NULL, 0, NULL, 4444, 0, 5),
(141, 'Jose Ignacio Gregorio', 'Viel', NULL, 'contreras_141@contrerasadministracion.com.ar', NULL, NULL, NULL, 'e10adc3949ba59abbe56e057f20f883e', 'spanish', NULL, NULL, '0000-00-00 00:00:00', NULL, 0, NULL, 4444, 0, 4),
(142, 'Miguel Angel', 'Yornet', NULL, 'contreras_142@contrerasadministracion.com.ar', '7639330', NULL, NULL, 'e10adc3949ba59abbe56e057f20f883e', 'spanish', NULL, NULL, '0000-00-00 00:00:00', NULL, 0, NULL, 4444, 0, 5),
(143, 'Yesica elizabeth', 'Yornet', NULL, 'contreras_143@contrerasadministracion.com.ar', '32456935', NULL, NULL, 'e10adc3949ba59abbe56e057f20f883e', 'spanish', NULL, NULL, '0000-00-00 00:00:00', NULL, 0, NULL, 4444, 0, 4),
(144, 'Federico german', 'Yovino', NULL, 'contreras_144@contrerasadministracion.com.ar', '37567658', NULL, NULL, 'e10adc3949ba59abbe56e057f20f883e', 'spanish', NULL, NULL, '0000-00-00 00:00:00', NULL, 0, NULL, 4444, 0, 4),
(145, 'Sin Consorcio', '', NULL, 'contreras_145@contrerasadministracion.com.ar', NULL, NULL, NULL, 'e10adc3949ba59abbe56e057f20f883e', 'spanish', NULL, NULL, '0000-00-00 00:00:00', NULL, 0, NULL, 4444, 0, 7),
(146, 'Martín', 'Contreras', '', 'martincontrerasokulovich@gmail.com', '', '', '', 'e10adc3949ba59abbe56e057f20f883e', 'spnaish', NULL, NULL, '2019-01-09 18:28:56', '2019-01-09 15:29:14', 1, NULL, NULL, 0, 2),
(147, 'Administracion Vaes', 'Vaes', '25 de mayo', 'ccc@hotmail.com', '', '', NULL, '123456', 'spnaish', NULL, NULL, '2019-01-09 18:55:20', NULL, 0, NULL, NULL, 0, 7),
(148, 'consorcio le bureau', 'le bureau', 'centro 2', 'aaa@hotmail.com', '', '', NULL, '123456', 'spnaish', NULL, NULL, '2019-01-09 18:58:13', NULL, 0, NULL, NULL, 0, 7),
(149, 'carlos', 'carlos', 'buenos aires1', 'c@hotmail.com', '4455', '(000) 000-0000', NULL, '123456', 'spnaish', '', NULL, '2019-01-09 19:24:21', NULL, 0, NULL, NULL, 0, 6),
(150, 'village plaza', 'plaza', 'buenos aires', 'plaza@hotmail.com', '', '', NULL, '123456', 'spnaish', NULL, NULL, '2019-01-09 19:40:23', NULL, 0, NULL, NULL, 0, 7),
(151, 'Cardozo', '', '', 'test@inglobe.com.ar', '', '', '', 'e10adc3949ba59abbe56e057f20f883e', 'spnaish', NULL, NULL, '2019-01-18 13:25:39', NULL, 0, NULL, NULL, 0, 3),
(152, 'Sebastian', 'Chanampa', '', 'licchananpa@hotmail.com', '', '', '', 'e10adc3949ba59abbe56e057f20f883e', 'spnaish', NULL, NULL, '2019-01-18 13:31:51', NULL, 0, NULL, NULL, 0, 2),
(153, 'Fabricio', 'Fachinetti', '', 'FACHINETTIFabricio@gmail.com', '', '', '', 'e10adc3949ba59abbe56e057f20f883e', 'spnaish', NULL, NULL, '2019-01-18 14:01:39', NULL, 0, NULL, NULL, 0, 3),
(154, 'Ma. Antonia', 'Antequera', '', 'ma@gmail.com', '', '', '', 'e10adc3949ba59abbe56e057f20f883e', 'spnaish', NULL, NULL, '2019-01-18 14:02:12', NULL, 0, NULL, NULL, 0, 3),
(155, 'Benito', 'Iciksonas', '', 'bi@gmail.com', '', '', '', 'e10adc3949ba59abbe56e057f20f883e', 'spnaish', NULL, NULL, '2019-01-18 14:03:40', NULL, 0, NULL, NULL, 0, 3),
(156, 'Beatriz', 'Brunello', '', 'bb@gmail.com', '', '', '', 'e10adc3949ba59abbe56e057f20f883e', 'spnaish', NULL, NULL, '2019-01-18 14:04:14', NULL, 0, NULL, NULL, 0, 3),
(157, 'Lidia Beatriz', 'Mottin', '', 'lbm@gmail.com', '', '', '', 'e10adc3949ba59abbe56e057f20f883e', 'spnaish', NULL, NULL, '2019-01-18 14:04:35', NULL, 0, NULL, NULL, 0, 3),
(158, 'Cristian Ricardo', 'Luca', '', 'crl@gmail.com', '', '', '', 'e10adc3949ba59abbe56e057f20f883e', 'spnaish', NULL, NULL, '2019-01-18 14:04:58', NULL, 0, NULL, NULL, 0, 3),
(159, 'Veronica', 'Cendon', '', 'vc@gmail.com', '', '', '', 'e10adc3949ba59abbe56e057f20f883e', 'spnaish', NULL, NULL, '2019-01-18 14:06:08', NULL, 0, NULL, NULL, 0, 3);

-- --------------------------------------------------------

--
-- Estructura de tabla para la tabla `users_notifications`
--

CREATE TABLE `users_notifications` (
  `id_notification` int(10) UNSIGNED NOT NULL,
  `id_user` int(10) UNSIGNED NOT NULL,
  `notif_group` varchar(10) DEFAULT 'app',
  `notif_title` varchar(45) DEFAULT NULL,
  `notif_content` text,
  `notif_url` varchar(100) DEFAULT NULL,
  `notif_date` datetime NOT NULL,
  `notif_readed` tinyint(1) NOT NULL DEFAULT '0',
  `notif_token` varchar(14) NOT NULL,
  `notif_mail` tinyint(4) NOT NULL DEFAULT '0',
  `notif_apearence` varchar(30) DEFAULT NULL
) ENGINE=InnoDB DEFAULT CHARSET=utf8;

-- --------------------------------------------------------

--
-- Estructura de tabla para la tabla `users_settings`
--

CREATE TABLE `users_settings` (
  `id_setting` int(10) UNSIGNED NOT NULL,
  `id_user` int(10) UNSIGNED NOT NULL,
  `setting_item` varchar(100) NOT NULL,
  `setting_value` longtext,
  `setting_complex` tinyint(1) NOT NULL DEFAULT '0',
  `date_creation` datetime NOT NULL,
  `date_expire` datetime DEFAULT NULL
) ENGINE=InnoDB DEFAULT CHARSET=utf8;

-- --------------------------------------------------------

--
-- Estructura Stand-in para la vista `vw_accounts`
-- (Véase abajo para la vista actual)
--
CREATE TABLE `vw_accounts` (
`id_account` int(10) unsigned
,`id_user_owner` int(10) unsigned
,`account_name` varchar(100)
,`account_balance` double(12,4)
,`user_name` varchar(100)
,`user_lastname` varchar(100)
,`user_address` varchar(200)
,`user_email` varchar(254)
,`user_phone` varchar(45)
,`user_picture` varchar(5)
,`_account_description` varchar(111)
);

-- --------------------------------------------------------

--
-- Estructura Stand-in para la vista `vw_contracts`
-- (Véase abajo para la vista actual)
--
CREATE TABLE `vw_contracts` (
`id_contract` int(10) unsigned
,`id_property` int(10) unsigned
,`id_user_tenant` int(10) unsigned
,`contract_date_start` date
,`contract_date_end` date
,`contract_rent_price` double(10,2)
,`contract_interest` double(10,5)
,`contract_tenant_attachments` varchar(100)
,`contract_gas_check` tinyint(1)
,`contract_electricity_check` tinyint(1)
,`contract_expenses_check` tinyint(1)
,`contract_expenses_attachments` varchar(100)
,`contract_payday_start` tinyint(4)
,`contract_payday_limit` tinyint(4)
,`contract_observations` text
,`contract_voided` tinyint(1)
,`contract_archived` tinyint(1)
,`contract_commission` double(10,2)
,`creation_date` datetime
,`modification_date` datetime
,`deletion_date` datetime
,`property_name` varchar(100)
,`property_address` varchar(150)
,`property_year` year(4)
,`property_ambiences_qty` tinyint(3) unsigned
,`property_bathrooms_qty` tinyint(3) unsigned
,`property_rooms_qty` tinyint(3) unsigned
,`property_square_meter` tinyint(3) unsigned
,`property_garage` tinyint(1)
,`property_balcony` tinyint(1)
,`property_building_name` varchar(100)
,`property_cadastre_number` varchar(50)
,`id_user_consortium` int(10) unsigned
,`property_observations` text
,`id_user_owner` int(10) unsigned
,`ownership_date_start` date
,`ownership_administrative_rate` double(10,4)
,`owner_user_name` varchar(100)
,`owner_user_lastname` varchar(100)
,`owner_user_address` varchar(200)
,`owner_user_email` varchar(254)
,`owner_user_phone` varchar(45)
,`owner_user_picture` varchar(5)
,`consortium_user_name` varchar(100)
,`consortium_user_lastname` varchar(100)
,`consortium_user_address` varchar(200)
,`consortium_user_email` varchar(254)
,`consortium_user_phone` varchar(45)
,`consortium_user_picture` varchar(5)
,`tenant_user_name` varchar(100)
,`tenant_user_lastname` varchar(100)
,`tenant_user_address` varchar(200)
,`tenant_user_email` varchar(254)
,`tenant_user_phone` varchar(45)
,`tenant_user_picture` varchar(5)
,`id_bonification` int(10) unsigned
,`bonification_name` varchar(100)
,`bonification_rate` double(12,2)
,`bonification_date_start` date
,`bonification_date_end` date
,`bonification_observations` text
,`_is_active` int(1)
);

-- --------------------------------------------------------

--
-- Estructura Stand-in para la vista `vw_expenses`
-- (Véase abajo para la vista actual)
--
CREATE TABLE `vw_expenses` (
`id_expense` int(10) unsigned
,`id_expense_type` int(10) unsigned
,`expense_name` varchar(100)
,`expense_description` text
,`expense_website` varchar(150)
,`creation_date` datetime
,`modification_date` datetime
,`deletion_date` datetime
,`type_name` varchar(100)
,`type_description` text
);

-- --------------------------------------------------------

--
-- Estructura Stand-in para la vista `vw_guarantors`
-- (Véase abajo para la vista actual)
--
CREATE TABLE `vw_guarantors` (
`id_guarantor` int(10) unsigned
,`id_user_guarantor` int(10) unsigned
,`id_contract` int(10) unsigned
,`guarantor_attachments` varchar(100)
,`guarantor_observations` varchar(100)
,`creation_date` datetime
,`modification_date` datetime
,`deletion_date` datetime
,`guarantor_user_name` varchar(100)
,`guarantor_user_lastname` varchar(100)
,`guarantor_user_address` varchar(200)
,`guarantor_user_email` varchar(254)
,`guarantor_user_phone` varchar(45)
,`guarantor_user_cuit` varchar(20)
);

-- --------------------------------------------------------

--
-- Estructura Stand-in para la vista `vw_maintenances`
-- (Véase abajo para la vista actual)
--
CREATE TABLE `vw_maintenances` (
`property_name` varchar(100)
,`property_address` varchar(150)
,`id_user_owner` int(10) unsigned
,`owner_user_name` varchar(100)
,`owner_user_lastname` varchar(100)
,`id_user_tenant` int(10) unsigned
,`tenant_user_name` varchar(100)
,`tenant_user_lastname` varchar(100)
,`id_maintenance` int(10) unsigned
,`id_property` int(10) unsigned
,`maintenance_name` varchar(100)
,`maintenance_description` text
,`maintenance_date` date
,`id_maintenance_quote` int(10) unsigned
,`maintenance_completed` tinyint(1)
,`maintenance_owner_cost` double(10,2)
,`maintenance_tenant_cost` double(10,2)
,`maintenance_administrative_fee` double(10,2)
,`maintenance_status` tinyint(4)
,`maintenance_observations` text
,`maintenance_archived` tinyint(1)
,`id_user_professional` int(10) unsigned
,`quote_observations` text
,`quote_price` double(10,2)
,`quote_attachments` varchar(100)
,`quote_ready` tinyint(1)
,`professional_user_name` varchar(100)
,`professional_user_lastname` varchar(100)
,`professional_user_address` varchar(200)
,`professional_user_email` varchar(254)
,`professional_user_phone` varchar(45)
,`professional_user_picture` varchar(5)
,`_count_quotes_ready` bigint(21)
,`_count_quotes` bigint(21)
,`_avg_quote_price` double(14,6)
);

-- --------------------------------------------------------

--
-- Estructura Stand-in para la vista `vw_owners`
-- (Véase abajo para la vista actual)
--
CREATE TABLE `vw_owners` (
`id_user` int(10) unsigned
,`id_role` int(10) unsigned
,`owner_user_name` varchar(100)
,`owner_user_lastname` varchar(100)
,`owner_user_address` varchar(200)
,`owner_user_email` varchar(254)
,`owner_user_phone` varchar(45)
,`owner_user_cuit` varchar(20)
,`owner_user_picture` varchar(5)
,`owner_user_archived` tinyint(1)
,`owner_user_deletion_date` datetime
,`_last_receipt` date
,`_balance` double(22,5)
);

-- --------------------------------------------------------

--
-- Estructura Stand-in para la vista `vw_ownerships`
-- (Véase abajo para la vista actual)
--
CREATE TABLE `vw_ownerships` (
`id_ownership` int(10) unsigned
,`id_property` int(10) unsigned
,`id_user_owner` int(10) unsigned
,`ownership_date_start` date
,`ownership_date_end` date
,`ownership_administrative_rate` double(10,4)
,`creation_date` datetime
,`modification_date` datetime
,`deletion_date` datetime
,`id_user` int(10) unsigned
,`id_role` int(10) unsigned
,`owner_user_name` varchar(100)
,`owner_user_lastname` varchar(100)
,`owner_user_address` varchar(200)
,`owner_user_email` varchar(254)
,`owner_user_phone` varchar(45)
,`owner_user_cuit` varchar(20)
,`owner_user_picture` varchar(5)
,`owner_user_archived` tinyint(1)
,`owner_user_deletion_date` datetime
);

-- --------------------------------------------------------

--
-- Estructura Stand-in para la vista `vw_properties`
-- (Véase abajo para la vista actual)
--
CREATE TABLE `vw_properties` (
`id_property` int(10) unsigned
,`property_name` varchar(100)
,`property_address` varchar(150)
,`property_year` year(4)
,`property_ambiences_qty` tinyint(3) unsigned
,`property_bathrooms_qty` tinyint(3) unsigned
,`property_rooms_qty` tinyint(3) unsigned
,`property_square_meter` tinyint(3) unsigned
,`property_garage` tinyint(1)
,`property_balcony` tinyint(1)
,`property_building_name` varchar(100)
,`property_cadastre_number` varchar(50)
,`id_user_consortium` int(10) unsigned
,`property_observations` text
,`property_archived` tinyint(1)
,`creation_date` datetime
,`modificaction_date` datetime
,`deletion_date` datetime
,`id_user_owner` int(10) unsigned
,`ownership_date_start` date
,`ownership_administrative_rate` double(10,4)
,`owner_user_name` varchar(100)
,`owner_user_lastname` varchar(100)
,`owner_user_address` varchar(200)
,`owner_user_email` varchar(254)
,`owner_user_phone` varchar(45)
,`owner_user_picture` varchar(5)
,`consortium_user_name` varchar(100)
,`consortium_user_lastname` varchar(100)
,`consortium_user_address` varchar(200)
,`consortium_user_email` varchar(254)
,`consortium_user_phone` varchar(45)
,`consortium_user_picture` varchar(5)
,`tenant_user_name` varchar(100)
,`tenant_user_lastname` varchar(100)
,`tenant_user_address` varchar(200)
,`tenant_user_email` varchar(254)
,`tenant_user_phone` varchar(45)
,`tenant_user_picture` varchar(5)
,`id_contract` int(10) unsigned
,`id_user_tenant` int(10) unsigned
,`contract_date_start` date
,`contract_date_end` date
,`contract_rent_price` double(10,2)
,`contract_interest` double(10,5)
,`contract_tenant_attachments` varchar(100)
,`contract_gas_check` tinyint(1)
,`contract_electricity_check` tinyint(1)
,`contract_expenses_check` tinyint(1)
,`contract_commission` double(10,2)
,`contract_expenses_attachments` varchar(100)
,`contract_payday_limit` tinyint(4)
,`contract_observations` text
,`id_bonification` int(10) unsigned
,`bonification_name` varchar(100)
,`bonification_rate` double(12,2)
,`bonification_date_start` date
,`bonification_date_end` date
,`bonification_observations` text
,`tenant_debts` double(22,5)
,`_count_maintenances` bigint(21)
);

-- --------------------------------------------------------

--
-- Estructura Stand-in para la vista `vw_property_expenses`
-- (Véase abajo para la vista actual)
--
CREATE TABLE `vw_property_expenses` (
`id_property_expense` int(10) unsigned
,`id_property` int(10) unsigned
,`id_expense` int(10) unsigned
,`expense_identification` varchar(100)
,`expense_payable` tinyint(1)
,`expense_chargeable` tinyint(1)
,`expense_checkable` tinyint(1)
,`expense_periodicity` tinyint(4)
,`expense_date_start` date
,`expense_observations` text
,`creation_date` datetime
,`modification_date` datetime
,`deletion_date` datetime
,`id_expense_type` int(10) unsigned
,`expense_name` varchar(100)
,`expense_description` text
,`expense_website` varchar(150)
,`type_name` varchar(100)
,`type_description` text
,`property_name` varchar(100)
,`id_user_owner` int(10) unsigned
,`ownership_date_start` date
,`owner_user_name` varchar(100)
,`owner_user_lastname` varchar(100)
,`owner_user_address` varchar(200)
,`owner_user_email` varchar(254)
,`owner_user_phone` varchar(45)
,`owner_user_picture` varchar(5)
,`consortium_user_name` varchar(100)
,`consortium_user_lastname` varchar(100)
,`consortium_user_address` varchar(200)
,`consortium_user_email` varchar(254)
,`consortium_user_phone` varchar(45)
,`consortium_user_picture` varchar(5)
,`tenant_user_name` varchar(100)
,`tenant_user_lastname` varchar(100)
,`tenant_user_address` varchar(200)
,`tenant_user_email` varchar(254)
,`tenant_user_phone` varchar(45)
,`tenant_user_picture` varchar(5)
,`id_contract` int(10) unsigned
,`id_user_tenant` int(10) unsigned
,`contract_date_start` date
,`contract_date_end` date
,`contract_rent_price` double(10,2)
,`contract_interest` double(10,5)
,`contract_tenant_attachments` varchar(100)
,`contract_gas_check` tinyint(1)
,`contract_electricity_check` tinyint(1)
,`contract_commission` double(10,2)
,`contract_expenses_check` tinyint(1)
,`contract_expenses_attachments` varchar(100)
,`contract_payday_limit` tinyint(4)
,`contract_observations` text
);

-- --------------------------------------------------------

--
-- Estructura Stand-in para la vista `vw_receipt_attachemts`
-- (Véase abajo para la vista actual)
--
CREATE TABLE `vw_receipt_attachemts` (
`period_code` varchar(10)
,`id_period` int(11) unsigned
,`id_property` int(11) unsigned
,`description` mediumtext
,`attachments` varchar(100)
);

-- --------------------------------------------------------

--
-- Estructura Stand-in para la vista `vw_receipt_details`
-- (Véase abajo para la vista actual)
--
CREATE TABLE `vw_receipt_details` (
`id_receipt_detail` int(10) unsigned
,`id_receipt` int(10) unsigned
,`id_expense_type` int(10) unsigned
,`id_period` int(10) unsigned
,`id_property` int(10) unsigned
,`detail_description` text
,`detail_info` text
,`detail_ammount` double(12,5)
,`id_issuing_account` int(11)
,`id_receiving_account` int(11)
,`detail_concept` varchar(45)
,`detail_observations` text
,`detail_expire_date` date
,`detail_interest_since` date
,`detail_interest_rate` double(10,5)
,`detail_original_ammount` double(10,5)
,`detail_attachments` varchar(100)
,`detail_custom` tinyint(1)
,`detail_id_user_modifier` int(10) unsigned
,`detail_id_detail_sibling` int(11)
,`creation_date` datetime
,`modification_date` datetime
,`_checked` tinyint(3) unsigned
,`sibling_receipt_attachments` varchar(100)
,`period_year` year(4)
,`period_month` tinyint(4)
,`period_code` varchar(10)
,`receipt_date` date
,`id_user_issuer` int(11)
,`id_user_receiver` int(11)
,`receipt_payed` tinyint(1)
,`receipt_pay_date` datetime
,`receipt_voided` tinyint(1)
,`receipt_description` text
,`receipt_observations` text
,`receipt_attachments` varchar(100)
,`type_name` varchar(100)
,`type_description` text
,`type_order` tinyint(4)
,`account_id_user_issuer` int(10) unsigned
,`account_name_issuer` varchar(100)
,`account_id_user_receiver` int(10) unsigned
,`account_name_receiver` varchar(100)
,`_payed` int(1)
);

-- --------------------------------------------------------

--
-- Estructura Stand-in para la vista `vw_transactions`
-- (Véase abajo para la vista actual)
--
CREATE TABLE `vw_transactions` (
`id_transaction` int(10) unsigned
,`id_account` int(10) unsigned
,`transaction_ammount` double(12,4)
,`transaction_id` varchar(32)
,`transaction_date` timestamp
,`id_user` int(10) unsigned
,`transaction_observations` text
,`transaction_type` int(11)
,`id_receipt_detail` int(10) unsigned
,`id_receipt` int(10) unsigned
,`id_expense_type` int(10) unsigned
,`id_period` int(10) unsigned
,`id_property` int(10) unsigned
,`detail_description` text
,`detail_info` text
,`detail_ammount` double(12,5)
,`id_issuing_account` int(11)
,`id_receiving_account` int(11)
,`detail_concept` varchar(45)
,`detail_observations` text
,`detail_expire_date` date
,`detail_interest_since` date
,`detail_interest_rate` double(10,5)
,`detail_original_ammount` double(10,5)
,`detail_attachments` varchar(100)
,`detail_custom` tinyint(1)
,`detail_id_user_modifier` int(10) unsigned
,`detail_id_detail_sibling` int(11)
,`creation_date` datetime
,`modification_date` datetime
,`_checked` tinyint(3) unsigned
,`sibling_receipt_attachments` varchar(100)
,`period_year` year(4)
,`period_month` tinyint(4)
,`period_code` varchar(10)
,`receipt_date` date
,`id_user_issuer` int(11)
,`id_user_receiver` int(11)
,`receipt_payed` tinyint(1)
,`receipt_pay_date` datetime
,`receipt_voided` tinyint(1)
,`receipt_description` text
,`receipt_observations` text
,`receipt_attachments` varchar(100)
,`type_name` varchar(100)
,`type_description` text
,`type_order` tinyint(4)
,`account_id_user_issuer` int(10) unsigned
,`account_name_issuer` varchar(100)
,`account_id_user_receiver` int(10) unsigned
,`account_name_receiver` varchar(100)
,`_payed` int(1)
);

-- --------------------------------------------------------

--
-- Estructura de tabla para la tabla `_periods`
--

CREATE TABLE `_periods` (
  `id_period` int(10) UNSIGNED NOT NULL,
  `period_year` year(4) NOT NULL,
  `period_month` tinyint(4) NOT NULL,
  `period_code` varchar(10) NOT NULL
) ENGINE=InnoDB DEFAULT CHARSET=utf8;

--
-- Volcado de datos para la tabla `_periods`
--

INSERT INTO `_periods` (`id_period`, `period_year`, `period_month`, `period_code`) VALUES
(1,2018,8,'08-2018'),
(2,2018,9,'09-2018'),
(3,2018,10,'10-2018'),
(4,2018,11,'11-2018'),
(5,2018,12,'12-2018'),
(6,2019,1,'01-2019'),
(7,2019,2,'02-2019'),
(8,2019,3,'03-2019'),
(9,2019,4,'04-2019'),
(10,2019,5,'05-2019'),
(11,2019,6,'06-2019'),
(12,2019,7,'07-2019'),
(13,2019,8,'08-2019'),
(14,2019,9,'09-2019'),
(15,2019,10,'10-2019'),
(16,2019,11,'11-2019'),
(17,2019,12,'12-2019'),
(18,2020,1,'01-2020'),
(19,2020,2,'02-2020'),
(20,2020,3,'03-2020'),
(21,2020,4,'04-2020'),
(22,2020,5,'05-2020'),
(23,2020,6,'06-2020'),
(24,2020,7,'07-2020'),
(25,2020,8,'08-2020'),
(26,2020,9,'09-2020'),
(27,2020,10,'10-2020'),
(28,2020,11,'11-2020'),
(29,2020,12,'12-2020'),
(30,2021,1,'01-2021'),
(31,2021,2,'02-2021'),
(32,2021,3,'03-2021'),
(33,2021,4,'04-2021'),
(34,2021,5,'05-2021'),
(35,2021,6,'06-2021'),
(36,2021,7,'07-2021'),
(37,2021,8,'08-2021'),
(38,2021,9,'09-2021'),
(39,2021,10,'10-2021'),
(40,2021,11,'11-2021'),
(41,2021,12,'12-2021'),
(42,2022,1,'01-2022'),
(43,2022,2,'02-2022'),
(44,2022,3,'03-2022'),
(45,2022,4,'04-2022'),
(46,2022,5,'05-2022'),
(47,2022,6,'06-2022'),
(48,2022,7,'07-2022'),
(49,2022,8,'08-2022'),
(50,2022,9,'09-2022'),
(51,2022,10,'10-2022'),
(52,2022,11,'11-2022'),
(53,2022,12,'12-2022');


-- --------------------------------------------------------

--
-- Estructura para la vista `vw_accounts`
--
DROP TABLE IF EXISTS `vw_accounts`;

CREATE ALGORITHM=UNDEFINED DEFINER=`root`@`localhost` SQL SECURITY DEFINER VIEW `vw_accounts`  AS  select `a`.`id_account` AS `id_account`,`a`.`id_user_owner` AS `id_user_owner`,`a`.`account_name` AS `account_name`,`a`.`account_balance` AS `account_balance`,`ou`.`user_name` AS `user_name`,`ou`.`user_lastname` AS `user_lastname`,`ou`.`user_address` AS `user_address`,`ou`.`user_email` AS `user_email`,`ou`.`user_phone` AS `user_phone`,`ou`.`user_picture` AS `user_picture`,concat('CTA-',convert(lpad(`a`.`id_account`,4,'0') using utf8),' - ',`a`.`account_name`) AS `_account_description` from (`accounts` `a` left join `users` `ou` on((`ou`.`id_user` = `a`.`id_user_owner`))) ;

-- --------------------------------------------------------

--
-- Estructura para la vista `vw_contracts`
--
DROP TABLE IF EXISTS `vw_contracts`;

CREATE ALGORITHM=UNDEFINED DEFINER=`root`@`localhost` SQL SECURITY DEFINER VIEW `vw_contracts`  AS  select `c`.`id_contract` AS `id_contract`,`c`.`id_property` AS `id_property`,`c`.`id_user_tenant` AS `id_user_tenant`,`c`.`contract_date_start` AS `contract_date_start`,`c`.`contract_date_end` AS `contract_date_end`,`c`.`contract_rent_price` AS `contract_rent_price`,`c`.`contract_interest` AS `contract_interest`,`c`.`contract_tenant_attachments` AS `contract_tenant_attachments`,`c`.`contract_gas_check` AS `contract_gas_check`,`c`.`contract_electricity_check` AS `contract_electricity_check`,`c`.`contract_expenses_check` AS `contract_expenses_check`,`c`.`contract_expenses_attachments` AS `contract_expenses_attachments`,`c`.`contract_payday_start` AS `contract_payday_start`,`c`.`contract_payday_limit` AS `contract_payday_limit`,`c`.`contract_observations` AS `contract_observations`,`c`.`contract_voided` AS `contract_voided`,`c`.`contract_archived` AS `contract_archived`,`c`.`contract_commission` AS `contract_commission`,`c`.`creation_date` AS `creation_date`,`c`.`modification_date` AS `modification_date`,`c`.`deletion_date` AS `deletion_date`,`p`.`property_name` AS `property_name`,`p`.`property_address` AS `property_address`,`p`.`property_year` AS `property_year`,`p`.`property_ambiences_qty` AS `property_ambiences_qty`,`p`.`property_bathrooms_qty` AS `property_bathrooms_qty`,`p`.`property_rooms_qty` AS `property_rooms_qty`,`p`.`property_square_meter` AS `property_square_meter`,`p`.`property_garage` AS `property_garage`,`p`.`property_balcony` AS `property_balcony`,`p`.`property_building_name` AS `property_building_name`,`p`.`property_cadastre_number` AS `property_cadastre_number`,`p`.`id_user_consortium` AS `id_user_consortium`,`p`.`property_observations` AS `property_observations`,`o`.`id_user_owner` AS `id_user_owner`,`o`.`ownership_date_start` AS `ownership_date_start`,`o`.`ownership_administrative_rate` AS `ownership_administrative_rate`,`ou`.`user_name` AS `owner_user_name`,`ou`.`user_lastname` AS `owner_user_lastname`,`ou`.`user_address` AS `owner_user_address`,`ou`.`user_email` AS `owner_user_email`,`ou`.`user_phone` AS `owner_user_phone`,`ou`.`user_picture` AS `owner_user_picture`,`cs`.`user_name` AS `consortium_user_name`,`cs`.`user_lastname` AS `consortium_user_lastname`,`cs`.`user_address` AS `consortium_user_address`,`cs`.`user_email` AS `consortium_user_email`,`cs`.`user_phone` AS `consortium_user_phone`,`cs`.`user_picture` AS `consortium_user_picture`,`t`.`user_name` AS `tenant_user_name`,`t`.`user_lastname` AS `tenant_user_lastname`,`t`.`user_address` AS `tenant_user_address`,`t`.`user_email` AS `tenant_user_email`,`t`.`user_phone` AS `tenant_user_phone`,`t`.`user_picture` AS `tenant_user_picture`,`b`.`id_bonification` AS `id_bonification`,`b`.`bonification_name` AS `bonification_name`,`b`.`bonification_rate` AS `bonification_rate`,`b`.`bonification_date_start` AS `bonification_date_start`,`b`.`bonification_date_end` AS `bonification_date_end`,`b`.`bonification_observations` AS `bonification_observations`,if(((`c`.`contract_voided` = 0) and (now() between `c`.`contract_date_start` and `c`.`contract_date_end`)),1,0) AS `_is_active` from ((((((`contracts` `c` left join `properties` `p` on((`p`.`id_property` = `c`.`id_property`))) left join `ownerships` `o` on(((`o`.`id_property` = `p`.`id_property`) and (now() > `o`.`ownership_date_start`) and isnull(`o`.`ownership_date_end`)))) left join `users` `ou` on((`ou`.`id_user` = `o`.`id_user_owner`))) left join `users` `cs` on((`cs`.`id_user` = `p`.`id_user_consortium`))) left join `contract_bonifications` `b` on(((`b`.`id_contract` = `c`.`id_contract`) and (now() between `b`.`bonification_date_start` and `b`.`bonification_date_end`)))) left join `users` `t` on((`t`.`id_user` = `c`.`id_user_tenant`))) group by `c`.`id_contract` ;

-- --------------------------------------------------------

--
-- Estructura para la vista `vw_expenses`
--
DROP TABLE IF EXISTS `vw_expenses`;

CREATE ALGORITHM=UNDEFINED DEFINER=`root`@`localhost` SQL SECURITY DEFINER VIEW `vw_expenses`  AS  select `e`.`id_expense` AS `id_expense`,`e`.`id_expense_type` AS `id_expense_type`,`e`.`expense_name` AS `expense_name`,`e`.`expense_description` AS `expense_description`,`e`.`expense_website` AS `expense_website`,`e`.`creation_date` AS `creation_date`,`e`.`modification_date` AS `modification_date`,`e`.`deletion_date` AS `deletion_date`,`et`.`type_name` AS `type_name`,`et`.`type_description` AS `type_description` from (`expenses` `e` left join `expense_types` `et` on((`et`.`id_expense_type` = `e`.`id_expense_type`))) ;

-- --------------------------------------------------------

--
-- Estructura para la vista `vw_guarantors`
--
DROP TABLE IF EXISTS `vw_guarantors`;

CREATE ALGORITHM=UNDEFINED DEFINER=`root`@`localhost` SQL SECURITY DEFINER VIEW `vw_guarantors`  AS  select `cg`.`id_guarantor` AS `id_guarantor`,`cg`.`id_user_guarantor` AS `id_user_guarantor`,`cg`.`id_contract` AS `id_contract`,`cg`.`guarantor_attachments` AS `guarantor_attachments`,`cg`.`guarantor_observations` AS `guarantor_observations`,`cg`.`creation_date` AS `creation_date`,`cg`.`modification_date` AS `modification_date`,`cg`.`deletion_date` AS `deletion_date`,`g`.`user_name` AS `guarantor_user_name`,`g`.`user_lastname` AS `guarantor_user_lastname`,`g`.`user_address` AS `guarantor_user_address`,`g`.`user_email` AS `guarantor_user_email`,`g`.`user_phone` AS `guarantor_user_phone`,`g`.`user_cuit` AS `guarantor_user_cuit` from (`contract_guarantors` `cg` left join `users` `g` on((`g`.`id_user` = `cg`.`id_user_guarantor`))) ;

-- --------------------------------------------------------

--
-- Estructura para la vista `vw_maintenances`
--
DROP TABLE IF EXISTS `vw_maintenances`;

CREATE ALGORITHM=UNDEFINED DEFINER=`root`@`localhost` SQL SECURITY DEFINER VIEW `vw_maintenances`  AS  select `vp`.`property_name` AS `property_name`,`vp`.`property_address` AS `property_address`,`vp`.`id_user_owner` AS `id_user_owner`,`vp`.`owner_user_name` AS `owner_user_name`,`vp`.`owner_user_lastname` AS `owner_user_lastname`,`vp`.`id_user_tenant` AS `id_user_tenant`,`vp`.`tenant_user_name` AS `tenant_user_name`,`vp`.`tenant_user_lastname` AS `tenant_user_lastname`,`m`.`id_maintenance` AS `id_maintenance`,`m`.`id_property` AS `id_property`,`m`.`maintenance_name` AS `maintenance_name`,`m`.`maintenance_description` AS `maintenance_description`,`m`.`maintenance_date` AS `maintenance_date`,`m`.`id_maintenance_quote` AS `id_maintenance_quote`,`m`.`maintenance_completed` AS `maintenance_completed`,`m`.`maintenance_owner_cost` AS `maintenance_owner_cost`,`m`.`maintenance_tenant_cost` AS `maintenance_tenant_cost`,`m`.`maintenance_administrative_fee` AS `maintenance_administrative_fee`,`m`.`maintenance_status` AS `maintenance_status`,`m`.`maintenance_observations` AS `maintenance_observations`,`m`.`maintenance_archived` AS `maintenance_archived`,`mq`.`id_user_professional` AS `id_user_professional`,`mq`.`quote_observations` AS `quote_observations`,`mq`.`quote_price` AS `quote_price`,`mq`.`quote_attachments` AS `quote_attachments`,`mq`.`quote_ready` AS `quote_ready`,`up`.`user_name` AS `professional_user_name`,`up`.`user_lastname` AS `professional_user_lastname`,`up`.`user_address` AS `professional_user_address`,`up`.`user_email` AS `professional_user_email`,`up`.`user_phone` AS `professional_user_phone`,`up`.`user_picture` AS `professional_user_picture`,ifnull(count(distinct if((`mqc`.`quote_ready` = 1),`mqc`.`id_maintenance_quote`,NULL)),0) AS `_count_quotes_ready`,ifnull(count(distinct `mqc`.`id_maintenance_quote`),0) AS `_count_quotes`,ifnull(avg(distinct `mqc`.`quote_price`),0) AS `_avg_quote_price` from ((((`property_maintenances` `m` left join `property_maintenance_quotes` `mq` on((`mq`.`id_maintenance_quote` = `m`.`id_maintenance_quote`))) left join `property_maintenance_quotes` `mqc` on((`mqc`.`id_maintenance` = `m`.`id_maintenance`))) left join `users` `up` on((`up`.`id_user` = `mq`.`id_user_professional`))) left join `vw_properties` `vp` on((`vp`.`id_property` = `m`.`id_property`))) group by `m`.`id_maintenance` ;

-- --------------------------------------------------------

--
-- Estructura para la vista `vw_owners`
--
DROP TABLE IF EXISTS `vw_owners`;

CREATE ALGORITHM=UNDEFINED DEFINER=`root`@`localhost` SQL SECURITY DEFINER VIEW `vw_owners`  AS  select `u`.`id_user` AS `id_user`,`u`.`id_role` AS `id_role`,`u`.`user_name` AS `owner_user_name`,`u`.`user_lastname` AS `owner_user_lastname`,`u`.`user_address` AS `owner_user_address`,`u`.`user_email` AS `owner_user_email`,`u`.`user_phone` AS `owner_user_phone`,`u`.`user_cuit` AS `owner_user_cuit`,`u`.`user_picture` AS `owner_user_picture`,`u`.`user_archived` AS `owner_user_archived`,`u`.`user_deletion_date` AS `owner_user_deletion_date`,`r`.`receipt_date` AS `_last_receipt`,(sum(if((`rd`.`account_id_user_receiver` = `u`.`id_user`),`rd`.`detail_ammount`,0)) - sum(if((`rd`.`account_id_user_issuer` = `u`.`id_user`),`rd`.`detail_ammount`,0))) AS `_balance` from ((`users` `u` left join `receipts` `r` on((`r`.`id_receipt` = (select `rss`.`id_receipt` from `receipts` `rss` where (`rss`.`id_user_receiver` = `u`.`id_user`) order by `rss`.`id_receipt` desc limit 1)))) left join `vw_receipt_details` `rd` on(((`rd`.`account_id_user_issuer` = `u`.`id_user`) or (`rd`.`account_id_user_receiver` = `u`.`id_user`)))) group by `u`.`id_user` order by `_balance` desc ;

-- --------------------------------------------------------

--
-- Estructura para la vista `vw_ownerships`
--
DROP TABLE IF EXISTS `vw_ownerships`;

CREATE ALGORITHM=UNDEFINED DEFINER=`root`@`localhost` SQL SECURITY DEFINER VIEW `vw_ownerships`  AS  select `o`.`id_ownership` AS `id_ownership`,`o`.`id_property` AS `id_property`,`o`.`id_user_owner` AS `id_user_owner`,`o`.`ownership_date_start` AS `ownership_date_start`,`o`.`ownership_date_end` AS `ownership_date_end`,`o`.`ownership_administrative_rate` AS `ownership_administrative_rate`,`o`.`creation_date` AS `creation_date`,`o`.`modification_date` AS `modification_date`,`o`.`deletion_date` AS `deletion_date`,`u`.`id_user` AS `id_user`,`u`.`id_role` AS `id_role`,`u`.`user_name` AS `owner_user_name`,`u`.`user_lastname` AS `owner_user_lastname`,`u`.`user_address` AS `owner_user_address`,`u`.`user_email` AS `owner_user_email`,`u`.`user_phone` AS `owner_user_phone`,`u`.`user_cuit` AS `owner_user_cuit`,`u`.`user_picture` AS `owner_user_picture`,`u`.`user_archived` AS `owner_user_archived`,`u`.`user_deletion_date` AS `owner_user_deletion_date` from (`ownerships` `o` left join `users` `u` on((`u`.`id_user` = `o`.`id_user_owner`))) ;

-- --------------------------------------------------------

--
-- Estructura para la vista `vw_properties`
--
DROP TABLE IF EXISTS `vw_properties`;

CREATE ALGORITHM=UNDEFINED DEFINER=`root`@`localhost` SQL SECURITY DEFINER VIEW `vw_properties`  AS  select `p`.`id_property` AS `id_property`,`p`.`property_name` AS `property_name`,`p`.`property_address` AS `property_address`,`p`.`property_year` AS `property_year`,`p`.`property_ambiences_qty` AS `property_ambiences_qty`,`p`.`property_bathrooms_qty` AS `property_bathrooms_qty`,`p`.`property_rooms_qty` AS `property_rooms_qty`,`p`.`property_square_meter` AS `property_square_meter`,`p`.`property_garage` AS `property_garage`,`p`.`property_balcony` AS `property_balcony`,`p`.`property_building_name` AS `property_building_name`,`p`.`property_cadastre_number` AS `property_cadastre_number`,`p`.`id_user_consortium` AS `id_user_consortium`,`p`.`property_observations` AS `property_observations`,`p`.`property_archived` AS `property_archived`,`p`.`creation_date` AS `creation_date`,`p`.`modificaction_date` AS `modificaction_date`,`p`.`deletion_date` AS `deletion_date`,`o`.`id_user_owner` AS `id_user_owner`,`o`.`ownership_date_start` AS `ownership_date_start`,`o`.`ownership_administrative_rate` AS `ownership_administrative_rate`,`ou`.`user_name` AS `owner_user_name`,`ou`.`user_lastname` AS `owner_user_lastname`,`ou`.`user_address` AS `owner_user_address`,`ou`.`user_email` AS `owner_user_email`,`ou`.`user_phone` AS `owner_user_phone`,`ou`.`user_picture` AS `owner_user_picture`,`cs`.`user_name` AS `consortium_user_name`,`cs`.`user_lastname` AS `consortium_user_lastname`,`cs`.`user_address` AS `consortium_user_address`,`cs`.`user_email` AS `consortium_user_email`,`cs`.`user_phone` AS `consortium_user_phone`,`cs`.`user_picture` AS `consortium_user_picture`,`t`.`user_name` AS `tenant_user_name`,`t`.`user_lastname` AS `tenant_user_lastname`,`t`.`user_address` AS `tenant_user_address`,`t`.`user_email` AS `tenant_user_email`,`t`.`user_phone` AS `tenant_user_phone`,`t`.`user_picture` AS `tenant_user_picture`,`c`.`id_contract` AS `id_contract`,`c`.`id_user_tenant` AS `id_user_tenant`,`c`.`contract_date_start` AS `contract_date_start`,`c`.`contract_date_end` AS `contract_date_end`,`c`.`contract_rent_price` AS `contract_rent_price`,`c`.`contract_interest` AS `contract_interest`,`c`.`contract_tenant_attachments` AS `contract_tenant_attachments`,`c`.`contract_gas_check` AS `contract_gas_check`,`c`.`contract_electricity_check` AS `contract_electricity_check`,`c`.`contract_expenses_check` AS `contract_expenses_check`,`c`.`contract_commission` AS `contract_commission`,`c`.`contract_expenses_attachments` AS `contract_expenses_attachments`,`c`.`contract_payday_limit` AS `contract_payday_limit`,`c`.`contract_observations` AS `contract_observations`,`b`.`id_bonification` AS `id_bonification`,`b`.`bonification_name` AS `bonification_name`,`b`.`bonification_rate` AS `bonification_rate`,`b`.`bonification_date_start` AS `bonification_date_start`,`b`.`bonification_date_end` AS `bonification_date_end`,`b`.`bonification_observations` AS `bonification_observations`,(sum(if((`rd`.`account_id_user_issuer` = `t`.`id_user`),`rd`.`detail_ammount`,0)) - sum(if((`rd`.`account_id_user_receiver` = `t`.`id_user`),`rd`.`detail_ammount`,0))) AS `tenant_debts`,count(distinct `pm`.`id_maintenance`) AS `_count_maintenances` from ((((((((`properties` `p` left join `ownerships` `o` on(((`o`.`id_property` = `p`.`id_property`) and (now() > `o`.`ownership_date_start`) and isnull(`o`.`ownership_date_end`)))) left join `users` `ou` on((`ou`.`id_user` = `o`.`id_user_owner`))) left join `users` `cs` on((`cs`.`id_user` = `p`.`id_user_consortium`))) left join `contracts` `c` on(((`c`.`id_property` = `p`.`id_property`) and (`c`.`contract_voided` = 0) and (now() between `c`.`contract_date_start` and `c`.`contract_date_end`)))) left join `contract_bonifications` `b` on(((`b`.`id_contract` = `c`.`id_contract`) and (now() between `b`.`bonification_date_start` and `b`.`bonification_date_end`)))) left join `users` `t` on((`t`.`id_user` = `c`.`id_user_tenant`))) left join `property_maintenances` `pm` on(((`pm`.`id_property` = `p`.`id_property`) and (`pm`.`maintenance_completed` = 0)))) left join `vw_receipt_details` `rd` on(((`rd`.`account_id_user_issuer` = `t`.`id_user`) or (`rd`.`account_id_user_receiver` = `t`.`id_user`)))) group by `p`.`id_property` ;

-- --------------------------------------------------------

--
-- Estructura para la vista `vw_property_expenses`
--
DROP TABLE IF EXISTS `vw_property_expenses`;

CREATE ALGORITHM=UNDEFINED DEFINER=`root`@`localhost` SQL SECURITY DEFINER VIEW `vw_property_expenses`  AS  select `pe`.`id_property_expense` AS `id_property_expense`,`pe`.`id_property` AS `id_property`,`pe`.`id_expense` AS `id_expense`,`pe`.`expense_identification` AS `expense_identification`,`pe`.`expense_payable` AS `expense_payable`,`pe`.`expense_chargeable` AS `expense_chargeable`,`pe`.`expense_checkable` AS `expense_checkable`,`pe`.`expense_periodicity` AS `expense_periodicity`,`pe`.`expense_date_start` AS `expense_date_start`,`pe`.`expense_observations` AS `expense_observations`,`pe`.`creation_date` AS `creation_date`,`pe`.`modification_date` AS `modification_date`,`pe`.`deletion_date` AS `deletion_date`,`e`.`id_expense_type` AS `id_expense_type`,`e`.`expense_name` AS `expense_name`,`e`.`expense_description` AS `expense_description`,`e`.`expense_website` AS `expense_website`,`et`.`type_name` AS `type_name`,`et`.`type_description` AS `type_description`,`vp`.`property_name` AS `property_name`,`vp`.`id_user_owner` AS `id_user_owner`,`vp`.`ownership_date_start` AS `ownership_date_start`,`vp`.`owner_user_name` AS `owner_user_name`,`vp`.`owner_user_lastname` AS `owner_user_lastname`,`vp`.`owner_user_address` AS `owner_user_address`,`vp`.`owner_user_email` AS `owner_user_email`,`vp`.`owner_user_phone` AS `owner_user_phone`,`vp`.`owner_user_picture` AS `owner_user_picture`,`vp`.`consortium_user_name` AS `consortium_user_name`,`vp`.`consortium_user_lastname` AS `consortium_user_lastname`,`vp`.`consortium_user_address` AS `consortium_user_address`,`vp`.`consortium_user_email` AS `consortium_user_email`,`vp`.`consortium_user_phone` AS `consortium_user_phone`,`vp`.`consortium_user_picture` AS `consortium_user_picture`,`vp`.`tenant_user_name` AS `tenant_user_name`,`vp`.`tenant_user_lastname` AS `tenant_user_lastname`,`vp`.`tenant_user_address` AS `tenant_user_address`,`vp`.`tenant_user_email` AS `tenant_user_email`,`vp`.`tenant_user_phone` AS `tenant_user_phone`,`vp`.`tenant_user_picture` AS `tenant_user_picture`,`vp`.`id_contract` AS `id_contract`,`vp`.`id_user_tenant` AS `id_user_tenant`,`vp`.`contract_date_start` AS `contract_date_start`,`vp`.`contract_date_end` AS `contract_date_end`,`vp`.`contract_rent_price` AS `contract_rent_price`,`vp`.`contract_interest` AS `contract_interest`,`vp`.`contract_tenant_attachments` AS `contract_tenant_attachments`,`vp`.`contract_gas_check` AS `contract_gas_check`,`vp`.`contract_electricity_check` AS `contract_electricity_check`,`vp`.`contract_commission` AS `contract_commission`,`vp`.`contract_expenses_check` AS `contract_expenses_check`,`vp`.`contract_expenses_attachments` AS `contract_expenses_attachments`,`vp`.`contract_payday_limit` AS `contract_payday_limit`,`vp`.`contract_observations` AS `contract_observations` from (((`property_expenses` `pe` left join `expenses` `e` on((`e`.`id_expense` = `pe`.`id_expense`))) left join `expense_types` `et` on((`et`.`id_expense_type` = `e`.`id_expense_type`))) left join `vw_properties` `vp` on((`vp`.`id_property` = `pe`.`id_property`))) group by `pe`.`id_property_expense` ;

-- --------------------------------------------------------

--
-- Estructura para la vista `vw_receipt_attachemts`
--
DROP TABLE IF EXISTS `vw_receipt_attachemts`;

CREATE ALGORITHM=UNDEFINED DEFINER=`root`@`localhost` SQL SECURITY DEFINER VIEW `vw_receipt_attachemts`  AS  select `p`.`period_code` AS `period_code`,`rd`.`id_period` AS `id_period`,`rd`.`id_property` AS `id_property`,`rd`.`detail_description` AS `description`,`rd`.`detail_attachments` AS `attachments` from (`receipt_details` `rd` left join `_periods` `p` on((`p`.`id_period` = `rd`.`id_period`))) where (nullif(`rd`.`detail_attachments`,' ') is not null) union select `p`.`period_code` AS `period_code`,`p`.`id_period` AS `id_period`,`pm`.`id_property` AS `id_property`,`pm`.`maintenance_name` AS `description`,`pmq`.`quote_attachments` AS `attachments` from ((`property_maintenance_quotes` `pmq` left join `property_maintenances` `pm` on((`pm`.`id_maintenance` = `pmq`.`id_maintenance`))) left join `_periods` `p` on(((`p`.`period_year` = year(`pm`.`creation_date`)) and (`p`.`period_month` = month(`pm`.`creation_date`))))) where (nullif(`pmq`.`quote_attachments`,' ') is not null) ;

-- --------------------------------------------------------

--
-- Estructura para la vista `vw_receipt_details`
--
DROP TABLE IF EXISTS `vw_receipt_details`;

CREATE ALGORITHM=UNDEFINED DEFINER=`root`@`localhost` SQL SECURITY DEFINER VIEW `vw_receipt_details`  AS  select `rd`.`id_receipt_detail` AS `id_receipt_detail`,`rd`.`id_receipt` AS `id_receipt`,`rd`.`id_expense_type` AS `id_expense_type`,`rd`.`id_period` AS `id_period`,`rd`.`id_property` AS `id_property`,`rd`.`detail_description` AS `detail_description`,`rd`.`detail_info` AS `detail_info`,`rd`.`detail_ammount` AS `detail_ammount`,`rd`.`id_issuing_account` AS `id_issuing_account`,`rd`.`id_receiving_account` AS `id_receiving_account`,`rd`.`detail_concept` AS `detail_concept`,`rd`.`detail_observations` AS `detail_observations`,`rd`.`detail_expire_date` AS `detail_expire_date`,`rd`.`detail_interest_since` AS `detail_interest_since`,`rd`.`detail_interest_rate` AS `detail_interest_rate`,`rd`.`detail_original_ammount` AS `detail_original_ammount`,`rd`.`detail_attachments` AS `detail_attachments`,`rd`.`detail_custom` AS `detail_custom`,`rd`.`detail_id_user_modifier` AS `detail_id_user_modifier`,`rd`.`detail_id_detail_sibling` AS `detail_id_detail_sibling`,`rd`.`creation_date` AS `creation_date`,`rd`.`modification_date` AS `modification_date`,`rd`.`_checked` AS `_checked`,`rs`.`detail_attachments` AS `sibling_receipt_attachments`,`p`.`period_year` AS `period_year`,`p`.`period_month` AS `period_month`,`p`.`period_code` AS `period_code`,`r`.`receipt_date` AS `receipt_date`,`r`.`id_user_issuer` AS `id_user_issuer`,`r`.`id_user_receiver` AS `id_user_receiver`,`r`.`receipt_payed` AS `receipt_payed`,`r`.`receipt_pay_date` AS `receipt_pay_date`,`r`.`receipt_voided` AS `receipt_voided`,`r`.`receipt_description` AS `receipt_description`,`r`.`receipt_observations` AS `receipt_observations`,`r`.`receipt_attachments` AS `receipt_attachments`,`et`.`type_name` AS `type_name`,`et`.`type_description` AS `type_description`,`et`.`type_order` AS `type_order`,`aci`.`id_user_owner` AS `account_id_user_issuer`,`aci`.`account_name` AS `account_name_issuer`,`acr`.`id_user_owner` AS `account_id_user_receiver`,`acr`.`account_name` AS `account_name_receiver`,if(((`r`.`receipt_payed` > 0) and (`r`.`receipt_voided` = 0)),1,0) AS `_payed` from ((((((`receipt_details` `rd` left join `_periods` `p` on((`p`.`id_period` = `rd`.`id_period`))) left join `expense_types` `et` on((`et`.`id_expense_type` = `rd`.`id_expense_type`))) left join `receipts` `r` on((`r`.`id_receipt` = `rd`.`id_receipt`))) left join `accounts` `acr` on((`acr`.`id_account` = `rd`.`id_receiving_account`))) left join `accounts` `aci` on((`aci`.`id_account` = `rd`.`id_issuing_account`))) left join `receipt_details` `rs` on((`rs`.`id_receipt_detail` = `rd`.`detail_id_detail_sibling`))) order by `et`.`type_order` ;

-- --------------------------------------------------------

--
-- Estructura para la vista `vw_transactions`
--
DROP TABLE IF EXISTS `vw_transactions`;

CREATE ALGORITHM=UNDEFINED DEFINER=`root`@`localhost` SQL SECURITY DEFINER VIEW `vw_transactions`  AS  select `t`.`id_transaction` AS `id_transaction`,`t`.`id_account` AS `id_account`,`t`.`transaction_ammount` AS `transaction_ammount`,`t`.`transaction_id` AS `transaction_id`,`t`.`transaction_date` AS `transaction_date`,`t`.`id_user` AS `id_user`,`t`.`transaction_observations` AS `transaction_observations`,`t`.`transaction_type` AS `transaction_type`,`rd`.`id_receipt_detail` AS `id_receipt_detail`,`rd`.`id_receipt` AS `id_receipt`,`rd`.`id_expense_type` AS `id_expense_type`,`rd`.`id_period` AS `id_period`,`rd`.`id_property` AS `id_property`,`rd`.`detail_description` AS `detail_description`,`rd`.`detail_info` AS `detail_info`,`rd`.`detail_ammount` AS `detail_ammount`,`rd`.`id_issuing_account` AS `id_issuing_account`,`rd`.`id_receiving_account` AS `id_receiving_account`,`rd`.`detail_concept` AS `detail_concept`,`rd`.`detail_observations` AS `detail_observations`,`rd`.`detail_expire_date` AS `detail_expire_date`,`rd`.`detail_interest_since` AS `detail_interest_since`,`rd`.`detail_interest_rate` AS `detail_interest_rate`,`rd`.`detail_original_ammount` AS `detail_original_ammount`,`rd`.`detail_attachments` AS `detail_attachments`,`rd`.`detail_custom` AS `detail_custom`,`rd`.`detail_id_user_modifier` AS `detail_id_user_modifier`,`rd`.`detail_id_detail_sibling` AS `detail_id_detail_sibling`,`rd`.`creation_date` AS `creation_date`,`rd`.`modification_date` AS `modification_date`,`rd`.`_checked` AS `_checked`,`rd`.`sibling_receipt_attachments` AS `sibling_receipt_attachments`,`rd`.`period_year` AS `period_year`,`rd`.`period_month` AS `period_month`,`rd`.`period_code` AS `period_code`,`rd`.`receipt_date` AS `receipt_date`,`rd`.`id_user_issuer` AS `id_user_issuer`,`rd`.`id_user_receiver` AS `id_user_receiver`,`rd`.`receipt_payed` AS `receipt_payed`,`rd`.`receipt_pay_date` AS `receipt_pay_date`,`rd`.`receipt_voided` AS `receipt_voided`,`rd`.`receipt_description` AS `receipt_description`,`rd`.`receipt_observations` AS `receipt_observations`,`rd`.`receipt_attachments` AS `receipt_attachments`,`rd`.`type_name` AS `type_name`,`rd`.`type_description` AS `type_description`,`rd`.`type_order` AS `type_order`,`rd`.`account_id_user_issuer` AS `account_id_user_issuer`,`rd`.`account_name_issuer` AS `account_name_issuer`,`rd`.`account_id_user_receiver` AS `account_id_user_receiver`,`rd`.`account_name_receiver` AS `account_name_receiver`,`rd`.`_payed` AS `_payed` from (`account_transactions` `t` left join `vw_receipt_details` `rd` on((`rd`.`id_receipt_detail` = `t`.`id_receipt_detail`))) ;

--
-- Índices para tablas volcadas
--

--
-- Indices de la tabla `accounts`
--
ALTER TABLE `accounts`
  ADD PRIMARY KEY (`id_account`);

--
-- Indices de la tabla `account_transactions`
--
ALTER TABLE `account_transactions`
  ADD PRIMARY KEY (`id_transaction`),
  ADD KEY `transaction_originant_idx` (`id_receipt_detail`),
  ADD KEY `transaction_account_idx` (`id_account`),
  ADD KEY `transaction_user_idx` (`id_user`);

--
-- Indices de la tabla `app_configurations`
--
ALTER TABLE `app_configurations`
  ADD PRIMARY KEY (`id_configuration`),
  ADD KEY `cfg_search` (`config_scope`,`config_item`);

--
-- Indices de la tabla `contracts`
--
ALTER TABLE `contracts`
  ADD PRIMARY KEY (`id_contract`),
  ADD KEY `inmueble_idx` (`id_property`),
  ADD KEY `contract_tenant_idx` (`id_user_tenant`);

--
-- Indices de la tabla `contract_bonifications`
--
ALTER TABLE `contract_bonifications`
  ADD PRIMARY KEY (`id_bonification`),
  ADD KEY `bonificaciones_contrato_idx` (`id_contract`);

--
-- Indices de la tabla `contract_guarantors`
--
ALTER TABLE `contract_guarantors`
  ADD PRIMARY KEY (`id_guarantor`),
  ADD KEY `relaciones_contrato_idx` (`id_contract`),
  ADD KEY `relaciones_usuario_idx` (`id_user_guarantor`);

--
-- Indices de la tabla `expenses`
--
ALTER TABLE `expenses`
  ADD PRIMARY KEY (`id_expense`),
  ADD KEY `expense_type` (`id_expense_type`);

--
-- Indices de la tabla `expense_types`
--
ALTER TABLE `expense_types`
  ADD PRIMARY KEY (`id_expense_type`);

--
-- Indices de la tabla `files`
--
ALTER TABLE `files`
  ADD PRIMARY KEY (`id_file`);

--
-- Indices de la tabla `ownerships`
--
ALTER TABLE `ownerships`
  ADD PRIMARY KEY (`id_ownership`),
  ADD KEY `propiedades_inmuebles_idx` (`id_property`),
  ADD KEY `ownerships_users_idx` (`id_user_owner`);

--
-- Indices de la tabla `properties`
--
ALTER TABLE `properties`
  ADD PRIMARY KEY (`id_property`),
  ADD KEY `property_consortium_idx` (`id_user_consortium`);

--
-- Indices de la tabla `property_expenses`
--
ALTER TABLE `property_expenses`
  ADD PRIMARY KEY (`id_property_expense`),
  ADD KEY `gastosinmuebles_gastos_idx` (`id_property`),
  ADD KEY `property_expenses_expense_idx` (`id_expense`);

--
-- Indices de la tabla `property_maintenances`
--
ALTER TABLE `property_maintenances`
  ADD PRIMARY KEY (`id_maintenance`),
  ADD KEY `mantenimiento_inmueble_idx` (`id_property`);

--
-- Indices de la tabla `property_maintenance_quotes`
--
ALTER TABLE `property_maintenance_quotes`
  ADD PRIMARY KEY (`id_maintenance_quote`),
  ADD KEY `quote_maintenance_idx` (`id_maintenance`),
  ADD KEY `quote_professional_idx` (`id_user_professional`);

--
-- Indices de la tabla `receipts`
--
ALTER TABLE `receipts`
  ADD PRIMARY KEY (`id_receipt`);

--
-- Indices de la tabla `receipt_details`
--
ALTER TABLE `receipt_details`
  ADD PRIMARY KEY (`id_receipt_detail`),
  ADD KEY `recipt_detail_recipt_idx` (`id_receipt`),
  ADD KEY `receipt_detail_period_idx` (`id_period`);

--
-- Indices de la tabla `roles`
--
ALTER TABLE `roles`
  ADD PRIMARY KEY (`id_role`);

--
-- Indices de la tabla `roles_permissions`
--
ALTER TABLE `roles_permissions`
  ADD PRIMARY KEY (`id_permission`),
  ADD KEY `permissions_roles_idx` (`id_role`),
  ADD KEY `permission` (`id_role`,`permission_group`,`permission_item`);

--
-- Indices de la tabla `system_updates`
--
ALTER TABLE `system_updates`
  ADD PRIMARY KEY (`id_update`);

--
-- Indices de la tabla `users`
--
ALTER TABLE `users`
  ADD PRIMARY KEY (`id_user`),
  ADD UNIQUE KEY `user_email_UNIQUE` (`user_email`),
  ADD KEY `users_roles_idx` (`id_role`);
ALTER TABLE `users` ADD FULLTEXT KEY `login_index` (`user_email`,`user_password`);

--
-- Indices de la tabla `users_notifications`
--
ALTER TABLE `users_notifications`
  ADD PRIMARY KEY (`id_notification`),
  ADD KEY `notification_user_idx` (`id_user`),
  ADD KEY `notif_token` (`id_user`,`notif_token`),
  ADD KEY `notif_readed` (`notif_readed`);

--
-- Indices de la tabla `users_settings`
--
ALTER TABLE `users_settings`
  ADD PRIMARY KEY (`id_setting`),
  ADD KEY `setting_user_idx` (`id_user`),
  ADD KEY `setting_name` (`id_user`,`setting_item`);

--
-- Indices de la tabla `_periods`
--
ALTER TABLE `_periods`
  ADD PRIMARY KEY (`id_period`);

--
-- AUTO_INCREMENT de las tablas volcadas
--

--
-- AUTO_INCREMENT de la tabla `accounts`
--
ALTER TABLE `accounts`
  MODIFY `id_account` int(10) UNSIGNED NOT NULL AUTO_INCREMENT, AUTO_INCREMENT=60;
--
-- AUTO_INCREMENT de la tabla `account_transactions`
--
ALTER TABLE `account_transactions`
  MODIFY `id_transaction` int(10) UNSIGNED NOT NULL AUTO_INCREMENT, AUTO_INCREMENT=720;
--
-- AUTO_INCREMENT de la tabla `app_configurations`
--
ALTER TABLE `app_configurations`
  MODIFY `id_configuration` int(10) UNSIGNED NOT NULL AUTO_INCREMENT;
--
-- AUTO_INCREMENT de la tabla `contracts`
--
ALTER TABLE `contracts`
  MODIFY `id_contract` int(10) UNSIGNED NOT NULL AUTO_INCREMENT, AUTO_INCREMENT=37;
--
-- AUTO_INCREMENT de la tabla `contract_bonifications`
--
ALTER TABLE `contract_bonifications`
  MODIFY `id_bonification` int(10) UNSIGNED NOT NULL AUTO_INCREMENT, AUTO_INCREMENT=132;
--
-- AUTO_INCREMENT de la tabla `contract_guarantors`
--
ALTER TABLE `contract_guarantors`
  MODIFY `id_guarantor` int(10) UNSIGNED NOT NULL AUTO_INCREMENT, AUTO_INCREMENT=83;
--
-- AUTO_INCREMENT de la tabla `expenses`
--
ALTER TABLE `expenses`
  MODIFY `id_expense` int(10) UNSIGNED NOT NULL AUTO_INCREMENT, AUTO_INCREMENT=20;
--
-- AUTO_INCREMENT de la tabla `expense_types`
--
ALTER TABLE `expense_types`
  MODIFY `id_expense_type` int(10) UNSIGNED NOT NULL AUTO_INCREMENT, AUTO_INCREMENT=8;
--
-- AUTO_INCREMENT de la tabla `files`
--
ALTER TABLE `files`
  MODIFY `id_file` int(10) UNSIGNED NOT NULL AUTO_INCREMENT, AUTO_INCREMENT=3;
--
-- AUTO_INCREMENT de la tabla `ownerships`
--
ALTER TABLE `ownerships`
  MODIFY `id_ownership` int(10) UNSIGNED NOT NULL AUTO_INCREMENT, AUTO_INCREMENT=65;
--
-- AUTO_INCREMENT de la tabla `properties`
--
ALTER TABLE `properties`
  MODIFY `id_property` int(10) UNSIGNED NOT NULL AUTO_INCREMENT, AUTO_INCREMENT=42;
--
-- AUTO_INCREMENT de la tabla `property_expenses`
--
ALTER TABLE `property_expenses`
  MODIFY `id_property_expense` int(10) UNSIGNED NOT NULL AUTO_INCREMENT, AUTO_INCREMENT=121;
--
-- AUTO_INCREMENT de la tabla `property_maintenances`
--
ALTER TABLE `property_maintenances`
  MODIFY `id_maintenance` int(10) UNSIGNED NOT NULL AUTO_INCREMENT, AUTO_INCREMENT=2;
--
-- AUTO_INCREMENT de la tabla `property_maintenance_quotes`
--
ALTER TABLE `property_maintenance_quotes`
  MODIFY `id_maintenance_quote` int(10) UNSIGNED NOT NULL AUTO_INCREMENT, AUTO_INCREMENT=2;
--
-- AUTO_INCREMENT de la tabla `receipts`
--
ALTER TABLE `receipts`
  MODIFY `id_receipt` int(10) UNSIGNED NOT NULL AUTO_INCREMENT, AUTO_INCREMENT=31;
--
-- AUTO_INCREMENT de la tabla `receipt_details`
--
ALTER TABLE `receipt_details`
  MODIFY `id_receipt_detail` int(10) UNSIGNED NOT NULL AUTO_INCREMENT, AUTO_INCREMENT=1242;
--
-- AUTO_INCREMENT de la tabla `roles`
--
ALTER TABLE `roles`
  MODIFY `id_role` int(10) UNSIGNED NOT NULL AUTO_INCREMENT, AUTO_INCREMENT=9;
--
-- AUTO_INCREMENT de la tabla `roles_permissions`
--
ALTER TABLE `roles_permissions`
  MODIFY `id_permission` int(10) UNSIGNED NOT NULL AUTO_INCREMENT, AUTO_INCREMENT=118;
--
-- AUTO_INCREMENT de la tabla `system_updates`
--
ALTER TABLE `system_updates`
  MODIFY `id_update` int(10) UNSIGNED NOT NULL AUTO_INCREMENT, AUTO_INCREMENT=2;
--
-- AUTO_INCREMENT de la tabla `users`
--
ALTER TABLE `users`
  MODIFY `id_user` int(10) UNSIGNED NOT NULL AUTO_INCREMENT, AUTO_INCREMENT=160;
--
-- AUTO_INCREMENT de la tabla `users_notifications`
--
ALTER TABLE `users_notifications`
  MODIFY `id_notification` int(10) UNSIGNED NOT NULL AUTO_INCREMENT;
--
-- AUTO_INCREMENT de la tabla `users_settings`
--
ALTER TABLE `users_settings`
  MODIFY `id_setting` int(10) UNSIGNED NOT NULL AUTO_INCREMENT;
--
-- AUTO_INCREMENT de la tabla `_periods`
--
ALTER TABLE `_periods`
  MODIFY `id_period` int(10) UNSIGNED NOT NULL AUTO_INCREMENT, AUTO_INCREMENT=7;
--
-- Restricciones para tablas volcadas
--

--
-- Filtros para la tabla `account_transactions`
--
ALTER TABLE `account_transactions`
  ADD CONSTRAINT `transaction_account` FOREIGN KEY (`id_account`) REFERENCES `accounts` (`id_account`) ON DELETE CASCADE ON UPDATE CASCADE,
  ADD CONSTRAINT `transaction_originant` FOREIGN KEY (`id_receipt_detail`) REFERENCES `receipt_details` (`id_receipt_detail`) ON DELETE SET NULL ON UPDATE CASCADE,
  ADD CONSTRAINT `transaction_user` FOREIGN KEY (`id_user`) REFERENCES `users` (`id_user`) ON DELETE SET NULL ON UPDATE CASCADE;

--
-- Filtros para la tabla `contracts`
--
ALTER TABLE `contracts`
  ADD CONSTRAINT `contract_property` FOREIGN KEY (`id_property`) REFERENCES `properties` (`id_property`) ON UPDATE CASCADE,
  ADD CONSTRAINT `contract_tenant` FOREIGN KEY (`id_user_tenant`) REFERENCES `users` (`id_user`) ON UPDATE CASCADE;

--
-- Filtros para la tabla `contract_bonifications`
--
ALTER TABLE `contract_bonifications`
  ADD CONSTRAINT `bonification_contract` FOREIGN KEY (`id_contract`) REFERENCES `contracts` (`id_contract`) ON DELETE CASCADE ON UPDATE CASCADE;

--
-- Filtros para la tabla `contract_guarantors`
--
ALTER TABLE `contract_guarantors`
  ADD CONSTRAINT `guarantor_contract` FOREIGN KEY (`id_contract`) REFERENCES `contracts` (`id_contract`) ON DELETE CASCADE ON UPDATE CASCADE,
  ADD CONSTRAINT `guarantor_user` FOREIGN KEY (`id_user_guarantor`) REFERENCES `users` (`id_user`) ON UPDATE CASCADE;

--
-- Filtros para la tabla `expenses`
--
ALTER TABLE `expenses`
  ADD CONSTRAINT `expense_type` FOREIGN KEY (`id_expense_type`) REFERENCES `expense_types` (`id_expense_type`) ON DELETE NO ACTION ON UPDATE NO ACTION;

--
-- Filtros para la tabla `ownerships`
--
ALTER TABLE `ownerships`
  ADD CONSTRAINT `ownerships_property` FOREIGN KEY (`id_property`) REFERENCES `properties` (`id_property`) ON DELETE CASCADE ON UPDATE CASCADE,
  ADD CONSTRAINT `ownerships_users_owner` FOREIGN KEY (`id_user_owner`) REFERENCES `users` (`id_user`) ON DELETE CASCADE ON UPDATE CASCADE;

--
-- Filtros para la tabla `properties`
--
ALTER TABLE `properties`
  ADD CONSTRAINT `property_consortium` FOREIGN KEY (`id_user_consortium`) REFERENCES `users` (`id_user`) ON UPDATE CASCADE;

--
-- Filtros para la tabla `property_expenses`
--
ALTER TABLE `property_expenses`
  ADD CONSTRAINT `property_expenses_expense` FOREIGN KEY (`id_expense`) REFERENCES `expenses` (`id_expense`) ON DELETE CASCADE ON UPDATE CASCADE,
  ADD CONSTRAINT `property_expenses_property` FOREIGN KEY (`id_property`) REFERENCES `properties` (`id_property`) ON DELETE CASCADE ON UPDATE CASCADE;

--
-- Filtros para la tabla `property_maintenances`
--
ALTER TABLE `property_maintenances`
  ADD CONSTRAINT `maintenance_property` FOREIGN KEY (`id_property`) REFERENCES `properties` (`id_property`) ON UPDATE CASCADE;

--
-- Filtros para la tabla `property_maintenance_quotes`
--
ALTER TABLE `property_maintenance_quotes`
  ADD CONSTRAINT `quote_maintenance` FOREIGN KEY (`id_maintenance`) REFERENCES `property_maintenances` (`id_maintenance`) ON DELETE CASCADE ON UPDATE CASCADE,
  ADD CONSTRAINT `quote_professional` FOREIGN KEY (`id_user_professional`) REFERENCES `users` (`id_user`) ON UPDATE CASCADE;

--
-- Filtros para la tabla `receipt_details`
--
ALTER TABLE `receipt_details`
  ADD CONSTRAINT `receipt_detail_period` FOREIGN KEY (`id_period`) REFERENCES `_periods` (`id_period`) ON DELETE CASCADE ON UPDATE CASCADE,
  ADD CONSTRAINT `receipt_detail_recipt` FOREIGN KEY (`id_receipt`) REFERENCES `receipts` (`id_receipt`) ON DELETE SET NULL ON UPDATE CASCADE;

--
-- Filtros para la tabla `roles_permissions`
--
ALTER TABLE `roles_permissions`
  ADD CONSTRAINT `permissions_roles` FOREIGN KEY (`id_role`) REFERENCES `roles` (`id_role`) ON DELETE CASCADE ON UPDATE CASCADE;

--
-- Filtros para la tabla `users`
--
ALTER TABLE `users`
  ADD CONSTRAINT `users_roles` FOREIGN KEY (`id_role`) REFERENCES `roles` (`id_role`) ON UPDATE CASCADE;

--
-- Filtros para la tabla `users_notifications`
--
ALTER TABLE `users_notifications`
  ADD CONSTRAINT `notification_user` FOREIGN KEY (`id_user`) REFERENCES `users` (`id_user`) ON DELETE CASCADE ON UPDATE CASCADE;

--
-- Filtros para la tabla `users_settings`
--
ALTER TABLE `users_settings`
  ADD CONSTRAINT `setting_user` FOREIGN KEY (`id_user`) REFERENCES `users` (`id_user`) ON DELETE CASCADE ON UPDATE CASCADE;

/*!40101 SET CHARACTER_SET_CLIENT=@OLD_CHARACTER_SET_CLIENT */;
/*!40101 SET CHARACTER_SET_RESULTS=@OLD_CHARACTER_SET_RESULTS */;
/*!40101 SET COLLATION_CONNECTION=@OLD_COLLATION_CONNECTION */;
